x,y,z,type,volume,cycle entry,custom:GFP,custom:sample
-0.625,-9.2844,0,Nucleo
-0.545,-9.2844,0,Nucleo
-0.465,-9.2844,0,Nucleo
-0.385,-9.2844,0,Nucleo
-0.305,-9.2844,0,Nucleo
-0.225,-9.2844,0,Nucleo
-0.145,-9.2844,0,Nucleo
-0.065,-9.2844,0,Nucleo
0.015,-9.2844,0,Nucleo
0.095,-9.2844,0,Nucleo
0.175,-9.2844,0,Nucleo
0.255,-9.2844,0,Nucleo
0.335,-9.2844,0,Nucleo
0.415,-9.2844,0,Nucleo
0.495,-9.2844,0,Nucleo
0.575,-9.2844,0,Nucleo
0.655,-9.2844,0,Nucleo
-0.905,-9.2151,0,Nucleo
-0.825,-9.2151,0,Nucleo
-0.745,-9.2151,0,Nucleo
-0.665,-9.2151,0,Nucleo
-0.585,-9.2151,0,Nucleo
-0.505,-9.2151,0,Nucleo
-0.425,-9.2151,0,Nucleo
-0.345,-9.2151,0,Nucleo
-0.265,-9.2151,0,Nucleo
-0.185,-9.2151,0,Nucleo
-0.105,-9.2151,0,Nucleo
-0.025,-9.2151,0,Nucleo
0.055,-9.2151,0,Nucleo
0.135,-9.2151,0,Nucleo
0.215,-9.2151,0,Nucleo
0.295,-9.2151,0,Nucleo
0.375,-9.2151,0,Nucleo
0.455,-9.2151,0,Nucleo
0.535,-9.2151,0,Nucleo
0.615,-9.2151,0,Nucleo
0.695,-9.2151,0,Nucleo
0.775,-9.2151,0,Nucleo
0.855,-9.2151,0,Nucleo
0.935,-9.2151,0,Nucleo
-1.105,-9.1458,0,Nucleo
-1.025,-9.1458,0,Nucleo
-0.945,-9.1458,0,Nucleo
-0.865,-9.1458,0,Nucleo
-0.785,-9.1458,0,Nucleo
-0.705,-9.1458,0,Nucleo
-0.625,-9.1458,0,Nucleo
-0.545,-9.1458,0,Nucleo
-0.465,-9.1458,0,Nucleo
-0.385,-9.1458,0,Nucleo
-0.305,-9.1458,0,Nucleo
-0.225,-9.1458,0,Nucleo
-0.145,-9.1458,0,Nucleo
-0.065,-9.1458,0,Nucleo
0.015,-9.1458,0,Nucleo
0.095,-9.1458,0,Nucleo
0.175,-9.1458,0,Nucleo
0.255,-9.1458,0,Nucleo
0.335,-9.1458,0,Nucleo
0.415,-9.1458,0,Nucleo
0.495,-9.1458,0,Nucleo
0.575,-9.1458,0,Nucleo
0.655,-9.1458,0,Nucleo
0.735,-9.1458,0,Nucleo
0.815,-9.1458,0,Nucleo
0.895,-9.1458,0,Nucleo
0.975,-9.1458,0,Nucleo
1.055,-9.1458,0,Nucleo
1.135,-9.1458,0,Nucleo
-1.305,-9.0765,0,Nucleo
-1.225,-9.0765,0,Nucleo
-1.145,-9.0765,0,Nucleo
-1.065,-9.0765,0,Nucleo
-0.985,-9.0765,0,Nucleo
-0.905,-9.0765,0,Nucleo
-0.825,-9.0765,0,Nucleo
-0.745,-9.0765,0,Nucleo
-0.665,-9.0765,0,Nucleo
-0.585,-9.0765,0,Nucleo
-0.505,-9.0765,0,Nucleo
-0.425,-9.0765,0,Nucleo
-0.345,-9.0765,0,Nucleo
-0.265,-9.0765,0,Nucleo
-0.185,-9.0765,0,Nucleo
-0.105,-9.0765,0,Nucleo
-0.025,-9.0765,0,Nucleo
0.055,-9.0765,0,Nucleo
0.135,-9.0765,0,Nucleo
0.215,-9.0765,0,Nucleo
0.295,-9.0765,0,Nucleo
0.375,-9.0765,0,Nucleo
0.455,-9.0765,0,Nucleo
0.535,-9.0765,0,Nucleo
0.615,-9.0765,0,Nucleo
0.695,-9.0765,0,Nucleo
0.775,-9.0765,0,Nucleo
0.855,-9.0765,0,Nucleo
0.935,-9.0765,0,Nucleo
1.015,-9.0765,0,Nucleo
1.095,-9.0765,0,Nucleo
1.175,-9.0765,0,Nucleo
1.255,-9.0765,0,Nucleo
1.335,-9.0765,0,Nucleo
-1.505,-9.0073,0,Nucleo
-1.425,-9.0073,0,Nucleo
-1.345,-9.0073,0,Nucleo
-1.265,-9.0073,0,Nucleo
-1.185,-9.0073,0,Nucleo
-1.105,-9.0073,0,Nucleo
-1.025,-9.0073,0,Nucleo
-0.945,-9.0073,0,Nucleo
-0.865,-9.0073,0,Nucleo
-0.785,-9.0073,0,Nucleo
-0.705,-9.0073,0,Nucleo
-0.625,-9.0073,0,Nucleo
-0.545,-9.0073,0,Nucleo
-0.465,-9.0073,0,Nucleo
-0.385,-9.0073,0,Nucleo
-0.305,-9.0073,0,Nucleo
-0.225,-9.0073,0,Nucleo
-0.145,-9.0073,0,Nucleo
-0.065,-9.0073,0,Nucleo
0.015,-9.0073,0,Nucleo
0.095,-9.0073,0,Nucleo
0.175,-9.0073,0,Nucleo
0.255,-9.0073,0,Nucleo
0.335,-9.0073,0,Nucleo
0.415,-9.0073,0,Nucleo
0.495,-9.0073,0,Nucleo
0.575,-9.0073,0,Nucleo
0.655,-9.0073,0,Nucleo
0.735,-9.0073,0,Nucleo
0.815,-9.0073,0,Nucleo
0.895,-9.0073,0,Nucleo
0.975,-9.0073,0,Nucleo
1.055,-9.0073,0,Nucleo
1.135,-9.0073,0,Nucleo
1.215,-9.0073,0,Nucleo
1.295,-9.0073,0,Nucleo
1.375,-9.0073,0,Nucleo
1.455,-9.0073,0,Nucleo
-1.625,-8.938,0,Nucleo
-1.545,-8.938,0,Nucleo
-1.465,-8.938,0,Nucleo
-1.385,-8.938,0,Nucleo
-1.305,-8.938,0,Nucleo
-1.225,-8.938,0,Nucleo
-1.145,-8.938,0,Nucleo
-1.065,-8.938,0,Nucleo
-0.985,-8.938,0,Nucleo
-0.905,-8.938,0,Nucleo
-0.825,-8.938,0,Nucleo
-0.745,-8.938,0,Nucleo
-0.665,-8.938,0,Nucleo
-0.585,-8.938,0,Nucleo
-0.505,-8.938,0,Nucleo
-0.425,-8.938,0,Nucleo
-0.345,-8.938,0,Nucleo
-0.265,-8.938,0,Nucleo
-0.185,-8.938,0,Nucleo
-0.105,-8.938,0,Nucleo
-0.025,-8.938,0,Nucleo
0.055,-8.938,0,Nucleo
0.135,-8.938,0,Nucleo
0.215,-8.938,0,Nucleo
0.295,-8.938,0,Nucleo
0.375,-8.938,0,Nucleo
0.455,-8.938,0,Nucleo
0.535,-8.938,0,Nucleo
0.615,-8.938,0,Nucleo
0.695,-8.938,0,Nucleo
0.775,-8.938,0,Nucleo
0.855,-8.938,0,Nucleo
0.935,-8.938,0,Nucleo
1.015,-8.938,0,Nucleo
1.095,-8.938,0,Nucleo
1.175,-8.938,0,Nucleo
1.255,-8.938,0,Nucleo
1.335,-8.938,0,Nucleo
1.415,-8.938,0,Nucleo
1.495,-8.938,0,Nucleo
1.575,-8.938,0,Nucleo
-1.745,-8.8687,0,Nucleo
-1.665,-8.8687,0,Nucleo
-1.585,-8.8687,0,Nucleo
-1.505,-8.8687,0,Nucleo
-1.425,-8.8687,0,Nucleo
-1.345,-8.8687,0,Nucleo
-1.265,-8.8687,0,Nucleo
-1.185,-8.8687,0,Nucleo
-1.105,-8.8687,0,Nucleo
-1.025,-8.8687,0,Nucleo
-0.945,-8.8687,0,Nucleo
-0.865,-8.8687,0,Nucleo
-0.785,-8.8687,0,Nucleo
-0.705,-8.8687,0,Nucleo
-0.625,-8.8687,0,Nucleo
-0.545,-8.8687,0,Nucleo
-0.465,-8.8687,0,Nucleo
-0.385,-8.8687,0,Nucleo
-0.305,-8.8687,0,Nucleo
-0.225,-8.8687,0,Nucleo
-0.145,-8.8687,0,Nucleo
-0.065,-8.8687,0,Nucleo
0.015,-8.8687,0,Nucleo
0.095,-8.8687,0,Nucleo
0.175,-8.8687,0,Nucleo
0.255,-8.8687,0,Nucleo
0.335,-8.8687,0,Nucleo
0.415,-8.8687,0,Nucleo
0.495,-8.8687,0,Nucleo
0.575,-8.8687,0,Nucleo
0.655,-8.8687,0,Nucleo
0.735,-8.8687,0,Nucleo
0.815,-8.8687,0,Nucleo
0.895,-8.8687,0,Nucleo
0.975,-8.8687,0,Nucleo
1.055,-8.8687,0,Nucleo
1.135,-8.8687,0,Nucleo
1.215,-8.8687,0,Nucleo
1.295,-8.8687,0,Nucleo
1.375,-8.8687,0,Nucleo
1.455,-8.8687,0,Nucleo
1.535,-8.8687,0,Nucleo
1.615,-8.8687,0,Nucleo
1.695,-8.8687,0,Nucleo
-1.865,-8.7994,0,Nucleo
-1.785,-8.7994,0,Nucleo
-1.705,-8.7994,0,Nucleo
-1.625,-8.7994,0,Nucleo
-1.545,-8.7994,0,Nucleo
-1.465,-8.7994,0,Nucleo
-1.385,-8.7994,0,Nucleo
-1.305,-8.7994,0,Nucleo
-1.225,-8.7994,0,Nucleo
-1.145,-8.7994,0,Nucleo
-1.065,-8.7994,0,Nucleo
-0.985,-8.7994,0,Nucleo
-0.905,-8.7994,0,Nucleo
-0.825,-8.7994,0,Nucleo
-0.745,-8.7994,0,Nucleo
-0.665,-8.7994,0,Nucleo
-0.585,-8.7994,0,Nucleo
-0.505,-8.7994,0,Nucleo
-0.425,-8.7994,0,Nucleo
-0.345,-8.7994,0,Nucleo
-0.265,-8.7994,0,Nucleo
-0.185,-8.7994,0,Nucleo
-0.105,-8.7994,0,Nucleo
-0.025,-8.7994,0,Nucleo
0.055,-8.7994,0,Nucleo
0.135,-8.7994,0,Nucleo
0.215,-8.7994,0,Nucleo
0.295,-8.7994,0,Nucleo
0.375,-8.7994,0,Nucleo
0.455,-8.7994,0,Nucleo
0.535,-8.7994,0,Nucleo
0.615,-8.7994,0,Nucleo
0.695,-8.7994,0,Nucleo
0.775,-8.7994,0,Nucleo
0.855,-8.7994,0,Nucleo
0.935,-8.7994,0,Nucleo
1.015,-8.7994,0,Nucleo
1.095,-8.7994,0,Nucleo
1.175,-8.7994,0,Nucleo
1.255,-8.7994,0,Nucleo
1.335,-8.7994,0,Nucleo
1.415,-8.7994,0,Nucleo
1.495,-8.7994,0,Nucleo
1.575,-8.7994,0,Nucleo
1.655,-8.7994,0,Nucleo
1.735,-8.7994,0,Nucleo
1.815,-8.7994,0,Nucleo
-1.985,-8.7301,0,Nucleo
-1.905,-8.7301,0,Nucleo
-1.825,-8.7301,0,Nucleo
-1.745,-8.7301,0,Nucleo
-1.665,-8.7301,0,Nucleo
-1.585,-8.7301,0,Nucleo
-1.505,-8.7301,0,Nucleo
-1.425,-8.7301,0,Nucleo
-1.345,-8.7301,0,Nucleo
-1.265,-8.7301,0,Nucleo
-1.185,-8.7301,0,Nucleo
-1.105,-8.7301,0,Nucleo
-1.025,-8.7301,0,Nucleo
-0.945,-8.7301,0,Nucleo
-0.865,-8.7301,0,Nucleo
-0.785,-8.7301,0,Nucleo
-0.705,-8.7301,0,Nucleo
-0.625,-8.7301,0,Nucleo
-0.545,-8.7301,0,Nucleo
-0.465,-8.7301,0,Nucleo
-0.385,-8.7301,0,Nucleo
-0.305,-8.7301,0,Nucleo
-0.225,-8.7301,0,Nucleo
-0.145,-8.7301,0,Nucleo
-0.065,-8.7301,0,Nucleo
0.015,-8.7301,0,Nucleo
0.095,-8.7301,0,Nucleo
0.175,-8.7301,0,Nucleo
0.255,-8.7301,0,Nucleo
0.335,-8.7301,0,Nucleo
0.415,-8.7301,0,Nucleo
0.495,-8.7301,0,Nucleo
0.575,-8.7301,0,Nucleo
0.655,-8.7301,0,Nucleo
0.735,-8.7301,0,Nucleo
0.815,-8.7301,0,Nucleo
0.895,-8.7301,0,Nucleo
0.975,-8.7301,0,Nucleo
1.055,-8.7301,0,Nucleo
1.135,-8.7301,0,Nucleo
1.215,-8.7301,0,Nucleo
1.295,-8.7301,0,Nucleo
1.375,-8.7301,0,Nucleo
1.455,-8.7301,0,Nucleo
1.535,-8.7301,0,Nucleo
1.615,-8.7301,0,Nucleo
1.695,-8.7301,0,Nucleo
1.775,-8.7301,0,Nucleo
1.855,-8.7301,0,Nucleo
1.935,-8.7301,0,Nucleo
-2.025,-8.6608,0,Nucleo
-1.945,-8.6608,0,Nucleo
-1.865,-8.6608,0,Nucleo
-1.785,-8.6608,0,Nucleo
-1.705,-8.6608,0,Nucleo
-1.625,-8.6608,0,Nucleo
-1.545,-8.6608,0,Nucleo
-1.465,-8.6608,0,Nucleo
-1.385,-8.6608,0,Nucleo
-1.305,-8.6608,0,Nucleo
-1.225,-8.6608,0,Nucleo
-1.145,-8.6608,0,Nucleo
-1.065,-8.6608,0,Nucleo
-0.985,-8.6608,0,Nucleo
-0.905,-8.6608,0,Nucleo
-0.825,-8.6608,0,Nucleo
-0.745,-8.6608,0,Nucleo
-0.665,-8.6608,0,Nucleo
-0.585,-8.6608,0,Nucleo
-0.505,-8.6608,0,Nucleo
-0.425,-8.6608,0,Nucleo
-0.345,-8.6608,0,Nucleo
-0.265,-8.6608,0,Nucleo
-0.185,-8.6608,0,Nucleo
-0.105,-8.6608,0,Nucleo
-0.025,-8.6608,0,Nucleo
0.055,-8.6608,0,Nucleo
0.135,-8.6608,0,Nucleo
0.215,-8.6608,0,Nucleo
0.295,-8.6608,0,Nucleo
0.375,-8.6608,0,Nucleo
0.455,-8.6608,0,Nucleo
0.535,-8.6608,0,Nucleo
0.615,-8.6608,0,Nucleo
0.695,-8.6608,0,Nucleo
0.775,-8.6608,0,Nucleo
0.855,-8.6608,0,Nucleo
0.935,-8.6608,0,Nucleo
1.015,-8.6608,0,Nucleo
1.095,-8.6608,0,Nucleo
1.175,-8.6608,0,Nucleo
1.255,-8.6608,0,Nucleo
1.335,-8.6608,0,Nucleo
1.415,-8.6608,0,Nucleo
1.495,-8.6608,0,Nucleo
1.575,-8.6608,0,Nucleo
1.655,-8.6608,0,Nucleo
1.735,-8.6608,0,Nucleo
1.815,-8.6608,0,Nucleo
1.895,-8.6608,0,Nucleo
1.975,-8.6608,0,Nucleo
2.055,-8.6608,0,Nucleo
-2.145,-8.5916,0,Nucleo
-2.065,-8.5916,0,Nucleo
-1.985,-8.5916,0,Nucleo
-1.905,-8.5916,0,Nucleo
-1.825,-8.5916,0,Nucleo
-1.745,-8.5916,0,Nucleo
-1.665,-8.5916,0,Nucleo
-1.585,-8.5916,0,Nucleo
-1.505,-8.5916,0,Nucleo
-1.425,-8.5916,0,Nucleo
-1.345,-8.5916,0,Nucleo
-1.265,-8.5916,0,Nucleo
-1.185,-8.5916,0,Nucleo
-1.105,-8.5916,0,Nucleo
-1.025,-8.5916,0,Nucleo
-0.945,-8.5916,0,Nucleo
-0.865,-8.5916,0,Nucleo
-0.785,-8.5916,0,Nucleo
-0.705,-8.5916,0,Nucleo
-0.625,-8.5916,0,Nucleo
-0.545,-8.5916,0,Nucleo
-0.465,-8.5916,0,Nucleo
-0.385,-8.5916,0,Nucleo
-0.305,-8.5916,0,Nucleo
-0.225,-8.5916,0,Nucleo
-0.145,-8.5916,0,Nucleo
-0.065,-8.5916,0,Nucleo
0.015,-8.5916,0,Nucleo
0.095,-8.5916,0,Nucleo
0.175,-8.5916,0,Nucleo
0.255,-8.5916,0,Nucleo
0.335,-8.5916,0,Nucleo
0.415,-8.5916,0,Nucleo
0.495,-8.5916,0,Nucleo
0.575,-8.5916,0,Nucleo
0.655,-8.5916,0,Nucleo
0.735,-8.5916,0,Nucleo
0.815,-8.5916,0,Nucleo
0.895,-8.5916,0,Nucleo
0.975,-8.5916,0,Nucleo
1.055,-8.5916,0,Nucleo
1.135,-8.5916,0,Nucleo
1.215,-8.5916,0,Nucleo
1.295,-8.5916,0,Nucleo
1.375,-8.5916,0,Nucleo
1.455,-8.5916,0,Nucleo
1.535,-8.5916,0,Nucleo
1.615,-8.5916,0,Nucleo
1.695,-8.5916,0,Nucleo
1.775,-8.5916,0,Nucleo
1.855,-8.5916,0,Nucleo
1.935,-8.5916,0,Nucleo
2.015,-8.5916,0,Nucleo
2.095,-8.5916,0,Nucleo
2.175,-8.5916,0,Nucleo
-2.185,-8.5223,0,Nucleo
-2.105,-8.5223,0,Nucleo
-2.025,-8.5223,0,Nucleo
-1.945,-8.5223,0,Nucleo
-1.865,-8.5223,0,Nucleo
-1.785,-8.5223,0,Nucleo
-1.705,-8.5223,0,Nucleo
-1.625,-8.5223,0,Nucleo
-1.545,-8.5223,0,Nucleo
-1.465,-8.5223,0,Nucleo
-1.385,-8.5223,0,Nucleo
-1.305,-8.5223,0,Nucleo
-1.225,-8.5223,0,Nucleo
-1.145,-8.5223,0,Nucleo
-1.065,-8.5223,0,Nucleo
-0.985,-8.5223,0,Nucleo
-0.905,-8.5223,0,Nucleo
-0.825,-8.5223,0,Nucleo
-0.745,-8.5223,0,Nucleo
-0.665,-8.5223,0,Nucleo
-0.585,-8.5223,0,Nucleo
-0.505,-8.5223,0,Nucleo
-0.425,-8.5223,0,Nucleo
-0.345,-8.5223,0,Nucleo
-0.265,-8.5223,0,Nucleo
-0.185,-8.5223,0,Nucleo
-0.105,-8.5223,0,Nucleo
-0.025,-8.5223,0,Nucleo
0.055,-8.5223,0,Nucleo
0.135,-8.5223,0,Nucleo
0.215,-8.5223,0,Nucleo
0.295,-8.5223,0,Nucleo
0.375,-8.5223,0,Nucleo
0.455,-8.5223,0,Nucleo
0.535,-8.5223,0,Nucleo
0.615,-8.5223,0,Nucleo
0.695,-8.5223,0,Nucleo
0.775,-8.5223,0,Nucleo
0.855,-8.5223,0,Nucleo
0.935,-8.5223,0,Nucleo
1.015,-8.5223,0,Nucleo
1.095,-8.5223,0,Nucleo
1.175,-8.5223,0,Nucleo
1.255,-8.5223,0,Nucleo
1.335,-8.5223,0,Nucleo
1.415,-8.5223,0,Nucleo
1.495,-8.5223,0,Nucleo
1.575,-8.5223,0,Nucleo
1.655,-8.5223,0,Nucleo
1.735,-8.5223,0,Nucleo
1.815,-8.5223,0,Nucleo
1.895,-8.5223,0,Nucleo
1.975,-8.5223,0,Nucleo
2.055,-8.5223,0,Nucleo
2.135,-8.5223,0,Nucleo
2.215,-8.5223,0,Nucleo
-2.305,-8.453,0,Nucleo
-2.225,-8.453,0,Nucleo
-2.145,-8.453,0,Nucleo
-2.065,-8.453,0,Nucleo
-1.985,-8.453,0,Nucleo
-1.905,-8.453,0,Nucleo
-1.825,-8.453,0,Nucleo
-1.745,-8.453,0,Nucleo
-1.665,-8.453,0,Nucleo
-1.585,-8.453,0,Nucleo
-1.505,-8.453,0,Nucleo
-1.425,-8.453,0,Nucleo
-1.345,-8.453,0,Nucleo
-1.265,-8.453,0,Nucleo
-1.185,-8.453,0,Nucleo
-1.105,-8.453,0,Nucleo
-1.025,-8.453,0,Nucleo
-0.945,-8.453,0,Nucleo
-0.865,-8.453,0,Nucleo
-0.785,-8.453,0,Nucleo
-0.705,-8.453,0,Nucleo
-0.625,-8.453,0,Nucleo
-0.545,-8.453,0,Nucleo
-0.465,-8.453,0,Nucleo
-0.385,-8.453,0,Nucleo
-0.305,-8.453,0,Nucleo
-0.225,-8.453,0,Nucleo
-0.145,-8.453,0,Nucleo
-0.065,-8.453,0,Nucleo
0.015,-8.453,0,Nucleo
0.095,-8.453,0,Nucleo
0.175,-8.453,0,Nucleo
0.255,-8.453,0,Nucleo
0.335,-8.453,0,Nucleo
0.415,-8.453,0,Nucleo
0.495,-8.453,0,Nucleo
0.575,-8.453,0,Nucleo
0.655,-8.453,0,Nucleo
0.735,-8.453,0,Nucleo
0.815,-8.453,0,Nucleo
0.895,-8.453,0,Nucleo
0.975,-8.453,0,Nucleo
1.055,-8.453,0,Nucleo
1.135,-8.453,0,Nucleo
1.215,-8.453,0,Nucleo
1.295,-8.453,0,Nucleo
1.375,-8.453,0,Nucleo
1.455,-8.453,0,Nucleo
1.535,-8.453,0,Nucleo
1.615,-8.453,0,Nucleo
1.695,-8.453,0,Nucleo
1.775,-8.453,0,Nucleo
1.855,-8.453,0,Nucleo
1.935,-8.453,0,Nucleo
2.015,-8.453,0,Nucleo
2.095,-8.453,0,Nucleo
2.175,-8.453,0,Nucleo
2.255,-8.453,0,Nucleo
2.335,-8.453,0,Nucleo
-2.345,-8.3837,0,Nucleo
-2.265,-8.3837,0,Nucleo
-2.185,-8.3837,0,Nucleo
-2.105,-8.3837,0,Nucleo
-2.025,-8.3837,0,Nucleo
-1.945,-8.3837,0,Nucleo
-1.865,-8.3837,0,Nucleo
-1.785,-8.3837,0,Nucleo
-1.705,-8.3837,0,Nucleo
-1.625,-8.3837,0,Nucleo
-1.545,-8.3837,0,Nucleo
-1.465,-8.3837,0,Nucleo
-1.385,-8.3837,0,Nucleo
-1.305,-8.3837,0,Nucleo
-1.225,-8.3837,0,Nucleo
-1.145,-8.3837,0,Nucleo
-1.065,-8.3837,0,Nucleo
-0.985,-8.3837,0,Nucleo
-0.905,-8.3837,0,Nucleo
-0.825,-8.3837,0,Nucleo
-0.745,-8.3837,0,Nucleo
-0.665,-8.3837,0,Nucleo
-0.585,-8.3837,0,Nucleo
-0.505,-8.3837,0,Nucleo
-0.425,-8.3837,0,Nucleo
-0.345,-8.3837,0,Nucleo
-0.265,-8.3837,0,Nucleo
-0.185,-8.3837,0,Nucleo
-0.105,-8.3837,0,Nucleo
-0.025,-8.3837,0,Nucleo
0.055,-8.3837,0,Nucleo
0.135,-8.3837,0,Nucleo
0.215,-8.3837,0,Nucleo
0.295,-8.3837,0,Nucleo
0.375,-8.3837,0,Nucleo
0.455,-8.3837,0,Nucleo
0.535,-8.3837,0,Nucleo
0.615,-8.3837,0,Nucleo
0.695,-8.3837,0,Nucleo
0.775,-8.3837,0,Nucleo
0.855,-8.3837,0,Nucleo
0.935,-8.3837,0,Nucleo
1.015,-8.3837,0,Nucleo
1.095,-8.3837,0,Nucleo
1.175,-8.3837,0,Nucleo
1.255,-8.3837,0,Nucleo
1.335,-8.3837,0,Nucleo
1.415,-8.3837,0,Nucleo
1.495,-8.3837,0,Nucleo
1.575,-8.3837,0,Nucleo
1.655,-8.3837,0,Nucleo
1.735,-8.3837,0,Nucleo
1.815,-8.3837,0,Nucleo
1.895,-8.3837,0,Nucleo
1.975,-8.3837,0,Nucleo
2.055,-8.3837,0,Nucleo
2.135,-8.3837,0,Nucleo
2.215,-8.3837,0,Nucleo
2.295,-8.3837,0,Nucleo
2.375,-8.3837,0,Nucleo
-2.465,-8.3144,0,Nucleo
-2.385,-8.3144,0,Nucleo
-2.305,-8.3144,0,Nucleo
-2.225,-8.3144,0,Nucleo
-2.145,-8.3144,0,Nucleo
-2.065,-8.3144,0,Nucleo
-1.985,-8.3144,0,Nucleo
-1.905,-8.3144,0,Nucleo
-1.825,-8.3144,0,Nucleo
-1.745,-8.3144,0,Nucleo
-1.665,-8.3144,0,Nucleo
-1.585,-8.3144,0,Nucleo
-1.505,-8.3144,0,Nucleo
-1.425,-8.3144,0,Nucleo
-1.345,-8.3144,0,Nucleo
-1.265,-8.3144,0,Nucleo
-1.185,-8.3144,0,Nucleo
-1.105,-8.3144,0,Nucleo
-1.025,-8.3144,0,Nucleo
-0.945,-8.3144,0,Nucleo
-0.865,-8.3144,0,Nucleo
-0.785,-8.3144,0,Nucleo
-0.705,-8.3144,0,Nucleo
-0.625,-8.3144,0,Nucleo
-0.545,-8.3144,0,Nucleo
-0.465,-8.3144,0,Nucleo
-0.385,-8.3144,0,Nucleo
-0.305,-8.3144,0,Nucleo
-0.225,-8.3144,0,Nucleo
-0.145,-8.3144,0,Nucleo
-0.065,-8.3144,0,Nucleo
0.015,-8.3144,0,Nucleo
0.095,-8.3144,0,Nucleo
0.175,-8.3144,0,Nucleo
0.255,-8.3144,0,Nucleo
0.335,-8.3144,0,Nucleo
0.415,-8.3144,0,Nucleo
0.495,-8.3144,0,Nucleo
0.575,-8.3144,0,Nucleo
0.655,-8.3144,0,Nucleo
0.735,-8.3144,0,Nucleo
0.815,-8.3144,0,Nucleo
0.895,-8.3144,0,Nucleo
0.975,-8.3144,0,Nucleo
1.055,-8.3144,0,Nucleo
1.135,-8.3144,0,Nucleo
1.215,-8.3144,0,Nucleo
1.295,-8.3144,0,Nucleo
1.375,-8.3144,0,Nucleo
1.455,-8.3144,0,Nucleo
1.535,-8.3144,0,Nucleo
1.615,-8.3144,0,Nucleo
1.695,-8.3144,0,Nucleo
1.775,-8.3144,0,Nucleo
1.855,-8.3144,0,Nucleo
1.935,-8.3144,0,Nucleo
2.015,-8.3144,0,Nucleo
2.095,-8.3144,0,Nucleo
2.175,-8.3144,0,Nucleo
2.255,-8.3144,0,Nucleo
2.335,-8.3144,0,Nucleo
2.415,-8.3144,0,Nucleo
-2.505,-8.2452,0,Nucleo
-2.425,-8.2452,0,Nucleo
-2.345,-8.2452,0,Nucleo
-2.265,-8.2452,0,Nucleo
-2.185,-8.2452,0,Nucleo
-2.105,-8.2452,0,Nucleo
-2.025,-8.2452,0,Nucleo
-1.945,-8.2452,0,Nucleo
-1.865,-8.2452,0,Nucleo
-1.785,-8.2452,0,Nucleo
-1.705,-8.2452,0,Nucleo
-1.625,-8.2452,0,Nucleo
-1.545,-8.2452,0,Nucleo
-1.465,-8.2452,0,Nucleo
-1.385,-8.2452,0,Nucleo
-1.305,-8.2452,0,Nucleo
-1.225,-8.2452,0,Nucleo
-1.145,-8.2452,0,Nucleo
-1.065,-8.2452,0,Nucleo
-0.985,-8.2452,0,Nucleo
-0.905,-8.2452,0,Nucleo
-0.825,-8.2452,0,Nucleo
-0.745,-8.2452,0,Nucleo
-0.665,-8.2452,0,Nucleo
-0.585,-8.2452,0,Nucleo
-0.505,-8.2452,0,Nucleo
-0.425,-8.2452,0,Nucleo
-0.345,-8.2452,0,Nucleo
-0.265,-8.2452,0,Nucleo
-0.185,-8.2452,0,Nucleo
-0.105,-8.2452,0,Nucleo
-0.025,-8.2452,0,Nucleo
0.055,-8.2452,0,Nucleo
0.135,-8.2452,0,Nucleo
0.215,-8.2452,0,Nucleo
0.295,-8.2452,0,Nucleo
0.375,-8.2452,0,Nucleo
0.455,-8.2452,0,Nucleo
0.535,-8.2452,0,Nucleo
0.615,-8.2452,0,Nucleo
0.695,-8.2452,0,Nucleo
0.775,-8.2452,0,Nucleo
0.855,-8.2452,0,Nucleo
0.935,-8.2452,0,Nucleo
1.015,-8.2452,0,Nucleo
1.095,-8.2452,0,Nucleo
1.175,-8.2452,0,Nucleo
1.255,-8.2452,0,Nucleo
1.335,-8.2452,0,Nucleo
1.415,-8.2452,0,Nucleo
1.495,-8.2452,0,Nucleo
1.575,-8.2452,0,Nucleo
1.655,-8.2452,0,Nucleo
1.735,-8.2452,0,Nucleo
1.815,-8.2452,0,Nucleo
1.895,-8.2452,0,Nucleo
1.975,-8.2452,0,Nucleo
2.055,-8.2452,0,Nucleo
2.135,-8.2452,0,Nucleo
2.215,-8.2452,0,Nucleo
2.295,-8.2452,0,Nucleo
2.375,-8.2452,0,Nucleo
2.455,-8.2452,0,Nucleo
2.535,-8.2452,0,Nucleo
-2.545,-8.1759,0,Nucleo
-2.465,-8.1759,0,Nucleo
-2.385,-8.1759,0,Nucleo
-2.305,-8.1759,0,Nucleo
-2.225,-8.1759,0,Nucleo
-2.145,-8.1759,0,Nucleo
-2.065,-8.1759,0,Nucleo
-1.985,-8.1759,0,Nucleo
-1.905,-8.1759,0,Nucleo
-1.825,-8.1759,0,Nucleo
-1.745,-8.1759,0,Nucleo
-1.665,-8.1759,0,Nucleo
-1.585,-8.1759,0,Nucleo
-1.505,-8.1759,0,Nucleo
-1.425,-8.1759,0,Nucleo
-1.345,-8.1759,0,Nucleo
-1.265,-8.1759,0,Nucleo
-1.185,-8.1759,0,Nucleo
-1.105,-8.1759,0,Nucleo
-1.025,-8.1759,0,Nucleo
-0.945,-8.1759,0,Nucleo
-0.865,-8.1759,0,Nucleo
-0.785,-8.1759,0,Nucleo
-0.705,-8.1759,0,Nucleo
-0.625,-8.1759,0,Nucleo
-0.545,-8.1759,0,Nucleo
-0.465,-8.1759,0,Nucleo
-0.385,-8.1759,0,Nucleo
-0.305,-8.1759,0,Nucleo
-0.225,-8.1759,0,Nucleo
-0.145,-8.1759,0,Nucleo
-0.065,-8.1759,0,Nucleo
0.015,-8.1759,0,Nucleo
0.095,-8.1759,0,Nucleo
0.175,-8.1759,0,Nucleo
0.255,-8.1759,0,Nucleo
0.335,-8.1759,0,Nucleo
0.415,-8.1759,0,Nucleo
0.495,-8.1759,0,Nucleo
0.575,-8.1759,0,Nucleo
0.655,-8.1759,0,Nucleo
0.735,-8.1759,0,Nucleo
0.815,-8.1759,0,Nucleo
0.895,-8.1759,0,Nucleo
0.975,-8.1759,0,Nucleo
1.055,-8.1759,0,Nucleo
1.135,-8.1759,0,Nucleo
1.215,-8.1759,0,Nucleo
1.295,-8.1759,0,Nucleo
1.375,-8.1759,0,Nucleo
1.455,-8.1759,0,Nucleo
1.535,-8.1759,0,Nucleo
1.615,-8.1759,0,Nucleo
1.695,-8.1759,0,Nucleo
1.775,-8.1759,0,Nucleo
1.855,-8.1759,0,Nucleo
1.935,-8.1759,0,Nucleo
2.015,-8.1759,0,Nucleo
2.095,-8.1759,0,Nucleo
2.175,-8.1759,0,Nucleo
2.255,-8.1759,0,Nucleo
2.335,-8.1759,0,Nucleo
2.415,-8.1759,0,Nucleo
2.495,-8.1759,0,Nucleo
2.575,-8.1759,0,Nucleo
-2.665,-8.1066,0,Nucleo
-2.585,-8.1066,0,Nucleo
-2.505,-8.1066,0,Nucleo
-2.425,-8.1066,0,Nucleo
-2.345,-8.1066,0,Nucleo
-2.265,-8.1066,0,Nucleo
-2.185,-8.1066,0,Nucleo
-2.105,-8.1066,0,Nucleo
-2.025,-8.1066,0,Nucleo
-1.945,-8.1066,0,Nucleo
-1.865,-8.1066,0,Nucleo
-1.785,-8.1066,0,Nucleo
-1.705,-8.1066,0,Nucleo
-1.625,-8.1066,0,Nucleo
-1.545,-8.1066,0,Nucleo
-1.465,-8.1066,0,Nucleo
-1.385,-8.1066,0,Nucleo
-1.305,-8.1066,0,Nucleo
-1.225,-8.1066,0,Nucleo
-1.145,-8.1066,0,Nucleo
-1.065,-8.1066,0,Nucleo
-0.985,-8.1066,0,Nucleo
-0.905,-8.1066,0,Nucleo
-0.825,-8.1066,0,Nucleo
-0.745,-8.1066,0,Nucleo
-0.665,-8.1066,0,Nucleo
-0.585,-8.1066,0,Nucleo
-0.505,-8.1066,0,Nucleo
-0.425,-8.1066,0,Nucleo
-0.345,-8.1066,0,Nucleo
-0.265,-8.1066,0,Nucleo
-0.185,-8.1066,0,Nucleo
-0.105,-8.1066,0,Nucleo
-0.025,-8.1066,0,Nucleo
0.055,-8.1066,0,Nucleo
0.135,-8.1066,0,Nucleo
0.215,-8.1066,0,Nucleo
0.295,-8.1066,0,Nucleo
0.375,-8.1066,0,Nucleo
0.455,-8.1066,0,Nucleo
0.535,-8.1066,0,Nucleo
0.615,-8.1066,0,Nucleo
0.695,-8.1066,0,Nucleo
0.775,-8.1066,0,Nucleo
0.855,-8.1066,0,Nucleo
0.935,-8.1066,0,Nucleo
1.015,-8.1066,0,Nucleo
1.095,-8.1066,0,Nucleo
1.175,-8.1066,0,Nucleo
1.255,-8.1066,0,Nucleo
1.335,-8.1066,0,Nucleo
1.415,-8.1066,0,Nucleo
1.495,-8.1066,0,Nucleo
1.575,-8.1066,0,Nucleo
1.655,-8.1066,0,Nucleo
1.735,-8.1066,0,Nucleo
1.815,-8.1066,0,Nucleo
1.895,-8.1066,0,Nucleo
1.975,-8.1066,0,Nucleo
2.055,-8.1066,0,Nucleo
2.135,-8.1066,0,Nucleo
2.215,-8.1066,0,Nucleo
2.295,-8.1066,0,Nucleo
2.375,-8.1066,0,Nucleo
2.455,-8.1066,0,Nucleo
2.535,-8.1066,0,Nucleo
2.615,-8.1066,0,Nucleo
-2.705,-8.0373,0,Nucleo
-2.625,-8.0373,0,Nucleo
-2.545,-8.0373,0,Nucleo
-2.465,-8.0373,0,Nucleo
-2.385,-8.0373,0,Nucleo
-2.305,-8.0373,0,Nucleo
-2.225,-8.0373,0,Nucleo
-2.145,-8.0373,0,Nucleo
-2.065,-8.0373,0,Nucleo
-1.985,-8.0373,0,Nucleo
-1.905,-8.0373,0,Nucleo
-1.825,-8.0373,0,Nucleo
-1.745,-8.0373,0,Nucleo
-1.665,-8.0373,0,Nucleo
-1.585,-8.0373,0,Nucleo
-1.505,-8.0373,0,Nucleo
-1.425,-8.0373,0,Nucleo
-1.345,-8.0373,0,Nucleo
-1.265,-8.0373,0,Nucleo
-1.185,-8.0373,0,Nucleo
-1.105,-8.0373,0,Nucleo
-1.025,-8.0373,0,Nucleo
-0.945,-8.0373,0,Nucleo
-0.865,-8.0373,0,Nucleo
-0.785,-8.0373,0,Nucleo
-0.705,-8.0373,0,Nucleo
-0.625,-8.0373,0,Nucleo
-0.545,-8.0373,0,Nucleo
-0.465,-8.0373,0,Nucleo
-0.385,-8.0373,0,Nucleo
-0.305,-8.0373,0,Nucleo
-0.225,-8.0373,0,Nucleo
-0.145,-8.0373,0,Nucleo
-0.065,-8.0373,0,Nucleo
0.015,-8.0373,0,Nucleo
0.095,-8.0373,0,Nucleo
0.175,-8.0373,0,Nucleo
0.255,-8.0373,0,Nucleo
0.335,-8.0373,0,Nucleo
0.415,-8.0373,0,Nucleo
0.495,-8.0373,0,Nucleo
0.575,-8.0373,0,Nucleo
0.655,-8.0373,0,Nucleo
0.735,-8.0373,0,Nucleo
0.815,-8.0373,0,Nucleo
0.895,-8.0373,0,Nucleo
0.975,-8.0373,0,Nucleo
1.055,-8.0373,0,Nucleo
1.135,-8.0373,0,Nucleo
1.215,-8.0373,0,Nucleo
1.295,-8.0373,0,Nucleo
1.375,-8.0373,0,Nucleo
1.455,-8.0373,0,Nucleo
1.535,-8.0373,0,Nucleo
1.615,-8.0373,0,Nucleo
1.695,-8.0373,0,Nucleo
1.775,-8.0373,0,Nucleo
1.855,-8.0373,0,Nucleo
1.935,-8.0373,0,Nucleo
2.015,-8.0373,0,Nucleo
2.095,-8.0373,0,Nucleo
2.175,-8.0373,0,Nucleo
2.255,-8.0373,0,Nucleo
2.335,-8.0373,0,Nucleo
2.415,-8.0373,0,Nucleo
2.495,-8.0373,0,Nucleo
2.575,-8.0373,0,Nucleo
2.655,-8.0373,0,Nucleo
-2.745,-7.968,0,Nucleo
-2.665,-7.968,0,Nucleo
-2.585,-7.968,0,Nucleo
-2.505,-7.968,0,Nucleo
-2.425,-7.968,0,Nucleo
-2.345,-7.968,0,Nucleo
-2.265,-7.968,0,Nucleo
-2.185,-7.968,0,Nucleo
-2.105,-7.968,0,Nucleo
-2.025,-7.968,0,Nucleo
-1.945,-7.968,0,Nucleo
-1.865,-7.968,0,Nucleo
-1.785,-7.968,0,Nucleo
-1.705,-7.968,0,Nucleo
-1.625,-7.968,0,Nucleo
-1.545,-7.968,0,Nucleo
-1.465,-7.968,0,Nucleo
-1.385,-7.968,0,Nucleo
-1.305,-7.968,0,Nucleo
-1.225,-7.968,0,Nucleo
-1.145,-7.968,0,Nucleo
-1.065,-7.968,0,Nucleo
-0.985,-7.968,0,Nucleo
-0.905,-7.968,0,Nucleo
-0.825,-7.968,0,Nucleo
-0.745,-7.968,0,Nucleo
-0.665,-7.968,0,Nucleo
-0.585,-7.968,0,Nucleo
-0.505,-7.968,0,Nucleo
-0.425,-7.968,0,Nucleo
-0.345,-7.968,0,Nucleo
-0.265,-7.968,0,Nucleo
-0.185,-7.968,0,Nucleo
-0.105,-7.968,0,Nucleo
-0.025,-7.968,0,Nucleo
0.055,-7.968,0,Nucleo
0.135,-7.968,0,Nucleo
0.215,-7.968,0,Nucleo
0.295,-7.968,0,Nucleo
0.375,-7.968,0,Nucleo
0.455,-7.968,0,Nucleo
0.535,-7.968,0,Nucleo
0.615,-7.968,0,Nucleo
0.695,-7.968,0,Nucleo
0.775,-7.968,0,Nucleo
0.855,-7.968,0,Nucleo
0.935,-7.968,0,Nucleo
1.015,-7.968,0,Nucleo
1.095,-7.968,0,Nucleo
1.175,-7.968,0,Nucleo
1.255,-7.968,0,Nucleo
1.335,-7.968,0,Nucleo
1.415,-7.968,0,Nucleo
1.495,-7.968,0,Nucleo
1.575,-7.968,0,Nucleo
1.655,-7.968,0,Nucleo
1.735,-7.968,0,Nucleo
1.815,-7.968,0,Nucleo
1.895,-7.968,0,Nucleo
1.975,-7.968,0,Nucleo
2.055,-7.968,0,Nucleo
2.135,-7.968,0,Nucleo
2.215,-7.968,0,Nucleo
2.295,-7.968,0,Nucleo
2.375,-7.968,0,Nucleo
2.455,-7.968,0,Nucleo
2.535,-7.968,0,Nucleo
2.615,-7.968,0,Nucleo
2.695,-7.968,0,Nucleo
2.775,-7.968,0,Nucleo
-2.785,-7.8987,0,Nucleo
-2.705,-7.8987,0,Nucleo
-2.625,-7.8987,0,Nucleo
-2.545,-7.8987,0,Nucleo
-2.465,-7.8987,0,Nucleo
-2.385,-7.8987,0,Nucleo
-2.305,-7.8987,0,Nucleo
-2.225,-7.8987,0,Nucleo
-2.145,-7.8987,0,Nucleo
-2.065,-7.8987,0,Nucleo
-1.985,-7.8987,0,Nucleo
-1.905,-7.8987,0,Nucleo
-1.825,-7.8987,0,Nucleo
-1.745,-7.8987,0,Nucleo
-1.665,-7.8987,0,Nucleo
-1.585,-7.8987,0,Nucleo
-1.505,-7.8987,0,Nucleo
-1.425,-7.8987,0,Nucleo
-1.345,-7.8987,0,Nucleo
-1.265,-7.8987,0,Nucleo
-1.185,-7.8987,0,Nucleo
-1.105,-7.8987,0,Nucleo
-1.025,-7.8987,0,Nucleo
-0.945,-7.8987,0,Nucleo
-0.865,-7.8987,0,Nucleo
-0.785,-7.8987,0,Nucleo
-0.705,-7.8987,0,Nucleo
-0.625,-7.8987,0,Nucleo
-0.545,-7.8987,0,Nucleo
-0.465,-7.8987,0,Nucleo
-0.385,-7.8987,0,Nucleo
-0.305,-7.8987,0,Nucleo
-0.225,-7.8987,0,Nucleo
-0.145,-7.8987,0,Nucleo
-0.065,-7.8987,0,Nucleo
0.015,-7.8987,0,Nucleo
0.095,-7.8987,0,Nucleo
0.175,-7.8987,0,Nucleo
0.255,-7.8987,0,Nucleo
0.335,-7.8987,0,Nucleo
0.415,-7.8987,0,Nucleo
0.495,-7.8987,0,Nucleo
0.575,-7.8987,0,Nucleo
0.655,-7.8987,0,Nucleo
0.735,-7.8987,0,Nucleo
0.815,-7.8987,0,Nucleo
0.895,-7.8987,0,Nucleo
0.975,-7.8987,0,Nucleo
1.055,-7.8987,0,Nucleo
1.135,-7.8987,0,Nucleo
1.215,-7.8987,0,Nucleo
1.295,-7.8987,0,Nucleo
1.375,-7.8987,0,Nucleo
1.455,-7.8987,0,Nucleo
1.535,-7.8987,0,Nucleo
1.615,-7.8987,0,Nucleo
1.695,-7.8987,0,Nucleo
1.775,-7.8987,0,Nucleo
1.855,-7.8987,0,Nucleo
1.935,-7.8987,0,Nucleo
2.015,-7.8987,0,Nucleo
2.095,-7.8987,0,Nucleo
2.175,-7.8987,0,Nucleo
2.255,-7.8987,0,Nucleo
2.335,-7.8987,0,Nucleo
2.415,-7.8987,0,Nucleo
2.495,-7.8987,0,Nucleo
2.575,-7.8987,0,Nucleo
2.655,-7.8987,0,Nucleo
2.735,-7.8987,0,Nucleo
2.815,-7.8987,0,Nucleo
-2.825,-7.8295,0,Nucleo
-2.745,-7.8295,0,Nucleo
-2.665,-7.8295,0,Nucleo
-2.585,-7.8295,0,Nucleo
-2.505,-7.8295,0,Nucleo
-2.425,-7.8295,0,Nucleo
-2.345,-7.8295,0,Nucleo
-2.265,-7.8295,0,Nucleo
-2.185,-7.8295,0,Nucleo
-2.105,-7.8295,0,Nucleo
-2.025,-7.8295,0,Nucleo
-1.945,-7.8295,0,Nucleo
-1.865,-7.8295,0,Nucleo
-1.785,-7.8295,0,Nucleo
-1.705,-7.8295,0,Nucleo
-1.625,-7.8295,0,Nucleo
-1.545,-7.8295,0,Nucleo
-1.465,-7.8295,0,Nucleo
-1.385,-7.8295,0,Nucleo
-1.305,-7.8295,0,Nucleo
-1.225,-7.8295,0,Nucleo
-1.145,-7.8295,0,Nucleo
-1.065,-7.8295,0,Nucleo
-0.985,-7.8295,0,Nucleo
-0.905,-7.8295,0,Nucleo
-0.825,-7.8295,0,Nucleo
-0.745,-7.8295,0,Nucleo
-0.665,-7.8295,0,Nucleo
-0.585,-7.8295,0,Nucleo
-0.505,-7.8295,0,Nucleo
-0.425,-7.8295,0,Nucleo
-0.345,-7.8295,0,Nucleo
-0.265,-7.8295,0,Nucleo
-0.185,-7.8295,0,Nucleo
-0.105,-7.8295,0,Nucleo
-0.025,-7.8295,0,Nucleo
0.055,-7.8295,0,Nucleo
0.135,-7.8295,0,Nucleo
0.215,-7.8295,0,Nucleo
0.295,-7.8295,0,Nucleo
0.375,-7.8295,0,Nucleo
0.455,-7.8295,0,Nucleo
0.535,-7.8295,0,Nucleo
0.615,-7.8295,0,Nucleo
0.695,-7.8295,0,Nucleo
0.775,-7.8295,0,Nucleo
0.855,-7.8295,0,Nucleo
0.935,-7.8295,0,Nucleo
1.015,-7.8295,0,Nucleo
1.095,-7.8295,0,Nucleo
1.175,-7.8295,0,Nucleo
1.255,-7.8295,0,Nucleo
1.335,-7.8295,0,Nucleo
1.415,-7.8295,0,Nucleo
1.495,-7.8295,0,Nucleo
1.575,-7.8295,0,Nucleo
1.655,-7.8295,0,Nucleo
1.735,-7.8295,0,Nucleo
1.815,-7.8295,0,Nucleo
1.895,-7.8295,0,Nucleo
1.975,-7.8295,0,Nucleo
2.055,-7.8295,0,Nucleo
2.135,-7.8295,0,Nucleo
2.215,-7.8295,0,Nucleo
2.295,-7.8295,0,Nucleo
2.375,-7.8295,0,Nucleo
2.455,-7.8295,0,Nucleo
2.535,-7.8295,0,Nucleo
2.615,-7.8295,0,Nucleo
2.695,-7.8295,0,Nucleo
2.775,-7.8295,0,Nucleo
2.855,-7.8295,0,Nucleo
-2.865,-7.7602,0,Nucleo
-2.785,-7.7602,0,Nucleo
-2.705,-7.7602,0,Nucleo
-2.625,-7.7602,0,Nucleo
-2.545,-7.7602,0,Nucleo
-2.465,-7.7602,0,Nucleo
-2.385,-7.7602,0,Nucleo
-2.305,-7.7602,0,Nucleo
-2.225,-7.7602,0,Nucleo
-2.145,-7.7602,0,Nucleo
-2.065,-7.7602,0,Nucleo
-1.985,-7.7602,0,Nucleo
-1.905,-7.7602,0,Nucleo
-1.825,-7.7602,0,Nucleo
-1.745,-7.7602,0,Nucleo
-1.665,-7.7602,0,Nucleo
-1.585,-7.7602,0,Nucleo
-1.505,-7.7602,0,Nucleo
-1.425,-7.7602,0,Nucleo
-1.345,-7.7602,0,Nucleo
-1.265,-7.7602,0,Nucleo
-1.185,-7.7602,0,Nucleo
-1.105,-7.7602,0,Nucleo
-1.025,-7.7602,0,Nucleo
-0.945,-7.7602,0,Nucleo
-0.865,-7.7602,0,Nucleo
-0.785,-7.7602,0,Nucleo
-0.705,-7.7602,0,Nucleo
-0.625,-7.7602,0,Nucleo
-0.545,-7.7602,0,Nucleo
-0.465,-7.7602,0,Nucleo
-0.385,-7.7602,0,Nucleo
-0.305,-7.7602,0,Nucleo
-0.225,-7.7602,0,Nucleo
-0.145,-7.7602,0,Nucleo
-0.065,-7.7602,0,Nucleo
0.015,-7.7602,0,Nucleo
0.095,-7.7602,0,Nucleo
0.175,-7.7602,0,Nucleo
0.255,-7.7602,0,Nucleo
0.335,-7.7602,0,Nucleo
0.415,-7.7602,0,Nucleo
0.495,-7.7602,0,Nucleo
0.575,-7.7602,0,Nucleo
0.655,-7.7602,0,Nucleo
0.735,-7.7602,0,Nucleo
0.815,-7.7602,0,Nucleo
0.895,-7.7602,0,Nucleo
0.975,-7.7602,0,Nucleo
1.055,-7.7602,0,Nucleo
1.135,-7.7602,0,Nucleo
1.215,-7.7602,0,Nucleo
1.295,-7.7602,0,Nucleo
1.375,-7.7602,0,Nucleo
1.455,-7.7602,0,Nucleo
1.535,-7.7602,0,Nucleo
1.615,-7.7602,0,Nucleo
1.695,-7.7602,0,Nucleo
1.775,-7.7602,0,Nucleo
1.855,-7.7602,0,Nucleo
1.935,-7.7602,0,Nucleo
2.015,-7.7602,0,Nucleo
2.095,-7.7602,0,Nucleo
2.175,-7.7602,0,Nucleo
2.255,-7.7602,0,Nucleo
2.335,-7.7602,0,Nucleo
2.415,-7.7602,0,Nucleo
2.495,-7.7602,0,Nucleo
2.575,-7.7602,0,Nucleo
2.655,-7.7602,0,Nucleo
2.735,-7.7602,0,Nucleo
2.815,-7.7602,0,Nucleo
2.895,-7.7602,0,Nucleo
-2.905,-7.6909,0,Nucleo
-2.825,-7.6909,0,Nucleo
-2.745,-7.6909,0,Nucleo
-2.665,-7.6909,0,Nucleo
-2.585,-7.6909,0,Nucleo
-2.505,-7.6909,0,Nucleo
-2.425,-7.6909,0,Nucleo
-2.345,-7.6909,0,Nucleo
-2.265,-7.6909,0,Nucleo
-2.185,-7.6909,0,Nucleo
-2.105,-7.6909,0,Nucleo
-2.025,-7.6909,0,Nucleo
-1.945,-7.6909,0,Nucleo
-1.865,-7.6909,0,Nucleo
-1.785,-7.6909,0,Nucleo
-1.705,-7.6909,0,Nucleo
-1.625,-7.6909,0,Nucleo
-1.545,-7.6909,0,Nucleo
-1.465,-7.6909,0,Nucleo
-1.385,-7.6909,0,Nucleo
-1.305,-7.6909,0,Nucleo
-1.225,-7.6909,0,Nucleo
-1.145,-7.6909,0,Nucleo
-1.065,-7.6909,0,Nucleo
-0.985,-7.6909,0,Nucleo
-0.905,-7.6909,0,Nucleo
-0.825,-7.6909,0,Nucleo
-0.745,-7.6909,0,Nucleo
-0.665,-7.6909,0,Nucleo
-0.585,-7.6909,0,Nucleo
-0.505,-7.6909,0,Nucleo
-0.425,-7.6909,0,Nucleo
-0.345,-7.6909,0,Nucleo
-0.265,-7.6909,0,Nucleo
-0.185,-7.6909,0,Nucleo
-0.105,-7.6909,0,Nucleo
-0.025,-7.6909,0,Nucleo
0.055,-7.6909,0,Nucleo
0.135,-7.6909,0,Nucleo
0.215,-7.6909,0,Nucleo
0.295,-7.6909,0,Nucleo
0.375,-7.6909,0,Nucleo
0.455,-7.6909,0,Nucleo
0.535,-7.6909,0,Nucleo
0.615,-7.6909,0,Nucleo
0.695,-7.6909,0,Nucleo
0.775,-7.6909,0,Nucleo
0.855,-7.6909,0,Nucleo
0.935,-7.6909,0,Nucleo
1.015,-7.6909,0,Nucleo
1.095,-7.6909,0,Nucleo
1.175,-7.6909,0,Nucleo
1.255,-7.6909,0,Nucleo
1.335,-7.6909,0,Nucleo
1.415,-7.6909,0,Nucleo
1.495,-7.6909,0,Nucleo
1.575,-7.6909,0,Nucleo
1.655,-7.6909,0,Nucleo
1.735,-7.6909,0,Nucleo
1.815,-7.6909,0,Nucleo
1.895,-7.6909,0,Nucleo
1.975,-7.6909,0,Nucleo
2.055,-7.6909,0,Nucleo
2.135,-7.6909,0,Nucleo
2.215,-7.6909,0,Nucleo
2.295,-7.6909,0,Nucleo
2.375,-7.6909,0,Nucleo
2.455,-7.6909,0,Nucleo
2.535,-7.6909,0,Nucleo
2.615,-7.6909,0,Nucleo
2.695,-7.6909,0,Nucleo
2.775,-7.6909,0,Nucleo
2.855,-7.6909,0,Nucleo
2.935,-7.6909,0,Nucleo
-2.945,-7.6216,0,Nucleo
-2.865,-7.6216,0,Nucleo
-2.785,-7.6216,0,Nucleo
-2.705,-7.6216,0,Nucleo
-2.625,-7.6216,0,Nucleo
-2.545,-7.6216,0,Nucleo
-2.465,-7.6216,0,Nucleo
-2.385,-7.6216,0,Nucleo
-2.305,-7.6216,0,Nucleo
-2.225,-7.6216,0,Nucleo
-2.145,-7.6216,0,Nucleo
-2.065,-7.6216,0,Nucleo
-1.985,-7.6216,0,Nucleo
-1.905,-7.6216,0,Nucleo
-1.825,-7.6216,0,Nucleo
-1.745,-7.6216,0,Nucleo
-1.665,-7.6216,0,Nucleo
-1.585,-7.6216,0,Nucleo
-1.505,-7.6216,0,Nucleo
-1.425,-7.6216,0,Nucleo
-1.345,-7.6216,0,Nucleo
-1.265,-7.6216,0,Nucleo
-1.185,-7.6216,0,Nucleo
-1.105,-7.6216,0,Nucleo
-1.025,-7.6216,0,Nucleo
-0.945,-7.6216,0,Nucleo
-0.865,-7.6216,0,Nucleo
-0.785,-7.6216,0,Nucleo
-0.705,-7.6216,0,Nucleo
-0.625,-7.6216,0,Nucleo
-0.545,-7.6216,0,Nucleo
-0.465,-7.6216,0,Nucleo
-0.385,-7.6216,0,Nucleo
-0.305,-7.6216,0,Nucleo
-0.225,-7.6216,0,Nucleo
-0.145,-7.6216,0,Nucleo
-0.065,-7.6216,0,Nucleo
0.015,-7.6216,0,Nucleo
0.095,-7.6216,0,Nucleo
0.175,-7.6216,0,Nucleo
0.255,-7.6216,0,Nucleo
0.335,-7.6216,0,Nucleo
0.415,-7.6216,0,Nucleo
0.495,-7.6216,0,Nucleo
0.575,-7.6216,0,Nucleo
0.655,-7.6216,0,Nucleo
0.735,-7.6216,0,Nucleo
0.815,-7.6216,0,Nucleo
0.895,-7.6216,0,Nucleo
0.975,-7.6216,0,Nucleo
1.055,-7.6216,0,Nucleo
1.135,-7.6216,0,Nucleo
1.215,-7.6216,0,Nucleo
1.295,-7.6216,0,Nucleo
1.375,-7.6216,0,Nucleo
1.455,-7.6216,0,Nucleo
1.535,-7.6216,0,Nucleo
1.615,-7.6216,0,Nucleo
1.695,-7.6216,0,Nucleo
1.775,-7.6216,0,Nucleo
1.855,-7.6216,0,Nucleo
1.935,-7.6216,0,Nucleo
2.015,-7.6216,0,Nucleo
2.095,-7.6216,0,Nucleo
2.175,-7.6216,0,Nucleo
2.255,-7.6216,0,Nucleo
2.335,-7.6216,0,Nucleo
2.415,-7.6216,0,Nucleo
2.495,-7.6216,0,Nucleo
2.575,-7.6216,0,Nucleo
2.655,-7.6216,0,Nucleo
2.735,-7.6216,0,Nucleo
2.815,-7.6216,0,Nucleo
2.895,-7.6216,0,Nucleo
2.975,-7.6216,0,Nucleo
-2.985,-7.5523,0,Nucleo
-2.905,-7.5523,0,Nucleo
-2.825,-7.5523,0,Nucleo
-2.745,-7.5523,0,Nucleo
-2.665,-7.5523,0,Nucleo
-2.585,-7.5523,0,Nucleo
-2.505,-7.5523,0,Nucleo
-2.425,-7.5523,0,Nucleo
-2.345,-7.5523,0,Nucleo
-2.265,-7.5523,0,Nucleo
-2.185,-7.5523,0,Nucleo
-2.105,-7.5523,0,Nucleo
-2.025,-7.5523,0,Nucleo
-1.945,-7.5523,0,Nucleo
-1.865,-7.5523,0,Nucleo
-1.785,-7.5523,0,Nucleo
-1.705,-7.5523,0,Nucleo
-1.625,-7.5523,0,Nucleo
-1.545,-7.5523,0,Nucleo
-1.465,-7.5523,0,Nucleo
-1.385,-7.5523,0,Nucleo
-1.305,-7.5523,0,Nucleo
-1.225,-7.5523,0,Nucleo
-1.145,-7.5523,0,Nucleo
-1.065,-7.5523,0,Nucleo
-0.985,-7.5523,0,Nucleo
-0.905,-7.5523,0,Nucleo
-0.825,-7.5523,0,Nucleo
-0.745,-7.5523,0,Nucleo
-0.665,-7.5523,0,Nucleo
-0.585,-7.5523,0,Nucleo
-0.505,-7.5523,0,Nucleo
-0.425,-7.5523,0,Nucleo
-0.345,-7.5523,0,Nucleo
-0.265,-7.5523,0,Nucleo
-0.185,-7.5523,0,Nucleo
-0.105,-7.5523,0,Nucleo
-0.025,-7.5523,0,Nucleo
0.055,-7.5523,0,Nucleo
0.135,-7.5523,0,Nucleo
0.215,-7.5523,0,Nucleo
0.295,-7.5523,0,Nucleo
0.375,-7.5523,0,Nucleo
0.455,-7.5523,0,Nucleo
0.535,-7.5523,0,Nucleo
0.615,-7.5523,0,Nucleo
0.695,-7.5523,0,Nucleo
0.775,-7.5523,0,Nucleo
0.855,-7.5523,0,Nucleo
0.935,-7.5523,0,Nucleo
1.015,-7.5523,0,Nucleo
1.095,-7.5523,0,Nucleo
1.175,-7.5523,0,Nucleo
1.255,-7.5523,0,Nucleo
1.335,-7.5523,0,Nucleo
1.415,-7.5523,0,Nucleo
1.495,-7.5523,0,Nucleo
1.575,-7.5523,0,Nucleo
1.655,-7.5523,0,Nucleo
1.735,-7.5523,0,Nucleo
1.815,-7.5523,0,Nucleo
1.895,-7.5523,0,Nucleo
1.975,-7.5523,0,Nucleo
2.055,-7.5523,0,Nucleo
2.135,-7.5523,0,Nucleo
2.215,-7.5523,0,Nucleo
2.295,-7.5523,0,Nucleo
2.375,-7.5523,0,Nucleo
2.455,-7.5523,0,Nucleo
2.535,-7.5523,0,Nucleo
2.615,-7.5523,0,Nucleo
2.695,-7.5523,0,Nucleo
2.775,-7.5523,0,Nucleo
2.855,-7.5523,0,Nucleo
2.935,-7.5523,0,Nucleo
3.015,-7.5523,0,Nucleo
-3.025,-7.4831,0,Nucleo
-2.945,-7.4831,0,Nucleo
-2.865,-7.4831,0,Nucleo
-2.785,-7.4831,0,Nucleo
-2.705,-7.4831,0,Nucleo
-2.625,-7.4831,0,Nucleo
-2.545,-7.4831,0,Nucleo
-2.465,-7.4831,0,Nucleo
-2.385,-7.4831,0,Nucleo
-2.305,-7.4831,0,Nucleo
-2.225,-7.4831,0,Nucleo
-2.145,-7.4831,0,Nucleo
-2.065,-7.4831,0,Nucleo
-1.985,-7.4831,0,Nucleo
-1.905,-7.4831,0,Nucleo
-1.825,-7.4831,0,Nucleo
-1.745,-7.4831,0,Nucleo
-1.665,-7.4831,0,Nucleo
-1.585,-7.4831,0,Nucleo
-1.505,-7.4831,0,Nucleo
-1.425,-7.4831,0,Nucleo
-1.345,-7.4831,0,Nucleo
-1.265,-7.4831,0,Nucleo
-1.185,-7.4831,0,Nucleo
-1.105,-7.4831,0,Nucleo
-1.025,-7.4831,0,Nucleo
-0.945,-7.4831,0,Nucleo
-0.865,-7.4831,0,Nucleo
-0.785,-7.4831,0,Nucleo
-0.705,-7.4831,0,Nucleo
-0.625,-7.4831,0,Nucleo
-0.545,-7.4831,0,Nucleo
-0.465,-7.4831,0,Nucleo
-0.385,-7.4831,0,Nucleo
-0.305,-7.4831,0,Nucleo
-0.225,-7.4831,0,Nucleo
-0.145,-7.4831,0,Nucleo
-0.065,-7.4831,0,Nucleo
0.015,-7.4831,0,Nucleo
0.095,-7.4831,0,Nucleo
0.175,-7.4831,0,Nucleo
0.255,-7.4831,0,Nucleo
0.335,-7.4831,0,Nucleo
0.415,-7.4831,0,Nucleo
0.495,-7.4831,0,Nucleo
0.575,-7.4831,0,Nucleo
0.655,-7.4831,0,Nucleo
0.735,-7.4831,0,Nucleo
0.815,-7.4831,0,Nucleo
0.895,-7.4831,0,Nucleo
0.975,-7.4831,0,Nucleo
1.055,-7.4831,0,Nucleo
1.135,-7.4831,0,Nucleo
1.215,-7.4831,0,Nucleo
1.295,-7.4831,0,Nucleo
1.375,-7.4831,0,Nucleo
1.455,-7.4831,0,Nucleo
1.535,-7.4831,0,Nucleo
1.615,-7.4831,0,Nucleo
1.695,-7.4831,0,Nucleo
1.775,-7.4831,0,Nucleo
1.855,-7.4831,0,Nucleo
1.935,-7.4831,0,Nucleo
2.015,-7.4831,0,Nucleo
2.095,-7.4831,0,Nucleo
2.175,-7.4831,0,Nucleo
2.255,-7.4831,0,Nucleo
2.335,-7.4831,0,Nucleo
2.415,-7.4831,0,Nucleo
2.495,-7.4831,0,Nucleo
2.575,-7.4831,0,Nucleo
2.655,-7.4831,0,Nucleo
2.735,-7.4831,0,Nucleo
2.815,-7.4831,0,Nucleo
2.895,-7.4831,0,Nucleo
2.975,-7.4831,0,Nucleo
3.055,-7.4831,0,Nucleo
-3.065,-7.4138,0,Nucleo
-2.985,-7.4138,0,Nucleo
-2.905,-7.4138,0,Nucleo
-2.825,-7.4138,0,Nucleo
-2.745,-7.4138,0,Nucleo
-2.665,-7.4138,0,Nucleo
-2.585,-7.4138,0,Nucleo
-2.505,-7.4138,0,Nucleo
-2.425,-7.4138,0,Nucleo
-2.345,-7.4138,0,Nucleo
-2.265,-7.4138,0,Nucleo
-2.185,-7.4138,0,Nucleo
-2.105,-7.4138,0,Nucleo
-2.025,-7.4138,0,Nucleo
-1.945,-7.4138,0,Nucleo
-1.865,-7.4138,0,Nucleo
-1.785,-7.4138,0,Nucleo
-1.705,-7.4138,0,Nucleo
-1.625,-7.4138,0,Nucleo
-1.545,-7.4138,0,Nucleo
-1.465,-7.4138,0,Nucleo
-1.385,-7.4138,0,Nucleo
-1.305,-7.4138,0,Nucleo
-1.225,-7.4138,0,Nucleo
-1.145,-7.4138,0,Nucleo
-1.065,-7.4138,0,Nucleo
-0.985,-7.4138,0,Nucleo
-0.905,-7.4138,0,Nucleo
-0.825,-7.4138,0,Nucleo
-0.745,-7.4138,0,Nucleo
-0.665,-7.4138,0,Nucleo
-0.585,-7.4138,0,Nucleo
-0.505,-7.4138,0,Nucleo
-0.425,-7.4138,0,Nucleo
-0.345,-7.4138,0,Nucleo
-0.265,-7.4138,0,Nucleo
-0.185,-7.4138,0,Nucleo
-0.105,-7.4138,0,Nucleo
-0.025,-7.4138,0,Nucleo
0.055,-7.4138,0,Nucleo
0.135,-7.4138,0,Nucleo
0.215,-7.4138,0,Nucleo
0.295,-7.4138,0,Nucleo
0.375,-7.4138,0,Nucleo
0.455,-7.4138,0,Nucleo
0.535,-7.4138,0,Nucleo
0.615,-7.4138,0,Nucleo
0.695,-7.4138,0,Nucleo
0.775,-7.4138,0,Nucleo
0.855,-7.4138,0,Nucleo
0.935,-7.4138,0,Nucleo
1.015,-7.4138,0,Nucleo
1.095,-7.4138,0,Nucleo
1.175,-7.4138,0,Nucleo
1.255,-7.4138,0,Nucleo
1.335,-7.4138,0,Nucleo
1.415,-7.4138,0,Nucleo
1.495,-7.4138,0,Nucleo
1.575,-7.4138,0,Nucleo
1.655,-7.4138,0,Nucleo
1.735,-7.4138,0,Nucleo
1.815,-7.4138,0,Nucleo
1.895,-7.4138,0,Nucleo
1.975,-7.4138,0,Nucleo
2.055,-7.4138,0,Nucleo
2.135,-7.4138,0,Nucleo
2.215,-7.4138,0,Nucleo
2.295,-7.4138,0,Nucleo
2.375,-7.4138,0,Nucleo
2.455,-7.4138,0,Nucleo
2.535,-7.4138,0,Nucleo
2.615,-7.4138,0,Nucleo
2.695,-7.4138,0,Nucleo
2.775,-7.4138,0,Nucleo
2.855,-7.4138,0,Nucleo
2.935,-7.4138,0,Nucleo
3.015,-7.4138,0,Nucleo
3.095,-7.4138,0,Nucleo
-3.105,-7.3445,0,Nucleo
-3.025,-7.3445,0,Nucleo
-2.945,-7.3445,0,Nucleo
-2.865,-7.3445,0,Nucleo
-2.785,-7.3445,0,Nucleo
-2.705,-7.3445,0,Nucleo
-2.625,-7.3445,0,Nucleo
-2.545,-7.3445,0,Nucleo
-2.465,-7.3445,0,Nucleo
-2.385,-7.3445,0,Nucleo
-2.305,-7.3445,0,Nucleo
-2.225,-7.3445,0,Nucleo
-2.145,-7.3445,0,Nucleo
-2.065,-7.3445,0,Nucleo
-1.985,-7.3445,0,Nucleo
-1.905,-7.3445,0,Nucleo
-1.825,-7.3445,0,Nucleo
-1.745,-7.3445,0,Nucleo
-1.665,-7.3445,0,Nucleo
-1.585,-7.3445,0,Nucleo
-1.505,-7.3445,0,Nucleo
-1.425,-7.3445,0,Nucleo
-1.345,-7.3445,0,Nucleo
-1.265,-7.3445,0,Nucleo
-1.185,-7.3445,0,Nucleo
-1.105,-7.3445,0,Nucleo
-1.025,-7.3445,0,Nucleo
-0.945,-7.3445,0,Nucleo
-0.865,-7.3445,0,Nucleo
-0.785,-7.3445,0,Nucleo
-0.705,-7.3445,0,Nucleo
-0.625,-7.3445,0,Nucleo
-0.545,-7.3445,0,Nucleo
-0.465,-7.3445,0,Nucleo
-0.385,-7.3445,0,Nucleo
-0.305,-7.3445,0,Nucleo
-0.225,-7.3445,0,Nucleo
-0.145,-7.3445,0,Nucleo
-0.065,-7.3445,0,Nucleo
0.015,-7.3445,0,Nucleo
0.095,-7.3445,0,Nucleo
0.175,-7.3445,0,Nucleo
0.255,-7.3445,0,Nucleo
0.335,-7.3445,0,Nucleo
0.415,-7.3445,0,Nucleo
0.495,-7.3445,0,Nucleo
0.575,-7.3445,0,Nucleo
0.655,-7.3445,0,Nucleo
0.735,-7.3445,0,Nucleo
0.815,-7.3445,0,Nucleo
0.895,-7.3445,0,Nucleo
0.975,-7.3445,0,Nucleo
1.055,-7.3445,0,Nucleo
1.135,-7.3445,0,Nucleo
1.215,-7.3445,0,Nucleo
1.295,-7.3445,0,Nucleo
1.375,-7.3445,0,Nucleo
1.455,-7.3445,0,Nucleo
1.535,-7.3445,0,Nucleo
1.615,-7.3445,0,Nucleo
1.695,-7.3445,0,Nucleo
1.775,-7.3445,0,Nucleo
1.855,-7.3445,0,Nucleo
1.935,-7.3445,0,Nucleo
2.015,-7.3445,0,Nucleo
2.095,-7.3445,0,Nucleo
2.175,-7.3445,0,Nucleo
2.255,-7.3445,0,Nucleo
2.335,-7.3445,0,Nucleo
2.415,-7.3445,0,Nucleo
2.495,-7.3445,0,Nucleo
2.575,-7.3445,0,Nucleo
2.655,-7.3445,0,Nucleo
2.735,-7.3445,0,Nucleo
2.815,-7.3445,0,Nucleo
2.895,-7.3445,0,Nucleo
2.975,-7.3445,0,Nucleo
3.055,-7.3445,0,Nucleo
3.135,-7.3445,0,Nucleo
-3.145,-7.2752,0,Nucleo
-3.065,-7.2752,0,Nucleo
-2.985,-7.2752,0,Nucleo
-2.905,-7.2752,0,Nucleo
-2.825,-7.2752,0,Nucleo
-2.745,-7.2752,0,Nucleo
-2.665,-7.2752,0,Nucleo
-2.585,-7.2752,0,Nucleo
-2.505,-7.2752,0,Nucleo
-2.425,-7.2752,0,Nucleo
-2.345,-7.2752,0,Nucleo
-2.265,-7.2752,0,Nucleo
-2.185,-7.2752,0,Nucleo
-2.105,-7.2752,0,Nucleo
-2.025,-7.2752,0,Nucleo
-1.945,-7.2752,0,Nucleo
-1.865,-7.2752,0,Nucleo
-1.785,-7.2752,0,Nucleo
-1.705,-7.2752,0,Nucleo
-1.625,-7.2752,0,Nucleo
-1.545,-7.2752,0,Nucleo
-1.465,-7.2752,0,Nucleo
-1.385,-7.2752,0,Nucleo
-1.305,-7.2752,0,Nucleo
-1.225,-7.2752,0,Nucleo
-1.145,-7.2752,0,Nucleo
-1.065,-7.2752,0,Nucleo
-0.985,-7.2752,0,Nucleo
-0.905,-7.2752,0,Nucleo
-0.825,-7.2752,0,Nucleo
-0.745,-7.2752,0,Nucleo
-0.665,-7.2752,0,Nucleo
-0.585,-7.2752,0,Nucleo
-0.505,-7.2752,0,Nucleo
-0.425,-7.2752,0,Nucleo
-0.345,-7.2752,0,Nucleo
-0.265,-7.2752,0,Nucleo
-0.185,-7.2752,0,Nucleo
-0.105,-7.2752,0,Nucleo
-0.025,-7.2752,0,Nucleo
0.055,-7.2752,0,Nucleo
0.135,-7.2752,0,Nucleo
0.215,-7.2752,0,Nucleo
0.295,-7.2752,0,Nucleo
0.375,-7.2752,0,Nucleo
0.455,-7.2752,0,Nucleo
0.535,-7.2752,0,Nucleo
0.615,-7.2752,0,Nucleo
0.695,-7.2752,0,Nucleo
0.775,-7.2752,0,Nucleo
0.855,-7.2752,0,Nucleo
0.935,-7.2752,0,Nucleo
1.015,-7.2752,0,Nucleo
1.095,-7.2752,0,Nucleo
1.175,-7.2752,0,Nucleo
1.255,-7.2752,0,Nucleo
1.335,-7.2752,0,Nucleo
1.415,-7.2752,0,Nucleo
1.495,-7.2752,0,Nucleo
1.575,-7.2752,0,Nucleo
1.655,-7.2752,0,Nucleo
1.735,-7.2752,0,Nucleo
1.815,-7.2752,0,Nucleo
1.895,-7.2752,0,Nucleo
1.975,-7.2752,0,Nucleo
2.055,-7.2752,0,Nucleo
2.135,-7.2752,0,Nucleo
2.215,-7.2752,0,Nucleo
2.295,-7.2752,0,Nucleo
2.375,-7.2752,0,Nucleo
2.455,-7.2752,0,Nucleo
2.535,-7.2752,0,Nucleo
2.615,-7.2752,0,Nucleo
2.695,-7.2752,0,Nucleo
2.775,-7.2752,0,Nucleo
2.855,-7.2752,0,Nucleo
2.935,-7.2752,0,Nucleo
3.015,-7.2752,0,Nucleo
3.095,-7.2752,0,Nucleo
3.175,-7.2752,0,Nucleo
-3.185,-7.2059,0,Nucleo
-3.105,-7.2059,0,Nucleo
-3.025,-7.2059,0,Nucleo
-2.945,-7.2059,0,Nucleo
-2.865,-7.2059,0,Nucleo
-2.785,-7.2059,0,Nucleo
-2.705,-7.2059,0,Nucleo
-2.625,-7.2059,0,Nucleo
-2.545,-7.2059,0,Nucleo
-2.465,-7.2059,0,Nucleo
-2.385,-7.2059,0,Nucleo
-2.305,-7.2059,0,Nucleo
-2.225,-7.2059,0,Nucleo
-2.145,-7.2059,0,Nucleo
-2.065,-7.2059,0,Nucleo
-1.985,-7.2059,0,Nucleo
-1.905,-7.2059,0,Nucleo
-1.825,-7.2059,0,Nucleo
-1.745,-7.2059,0,Nucleo
-1.665,-7.2059,0,Nucleo
-1.585,-7.2059,0,Nucleo
-1.505,-7.2059,0,Nucleo
-1.425,-7.2059,0,Nucleo
-1.345,-7.2059,0,Nucleo
-1.265,-7.2059,0,Nucleo
-1.185,-7.2059,0,Nucleo
-1.105,-7.2059,0,Nucleo
-1.025,-7.2059,0,Nucleo
-0.945,-7.2059,0,Nucleo
-0.865,-7.2059,0,Nucleo
-0.785,-7.2059,0,Nucleo
-0.705,-7.2059,0,Nucleo
-0.625,-7.2059,0,Nucleo
-0.545,-7.2059,0,Nucleo
-0.465,-7.2059,0,Nucleo
-0.385,-7.2059,0,Nucleo
-0.305,-7.2059,0,Nucleo
-0.225,-7.2059,0,Nucleo
-0.145,-7.2059,0,Nucleo
-0.065,-7.2059,0,Nucleo
0.015,-7.2059,0,Nucleo
0.095,-7.2059,0,Nucleo
0.175,-7.2059,0,Nucleo
0.255,-7.2059,0,Nucleo
0.335,-7.2059,0,Nucleo
0.415,-7.2059,0,Nucleo
0.495,-7.2059,0,Nucleo
0.575,-7.2059,0,Nucleo
0.655,-7.2059,0,Nucleo
0.735,-7.2059,0,Nucleo
0.815,-7.2059,0,Nucleo
0.895,-7.2059,0,Nucleo
0.975,-7.2059,0,Nucleo
1.055,-7.2059,0,Nucleo
1.135,-7.2059,0,Nucleo
1.215,-7.2059,0,Nucleo
1.295,-7.2059,0,Nucleo
1.375,-7.2059,0,Nucleo
1.455,-7.2059,0,Nucleo
1.535,-7.2059,0,Nucleo
1.615,-7.2059,0,Nucleo
1.695,-7.2059,0,Nucleo
1.775,-7.2059,0,Nucleo
1.855,-7.2059,0,Nucleo
1.935,-7.2059,0,Nucleo
2.015,-7.2059,0,Nucleo
2.095,-7.2059,0,Nucleo
2.175,-7.2059,0,Nucleo
2.255,-7.2059,0,Nucleo
2.335,-7.2059,0,Nucleo
2.415,-7.2059,0,Nucleo
2.495,-7.2059,0,Nucleo
2.575,-7.2059,0,Nucleo
2.655,-7.2059,0,Nucleo
2.735,-7.2059,0,Nucleo
2.815,-7.2059,0,Nucleo
2.895,-7.2059,0,Nucleo
2.975,-7.2059,0,Nucleo
3.055,-7.2059,0,Nucleo
3.135,-7.2059,0,Nucleo
3.215,-7.2059,0,Nucleo
-3.225,-7.1366,0,Nucleo
-3.145,-7.1366,0,Nucleo
-3.065,-7.1366,0,Nucleo
-2.985,-7.1366,0,Nucleo
-2.905,-7.1366,0,Nucleo
-2.825,-7.1366,0,Nucleo
-2.745,-7.1366,0,Nucleo
-2.665,-7.1366,0,Nucleo
-2.585,-7.1366,0,Nucleo
-2.505,-7.1366,0,Nucleo
-2.425,-7.1366,0,Nucleo
-2.345,-7.1366,0,Nucleo
-2.265,-7.1366,0,Nucleo
-2.185,-7.1366,0,Nucleo
-2.105,-7.1366,0,Nucleo
-2.025,-7.1366,0,Nucleo
-1.945,-7.1366,0,Nucleo
-1.865,-7.1366,0,Nucleo
-1.785,-7.1366,0,Nucleo
-1.705,-7.1366,0,Nucleo
-1.625,-7.1366,0,Nucleo
-1.545,-7.1366,0,Nucleo
-1.465,-7.1366,0,Nucleo
-1.385,-7.1366,0,Nucleo
-1.305,-7.1366,0,Nucleo
-1.225,-7.1366,0,Nucleo
-1.145,-7.1366,0,Nucleo
-1.065,-7.1366,0,Nucleo
-0.985,-7.1366,0,Nucleo
-0.905,-7.1366,0,Nucleo
-0.825,-7.1366,0,Nucleo
-0.745,-7.1366,0,Nucleo
-0.665,-7.1366,0,Nucleo
-0.585,-7.1366,0,Nucleo
-0.505,-7.1366,0,Nucleo
-0.425,-7.1366,0,Nucleo
-0.345,-7.1366,0,Nucleo
-0.265,-7.1366,0,Nucleo
-0.185,-7.1366,0,Nucleo
-0.105,-7.1366,0,Nucleo
-0.025,-7.1366,0,Nucleo
0.055,-7.1366,0,Nucleo
0.135,-7.1366,0,Nucleo
0.215,-7.1366,0,Nucleo
0.295,-7.1366,0,Nucleo
0.375,-7.1366,0,Nucleo
0.455,-7.1366,0,Nucleo
0.535,-7.1366,0,Nucleo
0.615,-7.1366,0,Nucleo
0.695,-7.1366,0,Nucleo
0.775,-7.1366,0,Nucleo
0.855,-7.1366,0,Nucleo
0.935,-7.1366,0,Nucleo
1.015,-7.1366,0,Nucleo
1.095,-7.1366,0,Nucleo
1.175,-7.1366,0,Nucleo
1.255,-7.1366,0,Nucleo
1.335,-7.1366,0,Nucleo
1.415,-7.1366,0,Nucleo
1.495,-7.1366,0,Nucleo
1.575,-7.1366,0,Nucleo
1.655,-7.1366,0,Nucleo
1.735,-7.1366,0,Nucleo
1.815,-7.1366,0,Nucleo
1.895,-7.1366,0,Nucleo
1.975,-7.1366,0,Nucleo
2.055,-7.1366,0,Nucleo
2.135,-7.1366,0,Nucleo
2.215,-7.1366,0,Nucleo
2.295,-7.1366,0,Nucleo
2.375,-7.1366,0,Nucleo
2.455,-7.1366,0,Nucleo
2.535,-7.1366,0,Nucleo
2.615,-7.1366,0,Nucleo
2.695,-7.1366,0,Nucleo
2.775,-7.1366,0,Nucleo
2.855,-7.1366,0,Nucleo
2.935,-7.1366,0,Nucleo
3.015,-7.1366,0,Nucleo
3.095,-7.1366,0,Nucleo
3.175,-7.1366,0,Nucleo
-3.265,-7.0674,0,Nucleo
-3.185,-7.0674,0,Nucleo
-3.105,-7.0674,0,Nucleo
-3.025,-7.0674,0,Nucleo
-2.945,-7.0674,0,Nucleo
-2.865,-7.0674,0,Nucleo
-2.785,-7.0674,0,Nucleo
-2.705,-7.0674,0,Nucleo
-2.625,-7.0674,0,Nucleo
-2.545,-7.0674,0,Nucleo
-2.465,-7.0674,0,Nucleo
-2.385,-7.0674,0,Nucleo
-2.305,-7.0674,0,Nucleo
-2.225,-7.0674,0,Nucleo
-2.145,-7.0674,0,Nucleo
-2.065,-7.0674,0,Nucleo
-1.985,-7.0674,0,Nucleo
-1.905,-7.0674,0,Nucleo
-1.825,-7.0674,0,Nucleo
-1.745,-7.0674,0,Nucleo
-1.665,-7.0674,0,Nucleo
-1.585,-7.0674,0,Nucleo
-1.505,-7.0674,0,Nucleo
-1.425,-7.0674,0,Nucleo
-1.345,-7.0674,0,Nucleo
-1.265,-7.0674,0,Nucleo
-1.185,-7.0674,0,Nucleo
-1.105,-7.0674,0,Nucleo
-1.025,-7.0674,0,Nucleo
-0.945,-7.0674,0,Nucleo
-0.865,-7.0674,0,Nucleo
-0.785,-7.0674,0,Nucleo
-0.705,-7.0674,0,Nucleo
-0.625,-7.0674,0,Nucleo
-0.545,-7.0674,0,Nucleo
-0.465,-7.0674,0,Nucleo
-0.385,-7.0674,0,Nucleo
-0.305,-7.0674,0,Nucleo
-0.225,-7.0674,0,Nucleo
-0.145,-7.0674,0,Nucleo
-0.065,-7.0674,0,Nucleo
0.015,-7.0674,0,Nucleo
0.095,-7.0674,0,Nucleo
0.175,-7.0674,0,Nucleo
0.255,-7.0674,0,Nucleo
0.335,-7.0674,0,Nucleo
0.415,-7.0674,0,Nucleo
0.495,-7.0674,0,Nucleo
0.575,-7.0674,0,Nucleo
0.655,-7.0674,0,Nucleo
0.735,-7.0674,0,Nucleo
0.815,-7.0674,0,Nucleo
0.895,-7.0674,0,Nucleo
0.975,-7.0674,0,Nucleo
1.055,-7.0674,0,Nucleo
1.135,-7.0674,0,Nucleo
1.215,-7.0674,0,Nucleo
1.295,-7.0674,0,Nucleo
1.375,-7.0674,0,Nucleo
1.455,-7.0674,0,Nucleo
1.535,-7.0674,0,Nucleo
1.615,-7.0674,0,Nucleo
1.695,-7.0674,0,Nucleo
1.775,-7.0674,0,Nucleo
1.855,-7.0674,0,Nucleo
1.935,-7.0674,0,Nucleo
2.015,-7.0674,0,Nucleo
2.095,-7.0674,0,Nucleo
2.175,-7.0674,0,Nucleo
2.255,-7.0674,0,Nucleo
2.335,-7.0674,0,Nucleo
2.415,-7.0674,0,Nucleo
2.495,-7.0674,0,Nucleo
2.575,-7.0674,0,Nucleo
2.655,-7.0674,0,Nucleo
2.735,-7.0674,0,Nucleo
2.815,-7.0674,0,Nucleo
2.895,-7.0674,0,Nucleo
2.975,-7.0674,0,Nucleo
3.055,-7.0674,0,Nucleo
3.135,-7.0674,0,Nucleo
3.215,-7.0674,0,Nucleo
-3.305,-6.9981,0,Nucleo
-3.225,-6.9981,0,Nucleo
-3.145,-6.9981,0,Nucleo
-3.065,-6.9981,0,Nucleo
-2.985,-6.9981,0,Nucleo
-2.905,-6.9981,0,Nucleo
-2.825,-6.9981,0,Nucleo
-2.745,-6.9981,0,Nucleo
-2.665,-6.9981,0,Nucleo
-2.585,-6.9981,0,Nucleo
-2.505,-6.9981,0,Nucleo
-2.425,-6.9981,0,Nucleo
-2.345,-6.9981,0,Nucleo
-2.265,-6.9981,0,Nucleo
-2.185,-6.9981,0,Nucleo
-2.105,-6.9981,0,Nucleo
-2.025,-6.9981,0,Nucleo
-1.945,-6.9981,0,Nucleo
-1.865,-6.9981,0,Nucleo
-1.785,-6.9981,0,Nucleo
-1.705,-6.9981,0,Nucleo
-1.625,-6.9981,0,Nucleo
-1.545,-6.9981,0,Nucleo
-1.465,-6.9981,0,Nucleo
-1.385,-6.9981,0,Nucleo
-1.305,-6.9981,0,Nucleo
-1.225,-6.9981,0,Nucleo
-1.145,-6.9981,0,Nucleo
-1.065,-6.9981,0,Nucleo
-0.985,-6.9981,0,Nucleo
-0.905,-6.9981,0,Nucleo
-0.825,-6.9981,0,Nucleo
-0.745,-6.9981,0,Nucleo
-0.665,-6.9981,0,Nucleo
-0.585,-6.9981,0,Nucleo
-0.505,-6.9981,0,Nucleo
-0.425,-6.9981,0,Nucleo
-0.345,-6.9981,0,Nucleo
-0.265,-6.9981,0,Nucleo
-0.185,-6.9981,0,Nucleo
-0.105,-6.9981,0,Nucleo
-0.025,-6.9981,0,Nucleo
0.055,-6.9981,0,Nucleo
0.135,-6.9981,0,Nucleo
0.215,-6.9981,0,Nucleo
0.295,-6.9981,0,Nucleo
0.375,-6.9981,0,Nucleo
0.455,-6.9981,0,Nucleo
0.535,-6.9981,0,Nucleo
0.615,-6.9981,0,Nucleo
0.695,-6.9981,0,Nucleo
0.775,-6.9981,0,Nucleo
0.855,-6.9981,0,Nucleo
0.935,-6.9981,0,Nucleo
1.015,-6.9981,0,Nucleo
1.095,-6.9981,0,Nucleo
1.175,-6.9981,0,Nucleo
1.255,-6.9981,0,Nucleo
1.335,-6.9981,0,Nucleo
1.415,-6.9981,0,Nucleo
1.495,-6.9981,0,Nucleo
1.575,-6.9981,0,Nucleo
1.655,-6.9981,0,Nucleo
1.735,-6.9981,0,Nucleo
1.815,-6.9981,0,Nucleo
1.895,-6.9981,0,Nucleo
1.975,-6.9981,0,Nucleo
2.055,-6.9981,0,Nucleo
2.135,-6.9981,0,Nucleo
2.215,-6.9981,0,Nucleo
2.295,-6.9981,0,Nucleo
2.375,-6.9981,0,Nucleo
2.455,-6.9981,0,Nucleo
2.535,-6.9981,0,Nucleo
2.615,-6.9981,0,Nucleo
2.695,-6.9981,0,Nucleo
2.775,-6.9981,0,Nucleo
2.855,-6.9981,0,Nucleo
2.935,-6.9981,0,Nucleo
3.015,-6.9981,0,Nucleo
3.095,-6.9981,0,Nucleo
3.175,-6.9981,0,Nucleo
3.255,-6.9981,0,Nucleo
-3.265,-6.9288,0,Nucleo
-3.185,-6.9288,0,Nucleo
-3.105,-6.9288,0,Nucleo
-3.025,-6.9288,0,Nucleo
-2.945,-6.9288,0,Nucleo
-2.865,-6.9288,0,Nucleo
-2.785,-6.9288,0,Nucleo
-2.705,-6.9288,0,Nucleo
-2.625,-6.9288,0,Nucleo
-2.545,-6.9288,0,Nucleo
-2.465,-6.9288,0,Nucleo
-2.385,-6.9288,0,Nucleo
-2.305,-6.9288,0,Nucleo
-2.225,-6.9288,0,Nucleo
-2.145,-6.9288,0,Nucleo
-2.065,-6.9288,0,Nucleo
-1.985,-6.9288,0,Nucleo
-1.905,-6.9288,0,Nucleo
-1.825,-6.9288,0,Nucleo
-1.745,-6.9288,0,Nucleo
-1.665,-6.9288,0,Nucleo
-1.585,-6.9288,0,Nucleo
-1.505,-6.9288,0,Nucleo
-1.425,-6.9288,0,Nucleo
-1.345,-6.9288,0,Nucleo
-1.265,-6.9288,0,Nucleo
-1.185,-6.9288,0,Nucleo
-1.105,-6.9288,0,Nucleo
-1.025,-6.9288,0,Nucleo
-0.945,-6.9288,0,Nucleo
-0.865,-6.9288,0,Nucleo
-0.785,-6.9288,0,Nucleo
-0.705,-6.9288,0,Nucleo
-0.625,-6.9288,0,Nucleo
-0.545,-6.9288,0,Nucleo
-0.465,-6.9288,0,Nucleo
-0.385,-6.9288,0,Nucleo
-0.305,-6.9288,0,Nucleo
-0.225,-6.9288,0,Nucleo
-0.145,-6.9288,0,Nucleo
-0.065,-6.9288,0,Nucleo
0.015,-6.9288,0,Nucleo
0.095,-6.9288,0,Nucleo
0.175,-6.9288,0,Nucleo
0.255,-6.9288,0,Nucleo
0.335,-6.9288,0,Nucleo
0.415,-6.9288,0,Nucleo
0.495,-6.9288,0,Nucleo
0.575,-6.9288,0,Nucleo
0.655,-6.9288,0,Nucleo
0.735,-6.9288,0,Nucleo
0.815,-6.9288,0,Nucleo
0.895,-6.9288,0,Nucleo
0.975,-6.9288,0,Nucleo
1.055,-6.9288,0,Nucleo
1.135,-6.9288,0,Nucleo
1.215,-6.9288,0,Nucleo
1.295,-6.9288,0,Nucleo
1.375,-6.9288,0,Nucleo
1.455,-6.9288,0,Nucleo
1.535,-6.9288,0,Nucleo
1.615,-6.9288,0,Nucleo
1.695,-6.9288,0,Nucleo
1.775,-6.9288,0,Nucleo
1.855,-6.9288,0,Nucleo
1.935,-6.9288,0,Nucleo
2.015,-6.9288,0,Nucleo
2.095,-6.9288,0,Nucleo
2.175,-6.9288,0,Nucleo
2.255,-6.9288,0,Nucleo
2.335,-6.9288,0,Nucleo
2.415,-6.9288,0,Nucleo
2.495,-6.9288,0,Nucleo
2.575,-6.9288,0,Nucleo
2.655,-6.9288,0,Nucleo
2.735,-6.9288,0,Nucleo
2.815,-6.9288,0,Nucleo
2.895,-6.9288,0,Nucleo
2.975,-6.9288,0,Nucleo
3.055,-6.9288,0,Nucleo
3.135,-6.9288,0,Nucleo
3.215,-6.9288,0,Nucleo
3.295,-6.9288,0,Nucleo
-3.305,-6.8595,0,Nucleo
-3.225,-6.8595,0,Nucleo
-3.145,-6.8595,0,Nucleo
-3.065,-6.8595,0,Nucleo
-2.985,-6.8595,0,Nucleo
-2.905,-6.8595,0,Nucleo
-2.825,-6.8595,0,Nucleo
-2.745,-6.8595,0,Nucleo
-2.665,-6.8595,0,Nucleo
-2.585,-6.8595,0,Nucleo
-2.505,-6.8595,0,Nucleo
-2.425,-6.8595,0,Nucleo
-2.345,-6.8595,0,Nucleo
-2.265,-6.8595,0,Nucleo
-2.185,-6.8595,0,Nucleo
-2.105,-6.8595,0,Nucleo
-2.025,-6.8595,0,Nucleo
-1.945,-6.8595,0,Nucleo
-1.865,-6.8595,0,Nucleo
-1.785,-6.8595,0,Nucleo
-1.705,-6.8595,0,Nucleo
-1.625,-6.8595,0,Nucleo
-1.545,-6.8595,0,Nucleo
-1.465,-6.8595,0,Nucleo
-1.385,-6.8595,0,Nucleo
-1.305,-6.8595,0,Nucleo
-1.225,-6.8595,0,Nucleo
-1.145,-6.8595,0,Nucleo
-1.065,-6.8595,0,Nucleo
-0.985,-6.8595,0,Nucleo
-0.905,-6.8595,0,Nucleo
-0.825,-6.8595,0,Nucleo
-0.745,-6.8595,0,Nucleo
-0.665,-6.8595,0,Nucleo
-0.585,-6.8595,0,Nucleo
-0.505,-6.8595,0,Nucleo
-0.425,-6.8595,0,Nucleo
-0.345,-6.8595,0,Nucleo
-0.265,-6.8595,0,Nucleo
-0.185,-6.8595,0,Nucleo
-0.105,-6.8595,0,Nucleo
-0.025,-6.8595,0,Nucleo
0.055,-6.8595,0,Nucleo
0.135,-6.8595,0,Nucleo
0.215,-6.8595,0,Nucleo
0.295,-6.8595,0,Nucleo
0.375,-6.8595,0,Nucleo
0.455,-6.8595,0,Nucleo
0.535,-6.8595,0,Nucleo
0.615,-6.8595,0,Nucleo
0.695,-6.8595,0,Nucleo
0.775,-6.8595,0,Nucleo
0.855,-6.8595,0,Nucleo
0.935,-6.8595,0,Nucleo
1.015,-6.8595,0,Nucleo
1.095,-6.8595,0,Nucleo
1.175,-6.8595,0,Nucleo
1.255,-6.8595,0,Nucleo
1.335,-6.8595,0,Nucleo
1.415,-6.8595,0,Nucleo
1.495,-6.8595,0,Nucleo
1.575,-6.8595,0,Nucleo
1.655,-6.8595,0,Nucleo
1.735,-6.8595,0,Nucleo
1.815,-6.8595,0,Nucleo
1.895,-6.8595,0,Nucleo
1.975,-6.8595,0,Nucleo
2.055,-6.8595,0,Nucleo
2.135,-6.8595,0,Nucleo
2.215,-6.8595,0,Nucleo
2.295,-6.8595,0,Nucleo
2.375,-6.8595,0,Nucleo
2.455,-6.8595,0,Nucleo
2.535,-6.8595,0,Nucleo
2.615,-6.8595,0,Nucleo
2.695,-6.8595,0,Nucleo
2.775,-6.8595,0,Nucleo
2.855,-6.8595,0,Nucleo
2.935,-6.8595,0,Nucleo
3.015,-6.8595,0,Nucleo
3.095,-6.8595,0,Nucleo
3.175,-6.8595,0,Nucleo
3.255,-6.8595,0,Nucleo
3.335,-6.8595,0,Nucleo
-3.345,-6.7902,0,Nucleo
-3.265,-6.7902,0,Nucleo
-3.185,-6.7902,0,Nucleo
-3.105,-6.7902,0,Nucleo
-3.025,-6.7902,0,Nucleo
-2.945,-6.7902,0,Nucleo
-2.865,-6.7902,0,Nucleo
-2.785,-6.7902,0,Nucleo
-2.705,-6.7902,0,Nucleo
-2.625,-6.7902,0,Nucleo
-2.545,-6.7902,0,Nucleo
-2.465,-6.7902,0,Nucleo
-2.385,-6.7902,0,Nucleo
-2.305,-6.7902,0,Nucleo
-2.225,-6.7902,0,Nucleo
-2.145,-6.7902,0,Nucleo
-2.065,-6.7902,0,Nucleo
-1.985,-6.7902,0,Nucleo
-1.905,-6.7902,0,Nucleo
-1.825,-6.7902,0,Nucleo
-1.745,-6.7902,0,Nucleo
-1.665,-6.7902,0,Nucleo
-1.585,-6.7902,0,Nucleo
-1.505,-6.7902,0,Nucleo
-1.425,-6.7902,0,Nucleo
-1.345,-6.7902,0,Nucleo
-1.265,-6.7902,0,Nucleo
-1.185,-6.7902,0,Nucleo
-1.105,-6.7902,0,Nucleo
-1.025,-6.7902,0,Nucleo
-0.945,-6.7902,0,Nucleo
-0.865,-6.7902,0,Nucleo
-0.785,-6.7902,0,Nucleo
-0.705,-6.7902,0,Nucleo
-0.625,-6.7902,0,Nucleo
-0.545,-6.7902,0,Nucleo
-0.465,-6.7902,0,Nucleo
-0.385,-6.7902,0,Nucleo
-0.305,-6.7902,0,Nucleo
-0.225,-6.7902,0,Nucleo
-0.145,-6.7902,0,Nucleo
-0.065,-6.7902,0,Nucleo
0.015,-6.7902,0,Nucleo
0.095,-6.7902,0,Nucleo
0.175,-6.7902,0,Nucleo
0.255,-6.7902,0,Nucleo
0.335,-6.7902,0,Nucleo
0.415,-6.7902,0,Nucleo
0.495,-6.7902,0,Nucleo
0.575,-6.7902,0,Nucleo
0.655,-6.7902,0,Nucleo
0.735,-6.7902,0,Nucleo
0.815,-6.7902,0,Nucleo
0.895,-6.7902,0,Nucleo
0.975,-6.7902,0,Nucleo
1.055,-6.7902,0,Nucleo
1.135,-6.7902,0,Nucleo
1.215,-6.7902,0,Nucleo
1.295,-6.7902,0,Nucleo
1.375,-6.7902,0,Nucleo
1.455,-6.7902,0,Nucleo
1.535,-6.7902,0,Nucleo
1.615,-6.7902,0,Nucleo
1.695,-6.7902,0,Nucleo
1.775,-6.7902,0,Nucleo
1.855,-6.7902,0,Nucleo
1.935,-6.7902,0,Nucleo
2.015,-6.7902,0,Nucleo
2.095,-6.7902,0,Nucleo
2.175,-6.7902,0,Nucleo
2.255,-6.7902,0,Nucleo
2.335,-6.7902,0,Nucleo
2.415,-6.7902,0,Nucleo
2.495,-6.7902,0,Nucleo
2.575,-6.7902,0,Nucleo
2.655,-6.7902,0,Nucleo
2.735,-6.7902,0,Nucleo
2.815,-6.7902,0,Nucleo
2.895,-6.7902,0,Nucleo
2.975,-6.7902,0,Nucleo
3.055,-6.7902,0,Nucleo
3.135,-6.7902,0,Nucleo
3.215,-6.7902,0,Nucleo
3.295,-6.7902,0,Nucleo
-3.385,-6.7209,0,Nucleo
-3.305,-6.7209,0,Nucleo
-3.225,-6.7209,0,Nucleo
-3.145,-6.7209,0,Nucleo
-3.065,-6.7209,0,Nucleo
-2.985,-6.7209,0,Nucleo
-2.905,-6.7209,0,Nucleo
-2.825,-6.7209,0,Nucleo
-2.745,-6.7209,0,Nucleo
-2.665,-6.7209,0,Nucleo
-2.585,-6.7209,0,Nucleo
-2.505,-6.7209,0,Nucleo
-2.425,-6.7209,0,Nucleo
-2.345,-6.7209,0,Nucleo
-2.265,-6.7209,0,Nucleo
-2.185,-6.7209,0,Nucleo
-2.105,-6.7209,0,Nucleo
-2.025,-6.7209,0,Nucleo
-1.945,-6.7209,0,Nucleo
-1.865,-6.7209,0,Nucleo
-1.785,-6.7209,0,Nucleo
-1.705,-6.7209,0,Nucleo
-1.625,-6.7209,0,Nucleo
-1.545,-6.7209,0,Nucleo
-1.465,-6.7209,0,Nucleo
-1.385,-6.7209,0,Nucleo
-1.305,-6.7209,0,Nucleo
-1.225,-6.7209,0,Nucleo
-1.145,-6.7209,0,Nucleo
-1.065,-6.7209,0,Nucleo
-0.985,-6.7209,0,Nucleo
-0.905,-6.7209,0,Nucleo
-0.825,-6.7209,0,Nucleo
-0.745,-6.7209,0,Nucleo
-0.665,-6.7209,0,Nucleo
-0.585,-6.7209,0,Nucleo
-0.505,-6.7209,0,Nucleo
-0.425,-6.7209,0,Nucleo
-0.345,-6.7209,0,Nucleo
-0.265,-6.7209,0,Nucleo
-0.185,-6.7209,0,Nucleo
-0.105,-6.7209,0,Nucleo
-0.025,-6.7209,0,Nucleo
0.055,-6.7209,0,Nucleo
0.135,-6.7209,0,Nucleo
0.215,-6.7209,0,Nucleo
0.295,-6.7209,0,Nucleo
0.375,-6.7209,0,Nucleo
0.455,-6.7209,0,Nucleo
0.535,-6.7209,0,Nucleo
0.615,-6.7209,0,Nucleo
0.695,-6.7209,0,Nucleo
0.775,-6.7209,0,Nucleo
0.855,-6.7209,0,Nucleo
0.935,-6.7209,0,Nucleo
1.015,-6.7209,0,Nucleo
1.095,-6.7209,0,Nucleo
1.175,-6.7209,0,Nucleo
1.255,-6.7209,0,Nucleo
1.335,-6.7209,0,Nucleo
1.415,-6.7209,0,Nucleo
1.495,-6.7209,0,Nucleo
1.575,-6.7209,0,Nucleo
1.655,-6.7209,0,Nucleo
1.735,-6.7209,0,Nucleo
1.815,-6.7209,0,Nucleo
1.895,-6.7209,0,Nucleo
1.975,-6.7209,0,Nucleo
2.055,-6.7209,0,Nucleo
2.135,-6.7209,0,Nucleo
2.215,-6.7209,0,Nucleo
2.295,-6.7209,0,Nucleo
2.375,-6.7209,0,Nucleo
2.455,-6.7209,0,Nucleo
2.535,-6.7209,0,Nucleo
2.615,-6.7209,0,Nucleo
2.695,-6.7209,0,Nucleo
2.775,-6.7209,0,Nucleo
2.855,-6.7209,0,Nucleo
2.935,-6.7209,0,Nucleo
3.015,-6.7209,0,Nucleo
3.095,-6.7209,0,Nucleo
3.175,-6.7209,0,Nucleo
3.255,-6.7209,0,Nucleo
3.335,-6.7209,0,Nucleo
-3.345,-6.6517,0,Nucleo
-3.265,-6.6517,0,Nucleo
-3.185,-6.6517,0,Nucleo
-3.105,-6.6517,0,Nucleo
-3.025,-6.6517,0,Nucleo
-2.945,-6.6517,0,Nucleo
-2.865,-6.6517,0,Nucleo
-2.785,-6.6517,0,Nucleo
-2.705,-6.6517,0,Nucleo
-2.625,-6.6517,0,Nucleo
-2.545,-6.6517,0,Nucleo
-2.465,-6.6517,0,Nucleo
-2.385,-6.6517,0,Nucleo
-2.305,-6.6517,0,Nucleo
-2.225,-6.6517,0,Nucleo
-2.145,-6.6517,0,Nucleo
-2.065,-6.6517,0,Nucleo
-1.985,-6.6517,0,Nucleo
-1.905,-6.6517,0,Nucleo
-1.825,-6.6517,0,Nucleo
-1.745,-6.6517,0,Nucleo
-1.665,-6.6517,0,Nucleo
-1.585,-6.6517,0,Nucleo
-1.505,-6.6517,0,Nucleo
-1.425,-6.6517,0,Nucleo
-1.345,-6.6517,0,Nucleo
-1.265,-6.6517,0,Nucleo
-1.185,-6.6517,0,Nucleo
-1.105,-6.6517,0,Nucleo
-1.025,-6.6517,0,Nucleo
-0.945,-6.6517,0,Nucleo
-0.865,-6.6517,0,Nucleo
-0.785,-6.6517,0,Nucleo
-0.705,-6.6517,0,Nucleo
-0.625,-6.6517,0,Nucleo
-0.545,-6.6517,0,Nucleo
-0.465,-6.6517,0,Nucleo
-0.385,-6.6517,0,Nucleo
-0.305,-6.6517,0,Nucleo
-0.225,-6.6517,0,Nucleo
-0.145,-6.6517,0,Nucleo
-0.065,-6.6517,0,Nucleo
0.015,-6.6517,0,Nucleo
0.095,-6.6517,0,Nucleo
0.175,-6.6517,0,Nucleo
0.255,-6.6517,0,Nucleo
0.335,-6.6517,0,Nucleo
0.415,-6.6517,0,Nucleo
0.495,-6.6517,0,Nucleo
0.575,-6.6517,0,Nucleo
0.655,-6.6517,0,Nucleo
0.735,-6.6517,0,Nucleo
0.815,-6.6517,0,Nucleo
0.895,-6.6517,0,Nucleo
0.975,-6.6517,0,Nucleo
1.055,-6.6517,0,Nucleo
1.135,-6.6517,0,Nucleo
1.215,-6.6517,0,Nucleo
1.295,-6.6517,0,Nucleo
1.375,-6.6517,0,Nucleo
1.455,-6.6517,0,Nucleo
1.535,-6.6517,0,Nucleo
1.615,-6.6517,0,Nucleo
1.695,-6.6517,0,Nucleo
1.775,-6.6517,0,Nucleo
1.855,-6.6517,0,Nucleo
1.935,-6.6517,0,Nucleo
2.015,-6.6517,0,Nucleo
2.095,-6.6517,0,Nucleo
2.175,-6.6517,0,Nucleo
2.255,-6.6517,0,Nucleo
2.335,-6.6517,0,Nucleo
2.415,-6.6517,0,Nucleo
2.495,-6.6517,0,Nucleo
2.575,-6.6517,0,Nucleo
2.655,-6.6517,0,Nucleo
2.735,-6.6517,0,Nucleo
2.815,-6.6517,0,Nucleo
2.895,-6.6517,0,Nucleo
2.975,-6.6517,0,Nucleo
3.055,-6.6517,0,Nucleo
3.135,-6.6517,0,Nucleo
3.215,-6.6517,0,Nucleo
3.295,-6.6517,0,Nucleo
3.375,-6.6517,0,Nucleo
-3.385,-6.5824,0,Nucleo
-3.305,-6.5824,0,Nucleo
-3.225,-6.5824,0,Nucleo
-3.145,-6.5824,0,Nucleo
-3.065,-6.5824,0,Nucleo
-2.985,-6.5824,0,Nucleo
-2.905,-6.5824,0,Nucleo
-2.825,-6.5824,0,Nucleo
-2.745,-6.5824,0,Nucleo
-2.665,-6.5824,0,Nucleo
-2.585,-6.5824,0,Nucleo
-2.505,-6.5824,0,Nucleo
-2.425,-6.5824,0,Nucleo
-2.345,-6.5824,0,Nucleo
-2.265,-6.5824,0,Nucleo
-2.185,-6.5824,0,Nucleo
-2.105,-6.5824,0,Nucleo
-2.025,-6.5824,0,Nucleo
-1.945,-6.5824,0,Nucleo
-1.865,-6.5824,0,Nucleo
-1.785,-6.5824,0,Nucleo
-1.705,-6.5824,0,Nucleo
-1.625,-6.5824,0,Nucleo
-1.545,-6.5824,0,Nucleo
-1.465,-6.5824,0,Nucleo
-1.385,-6.5824,0,Nucleo
-1.305,-6.5824,0,Nucleo
-1.225,-6.5824,0,Nucleo
-1.145,-6.5824,0,Nucleo
-1.065,-6.5824,0,Nucleo
-0.985,-6.5824,0,Nucleo
-0.905,-6.5824,0,Nucleo
-0.825,-6.5824,0,Nucleo
-0.745,-6.5824,0,Nucleo
-0.665,-6.5824,0,Nucleo
-0.585,-6.5824,0,Nucleo
-0.505,-6.5824,0,Nucleo
-0.425,-6.5824,0,Nucleo
-0.345,-6.5824,0,Nucleo
-0.265,-6.5824,0,Nucleo
-0.185,-6.5824,0,Nucleo
-0.105,-6.5824,0,Nucleo
-0.025,-6.5824,0,Nucleo
0.055,-6.5824,0,Nucleo
0.135,-6.5824,0,Nucleo
0.215,-6.5824,0,Nucleo
0.295,-6.5824,0,Nucleo
0.375,-6.5824,0,Nucleo
0.455,-6.5824,0,Nucleo
0.535,-6.5824,0,Nucleo
0.615,-6.5824,0,Nucleo
0.695,-6.5824,0,Nucleo
0.775,-6.5824,0,Nucleo
0.855,-6.5824,0,Nucleo
0.935,-6.5824,0,Nucleo
1.015,-6.5824,0,Nucleo
1.095,-6.5824,0,Nucleo
1.175,-6.5824,0,Nucleo
1.255,-6.5824,0,Nucleo
1.335,-6.5824,0,Nucleo
1.415,-6.5824,0,Nucleo
1.495,-6.5824,0,Nucleo
1.575,-6.5824,0,Nucleo
1.655,-6.5824,0,Nucleo
1.735,-6.5824,0,Nucleo
1.815,-6.5824,0,Nucleo
1.895,-6.5824,0,Nucleo
1.975,-6.5824,0,Nucleo
2.055,-6.5824,0,Nucleo
2.135,-6.5824,0,Nucleo
2.215,-6.5824,0,Nucleo
2.295,-6.5824,0,Nucleo
2.375,-6.5824,0,Nucleo
2.455,-6.5824,0,Nucleo
2.535,-6.5824,0,Nucleo
2.615,-6.5824,0,Nucleo
2.695,-6.5824,0,Nucleo
2.775,-6.5824,0,Nucleo
2.855,-6.5824,0,Nucleo
2.935,-6.5824,0,Nucleo
3.015,-6.5824,0,Nucleo
3.095,-6.5824,0,Nucleo
3.175,-6.5824,0,Nucleo
3.255,-6.5824,0,Nucleo
3.335,-6.5824,0,Nucleo
3.415,-6.5824,0,Nucleo
-3.425,-6.5131,0,Nucleo
-3.345,-6.5131,0,Nucleo
-3.265,-6.5131,0,Nucleo
-3.185,-6.5131,0,Nucleo
-3.105,-6.5131,0,Nucleo
-3.025,-6.5131,0,Nucleo
-2.945,-6.5131,0,Nucleo
-2.865,-6.5131,0,Nucleo
-2.785,-6.5131,0,Nucleo
-2.705,-6.5131,0,Nucleo
-2.625,-6.5131,0,Nucleo
-2.545,-6.5131,0,Nucleo
-2.465,-6.5131,0,Nucleo
-2.385,-6.5131,0,Nucleo
-2.305,-6.5131,0,Nucleo
-2.225,-6.5131,0,Nucleo
-2.145,-6.5131,0,Nucleo
-2.065,-6.5131,0,Nucleo
-1.985,-6.5131,0,Nucleo
-1.905,-6.5131,0,Nucleo
-1.825,-6.5131,0,Nucleo
-1.745,-6.5131,0,Nucleo
-1.665,-6.5131,0,Nucleo
-1.585,-6.5131,0,Nucleo
-1.505,-6.5131,0,Nucleo
-1.425,-6.5131,0,Nucleo
-1.345,-6.5131,0,Nucleo
-1.265,-6.5131,0,Nucleo
-1.185,-6.5131,0,Nucleo
-1.105,-6.5131,0,Nucleo
-1.025,-6.5131,0,Nucleo
-0.945,-6.5131,0,Nucleo
-0.865,-6.5131,0,Nucleo
-0.785,-6.5131,0,Nucleo
-0.705,-6.5131,0,Nucleo
-0.625,-6.5131,0,Nucleo
-0.545,-6.5131,0,Nucleo
-0.465,-6.5131,0,Nucleo
-0.385,-6.5131,0,Nucleo
-0.305,-6.5131,0,Nucleo
-0.225,-6.5131,0,Nucleo
-0.145,-6.5131,0,Nucleo
-0.065,-6.5131,0,Nucleo
0.015,-6.5131,0,Nucleo
0.095,-6.5131,0,Nucleo
0.175,-6.5131,0,Nucleo
0.255,-6.5131,0,Nucleo
0.335,-6.5131,0,Nucleo
0.415,-6.5131,0,Nucleo
0.495,-6.5131,0,Nucleo
0.575,-6.5131,0,Nucleo
0.655,-6.5131,0,Nucleo
0.735,-6.5131,0,Nucleo
0.815,-6.5131,0,Nucleo
0.895,-6.5131,0,Nucleo
0.975,-6.5131,0,Nucleo
1.055,-6.5131,0,Nucleo
1.135,-6.5131,0,Nucleo
1.215,-6.5131,0,Nucleo
1.295,-6.5131,0,Nucleo
1.375,-6.5131,0,Nucleo
1.455,-6.5131,0,Nucleo
1.535,-6.5131,0,Nucleo
1.615,-6.5131,0,Nucleo
1.695,-6.5131,0,Nucleo
1.775,-6.5131,0,Nucleo
1.855,-6.5131,0,Nucleo
1.935,-6.5131,0,Nucleo
2.015,-6.5131,0,Nucleo
2.095,-6.5131,0,Nucleo
2.175,-6.5131,0,Nucleo
2.255,-6.5131,0,Nucleo
2.335,-6.5131,0,Nucleo
2.415,-6.5131,0,Nucleo
2.495,-6.5131,0,Nucleo
2.575,-6.5131,0,Nucleo
2.655,-6.5131,0,Nucleo
2.735,-6.5131,0,Nucleo
2.815,-6.5131,0,Nucleo
2.895,-6.5131,0,Nucleo
2.975,-6.5131,0,Nucleo
3.055,-6.5131,0,Nucleo
3.135,-6.5131,0,Nucleo
3.215,-6.5131,0,Nucleo
3.295,-6.5131,0,Nucleo
3.375,-6.5131,0,Nucleo
-3.385,-6.4438,0,Nucleo
-3.305,-6.4438,0,Nucleo
-3.225,-6.4438,0,Nucleo
-3.145,-6.4438,0,Nucleo
-3.065,-6.4438,0,Nucleo
-2.985,-6.4438,0,Nucleo
-2.905,-6.4438,0,Nucleo
-2.825,-6.4438,0,Nucleo
-2.745,-6.4438,0,Nucleo
-2.665,-6.4438,0,Nucleo
-2.585,-6.4438,0,Nucleo
-2.505,-6.4438,0,Nucleo
-2.425,-6.4438,0,Nucleo
-2.345,-6.4438,0,Nucleo
-2.265,-6.4438,0,Nucleo
-2.185,-6.4438,0,Nucleo
-2.105,-6.4438,0,Nucleo
-2.025,-6.4438,0,Nucleo
-1.945,-6.4438,0,Nucleo
-1.865,-6.4438,0,Nucleo
-1.785,-6.4438,0,Nucleo
-1.705,-6.4438,0,Nucleo
-1.625,-6.4438,0,Nucleo
-1.545,-6.4438,0,Nucleo
-1.465,-6.4438,0,Nucleo
-1.385,-6.4438,0,Nucleo
-1.305,-6.4438,0,Nucleo
-1.225,-6.4438,0,Nucleo
-1.145,-6.4438,0,Nucleo
-1.065,-6.4438,0,Nucleo
-0.985,-6.4438,0,Nucleo
-0.905,-6.4438,0,Nucleo
-0.825,-6.4438,0,Nucleo
-0.745,-6.4438,0,Nucleo
-0.665,-6.4438,0,Nucleo
-0.585,-6.4438,0,Nucleo
-0.505,-6.4438,0,Nucleo
-0.425,-6.4438,0,Nucleo
-0.345,-6.4438,0,Nucleo
-0.265,-6.4438,0,Nucleo
-0.185,-6.4438,0,Nucleo
-0.105,-6.4438,0,Nucleo
-0.025,-6.4438,0,Nucleo
0.055,-6.4438,0,Nucleo
0.135,-6.4438,0,Nucleo
0.215,-6.4438,0,Nucleo
0.295,-6.4438,0,Nucleo
0.375,-6.4438,0,Nucleo
0.455,-6.4438,0,Nucleo
0.535,-6.4438,0,Nucleo
0.615,-6.4438,0,Nucleo
0.695,-6.4438,0,Nucleo
0.775,-6.4438,0,Nucleo
0.855,-6.4438,0,Nucleo
0.935,-6.4438,0,Nucleo
1.015,-6.4438,0,Nucleo
1.095,-6.4438,0,Nucleo
1.175,-6.4438,0,Nucleo
1.255,-6.4438,0,Nucleo
1.335,-6.4438,0,Nucleo
1.415,-6.4438,0,Nucleo
1.495,-6.4438,0,Nucleo
1.575,-6.4438,0,Nucleo
1.655,-6.4438,0,Nucleo
1.735,-6.4438,0,Nucleo
1.815,-6.4438,0,Nucleo
1.895,-6.4438,0,Nucleo
1.975,-6.4438,0,Nucleo
2.055,-6.4438,0,Nucleo
2.135,-6.4438,0,Nucleo
2.215,-6.4438,0,Nucleo
2.295,-6.4438,0,Nucleo
2.375,-6.4438,0,Nucleo
2.455,-6.4438,0,Nucleo
2.535,-6.4438,0,Nucleo
2.615,-6.4438,0,Nucleo
2.695,-6.4438,0,Nucleo
2.775,-6.4438,0,Nucleo
2.855,-6.4438,0,Nucleo
2.935,-6.4438,0,Nucleo
3.015,-6.4438,0,Nucleo
3.095,-6.4438,0,Nucleo
3.175,-6.4438,0,Nucleo
3.255,-6.4438,0,Nucleo
3.335,-6.4438,0,Nucleo
3.415,-6.4438,0,Nucleo
-3.425,-6.3745,0,Nucleo
-3.345,-6.3745,0,Nucleo
-3.265,-6.3745,0,Nucleo
-3.185,-6.3745,0,Nucleo
-3.105,-6.3745,0,Nucleo
-3.025,-6.3745,0,Nucleo
-2.945,-6.3745,0,Nucleo
-2.865,-6.3745,0,Nucleo
-2.785,-6.3745,0,Nucleo
-2.705,-6.3745,0,Nucleo
-2.625,-6.3745,0,Nucleo
-2.545,-6.3745,0,Nucleo
-2.465,-6.3745,0,Nucleo
-2.385,-6.3745,0,Nucleo
-2.305,-6.3745,0,Nucleo
-2.225,-6.3745,0,Nucleo
-2.145,-6.3745,0,Nucleo
-2.065,-6.3745,0,Nucleo
-1.985,-6.3745,0,Nucleo
-1.905,-6.3745,0,Nucleo
-1.825,-6.3745,0,Nucleo
-1.745,-6.3745,0,Nucleo
-1.665,-6.3745,0,Nucleo
-1.585,-6.3745,0,Nucleo
-1.505,-6.3745,0,Nucleo
-1.425,-6.3745,0,Nucleo
-1.345,-6.3745,0,Nucleo
-1.265,-6.3745,0,Nucleo
-1.185,-6.3745,0,Nucleo
-1.105,-6.3745,0,Nucleo
-1.025,-6.3745,0,Nucleo
-0.945,-6.3745,0,Nucleo
-0.865,-6.3745,0,Nucleo
-0.785,-6.3745,0,Nucleo
-0.705,-6.3745,0,Nucleo
-0.625,-6.3745,0,Nucleo
-0.545,-6.3745,0,Nucleo
-0.465,-6.3745,0,Nucleo
-0.385,-6.3745,0,Nucleo
-0.305,-6.3745,0,Nucleo
-0.225,-6.3745,0,Nucleo
-0.145,-6.3745,0,Nucleo
-0.065,-6.3745,0,Nucleo
0.015,-6.3745,0,Nucleo
0.095,-6.3745,0,Nucleo
0.175,-6.3745,0,Nucleo
0.255,-6.3745,0,Nucleo
0.335,-6.3745,0,Nucleo
0.415,-6.3745,0,Nucleo
0.495,-6.3745,0,Nucleo
0.575,-6.3745,0,Nucleo
0.655,-6.3745,0,Nucleo
0.735,-6.3745,0,Nucleo
0.815,-6.3745,0,Nucleo
0.895,-6.3745,0,Nucleo
0.975,-6.3745,0,Nucleo
1.055,-6.3745,0,Nucleo
1.135,-6.3745,0,Nucleo
1.215,-6.3745,0,Nucleo
1.295,-6.3745,0,Nucleo
1.375,-6.3745,0,Nucleo
1.455,-6.3745,0,Nucleo
1.535,-6.3745,0,Nucleo
1.615,-6.3745,0,Nucleo
1.695,-6.3745,0,Nucleo
1.775,-6.3745,0,Nucleo
1.855,-6.3745,0,Nucleo
1.935,-6.3745,0,Nucleo
2.015,-6.3745,0,Nucleo
2.095,-6.3745,0,Nucleo
2.175,-6.3745,0,Nucleo
2.255,-6.3745,0,Nucleo
2.335,-6.3745,0,Nucleo
2.415,-6.3745,0,Nucleo
2.495,-6.3745,0,Nucleo
2.575,-6.3745,0,Nucleo
2.655,-6.3745,0,Nucleo
2.735,-6.3745,0,Nucleo
2.815,-6.3745,0,Nucleo
2.895,-6.3745,0,Nucleo
2.975,-6.3745,0,Nucleo
3.055,-6.3745,0,Nucleo
3.135,-6.3745,0,Nucleo
3.215,-6.3745,0,Nucleo
3.295,-6.3745,0,Nucleo
3.375,-6.3745,0,Nucleo
3.455,-6.3745,0,Nucleo
-3.465,-6.3053,0,Nucleo
-3.385,-6.3053,0,Nucleo
-3.305,-6.3053,0,Nucleo
-3.225,-6.3053,0,Nucleo
-3.145,-6.3053,0,Nucleo
-3.065,-6.3053,0,Nucleo
-2.985,-6.3053,0,Nucleo
-2.905,-6.3053,0,Nucleo
-2.825,-6.3053,0,Nucleo
-2.745,-6.3053,0,Nucleo
-2.665,-6.3053,0,Nucleo
-2.585,-6.3053,0,Nucleo
-2.505,-6.3053,0,Nucleo
-2.425,-6.3053,0,Nucleo
-2.345,-6.3053,0,Nucleo
-2.265,-6.3053,0,Nucleo
-2.185,-6.3053,0,Nucleo
-2.105,-6.3053,0,Nucleo
-2.025,-6.3053,0,Nucleo
-1.945,-6.3053,0,Nucleo
-1.865,-6.3053,0,Nucleo
-1.785,-6.3053,0,Nucleo
-1.705,-6.3053,0,Nucleo
-1.625,-6.3053,0,Nucleo
-1.545,-6.3053,0,Nucleo
-1.465,-6.3053,0,Nucleo
-1.385,-6.3053,0,Nucleo
-1.305,-6.3053,0,Nucleo
-1.225,-6.3053,0,Nucleo
-1.145,-6.3053,0,Nucleo
-1.065,-6.3053,0,Nucleo
-0.985,-6.3053,0,Nucleo
-0.905,-6.3053,0,Nucleo
-0.825,-6.3053,0,Nucleo
-0.745,-6.3053,0,Nucleo
-0.665,-6.3053,0,Nucleo
-0.585,-6.3053,0,Nucleo
-0.505,-6.3053,0,Nucleo
-0.425,-6.3053,0,Nucleo
-0.345,-6.3053,0,Nucleo
-0.265,-6.3053,0,Nucleo
-0.185,-6.3053,0,Nucleo
-0.105,-6.3053,0,Nucleo
-0.025,-6.3053,0,Nucleo
0.055,-6.3053,0,Nucleo
0.135,-6.3053,0,Nucleo
0.215,-6.3053,0,Nucleo
0.295,-6.3053,0,Nucleo
0.375,-6.3053,0,Nucleo
0.455,-6.3053,0,Nucleo
0.535,-6.3053,0,Nucleo
0.615,-6.3053,0,Nucleo
0.695,-6.3053,0,Nucleo
0.775,-6.3053,0,Nucleo
0.855,-6.3053,0,Nucleo
0.935,-6.3053,0,Nucleo
1.015,-6.3053,0,Nucleo
1.095,-6.3053,0,Nucleo
1.175,-6.3053,0,Nucleo
1.255,-6.3053,0,Nucleo
1.335,-6.3053,0,Nucleo
1.415,-6.3053,0,Nucleo
1.495,-6.3053,0,Nucleo
1.575,-6.3053,0,Nucleo
1.655,-6.3053,0,Nucleo
1.735,-6.3053,0,Nucleo
1.815,-6.3053,0,Nucleo
1.895,-6.3053,0,Nucleo
1.975,-6.3053,0,Nucleo
2.055,-6.3053,0,Nucleo
2.135,-6.3053,0,Nucleo
2.215,-6.3053,0,Nucleo
2.295,-6.3053,0,Nucleo
2.375,-6.3053,0,Nucleo
2.455,-6.3053,0,Nucleo
2.535,-6.3053,0,Nucleo
2.615,-6.3053,0,Nucleo
2.695,-6.3053,0,Nucleo
2.775,-6.3053,0,Nucleo
2.855,-6.3053,0,Nucleo
2.935,-6.3053,0,Nucleo
3.015,-6.3053,0,Nucleo
3.095,-6.3053,0,Nucleo
3.175,-6.3053,0,Nucleo
3.255,-6.3053,0,Nucleo
3.335,-6.3053,0,Nucleo
3.415,-6.3053,0,Nucleo
-3.425,-6.236,0,Nucleo
-3.345,-6.236,0,Nucleo
-3.265,-6.236,0,Nucleo
-3.185,-6.236,0,Nucleo
-3.105,-6.236,0,Nucleo
-3.025,-6.236,0,Nucleo
-2.945,-6.236,0,Nucleo
-2.865,-6.236,0,Nucleo
-2.785,-6.236,0,Nucleo
-2.705,-6.236,0,Nucleo
-2.625,-6.236,0,Nucleo
-2.545,-6.236,0,Nucleo
-2.465,-6.236,0,Nucleo
-2.385,-6.236,0,Nucleo
-2.305,-6.236,0,Nucleo
-2.225,-6.236,0,Nucleo
-2.145,-6.236,0,Nucleo
-2.065,-6.236,0,Nucleo
-1.985,-6.236,0,Nucleo
-1.905,-6.236,0,Nucleo
-1.825,-6.236,0,Nucleo
-1.745,-6.236,0,Nucleo
-1.665,-6.236,0,Nucleo
-1.585,-6.236,0,Nucleo
-1.505,-6.236,0,Nucleo
-1.425,-6.236,0,Nucleo
-1.345,-6.236,0,Nucleo
-1.265,-6.236,0,Nucleo
-1.185,-6.236,0,Nucleo
-1.105,-6.236,0,Nucleo
-1.025,-6.236,0,Nucleo
-0.945,-6.236,0,Nucleo
-0.865,-6.236,0,Nucleo
-0.785,-6.236,0,Nucleo
-0.705,-6.236,0,Nucleo
-0.625,-6.236,0,Nucleo
-0.545,-6.236,0,Nucleo
-0.465,-6.236,0,Nucleo
-0.385,-6.236,0,Nucleo
-0.305,-6.236,0,Nucleo
-0.225,-6.236,0,Nucleo
-0.145,-6.236,0,Nucleo
-0.065,-6.236,0,Nucleo
0.015,-6.236,0,Nucleo
0.095,-6.236,0,Nucleo
0.175,-6.236,0,Nucleo
0.255,-6.236,0,Nucleo
0.335,-6.236,0,Nucleo
0.415,-6.236,0,Nucleo
0.495,-6.236,0,Nucleo
0.575,-6.236,0,Nucleo
0.655,-6.236,0,Nucleo
0.735,-6.236,0,Nucleo
0.815,-6.236,0,Nucleo
0.895,-6.236,0,Nucleo
0.975,-6.236,0,Nucleo
1.055,-6.236,0,Nucleo
1.135,-6.236,0,Nucleo
1.215,-6.236,0,Nucleo
1.295,-6.236,0,Nucleo
1.375,-6.236,0,Nucleo
1.455,-6.236,0,Nucleo
1.535,-6.236,0,Nucleo
1.615,-6.236,0,Nucleo
1.695,-6.236,0,Nucleo
1.775,-6.236,0,Nucleo
1.855,-6.236,0,Nucleo
1.935,-6.236,0,Nucleo
2.015,-6.236,0,Nucleo
2.095,-6.236,0,Nucleo
2.175,-6.236,0,Nucleo
2.255,-6.236,0,Nucleo
2.335,-6.236,0,Nucleo
2.415,-6.236,0,Nucleo
2.495,-6.236,0,Nucleo
2.575,-6.236,0,Nucleo
2.655,-6.236,0,Nucleo
2.735,-6.236,0,Nucleo
2.815,-6.236,0,Nucleo
2.895,-6.236,0,Nucleo
2.975,-6.236,0,Nucleo
3.055,-6.236,0,Nucleo
3.135,-6.236,0,Nucleo
3.215,-6.236,0,Nucleo
3.295,-6.236,0,Nucleo
3.375,-6.236,0,Nucleo
3.455,-6.236,0,Nucleo
-3.465,-6.1667,0,Nucleo
-3.385,-6.1667,0,Nucleo
-3.305,-6.1667,0,Nucleo
-3.225,-6.1667,0,Nucleo
-3.145,-6.1667,0,Nucleo
-3.065,-6.1667,0,Nucleo
-2.985,-6.1667,0,Nucleo
-2.905,-6.1667,0,Nucleo
-2.825,-6.1667,0,Nucleo
-2.745,-6.1667,0,Nucleo
-2.665,-6.1667,0,Nucleo
-2.585,-6.1667,0,Nucleo
-2.505,-6.1667,0,Nucleo
-2.425,-6.1667,0,Nucleo
-2.345,-6.1667,0,Nucleo
-2.265,-6.1667,0,Nucleo
-2.185,-6.1667,0,Nucleo
-2.105,-6.1667,0,Nucleo
-2.025,-6.1667,0,Nucleo
-1.945,-6.1667,0,Nucleo
-1.865,-6.1667,0,Nucleo
-1.785,-6.1667,0,Nucleo
-1.705,-6.1667,0,Nucleo
-1.625,-6.1667,0,Nucleo
-1.545,-6.1667,0,Nucleo
-1.465,-6.1667,0,Nucleo
-1.385,-6.1667,0,Nucleo
-1.305,-6.1667,0,Nucleo
-1.225,-6.1667,0,Nucleo
-1.145,-6.1667,0,Nucleo
-1.065,-6.1667,0,Nucleo
-0.985,-6.1667,0,Nucleo
-0.905,-6.1667,0,Nucleo
-0.825,-6.1667,0,Nucleo
-0.745,-6.1667,0,Nucleo
-0.665,-6.1667,0,Nucleo
-0.585,-6.1667,0,Nucleo
-0.505,-6.1667,0,Nucleo
-0.425,-6.1667,0,Nucleo
-0.345,-6.1667,0,Nucleo
-0.265,-6.1667,0,Nucleo
-0.185,-6.1667,0,Nucleo
-0.105,-6.1667,0,Nucleo
-0.025,-6.1667,0,Nucleo
0.055,-6.1667,0,Nucleo
0.135,-6.1667,0,Nucleo
0.215,-6.1667,0,Nucleo
0.295,-6.1667,0,Nucleo
0.375,-6.1667,0,Nucleo
0.455,-6.1667,0,Nucleo
0.535,-6.1667,0,Nucleo
0.615,-6.1667,0,Nucleo
0.695,-6.1667,0,Nucleo
0.775,-6.1667,0,Nucleo
0.855,-6.1667,0,Nucleo
0.935,-6.1667,0,Nucleo
1.015,-6.1667,0,Nucleo
1.095,-6.1667,0,Nucleo
1.175,-6.1667,0,Nucleo
1.255,-6.1667,0,Nucleo
1.335,-6.1667,0,Nucleo
1.415,-6.1667,0,Nucleo
1.495,-6.1667,0,Nucleo
1.575,-6.1667,0,Nucleo
1.655,-6.1667,0,Nucleo
1.735,-6.1667,0,Nucleo
1.815,-6.1667,0,Nucleo
1.895,-6.1667,0,Nucleo
1.975,-6.1667,0,Nucleo
2.055,-6.1667,0,Nucleo
2.135,-6.1667,0,Nucleo
2.215,-6.1667,0,Nucleo
2.295,-6.1667,0,Nucleo
2.375,-6.1667,0,Nucleo
2.455,-6.1667,0,Nucleo
2.535,-6.1667,0,Nucleo
2.615,-6.1667,0,Nucleo
2.695,-6.1667,0,Nucleo
2.775,-6.1667,0,Nucleo
2.855,-6.1667,0,Nucleo
2.935,-6.1667,0,Nucleo
3.015,-6.1667,0,Nucleo
3.095,-6.1667,0,Nucleo
3.175,-6.1667,0,Nucleo
3.255,-6.1667,0,Nucleo
3.335,-6.1667,0,Nucleo
3.415,-6.1667,0,Nucleo
-3.425,-6.0974,0,Nucleo
-3.345,-6.0974,0,Nucleo
-3.265,-6.0974,0,Nucleo
-3.185,-6.0974,0,Nucleo
-3.105,-6.0974,0,Nucleo
-3.025,-6.0974,0,Nucleo
-2.945,-6.0974,0,Nucleo
-2.865,-6.0974,0,Nucleo
-2.785,-6.0974,0,Nucleo
-2.705,-6.0974,0,Nucleo
-2.625,-6.0974,0,Nucleo
-2.545,-6.0974,0,Nucleo
-2.465,-6.0974,0,Nucleo
-2.385,-6.0974,0,Nucleo
-2.305,-6.0974,0,Nucleo
-2.225,-6.0974,0,Nucleo
-2.145,-6.0974,0,Nucleo
-2.065,-6.0974,0,Nucleo
-1.985,-6.0974,0,Nucleo
-1.905,-6.0974,0,Nucleo
-1.825,-6.0974,0,Nucleo
-1.745,-6.0974,0,Nucleo
-1.665,-6.0974,0,Nucleo
-1.585,-6.0974,0,Nucleo
-1.505,-6.0974,0,Nucleo
-1.425,-6.0974,0,Nucleo
-1.345,-6.0974,0,Nucleo
-1.265,-6.0974,0,Nucleo
-1.185,-6.0974,0,Nucleo
-1.105,-6.0974,0,Nucleo
-1.025,-6.0974,0,Nucleo
-0.945,-6.0974,0,Nucleo
-0.865,-6.0974,0,Nucleo
-0.785,-6.0974,0,Nucleo
-0.705,-6.0974,0,Nucleo
-0.625,-6.0974,0,Nucleo
-0.545,-6.0974,0,Nucleo
-0.465,-6.0974,0,Nucleo
-0.385,-6.0974,0,Nucleo
-0.305,-6.0974,0,Nucleo
-0.225,-6.0974,0,Nucleo
-0.145,-6.0974,0,Nucleo
-0.065,-6.0974,0,Nucleo
0.015,-6.0974,0,Nucleo
0.095,-6.0974,0,Nucleo
0.175,-6.0974,0,Nucleo
0.255,-6.0974,0,Nucleo
0.335,-6.0974,0,Nucleo
0.415,-6.0974,0,Nucleo
0.495,-6.0974,0,Nucleo
0.575,-6.0974,0,Nucleo
0.655,-6.0974,0,Nucleo
0.735,-6.0974,0,Nucleo
0.815,-6.0974,0,Nucleo
0.895,-6.0974,0,Nucleo
0.975,-6.0974,0,Nucleo
1.055,-6.0974,0,Nucleo
1.135,-6.0974,0,Nucleo
1.215,-6.0974,0,Nucleo
1.295,-6.0974,0,Nucleo
1.375,-6.0974,0,Nucleo
1.455,-6.0974,0,Nucleo
1.535,-6.0974,0,Nucleo
1.615,-6.0974,0,Nucleo
1.695,-6.0974,0,Nucleo
1.775,-6.0974,0,Nucleo
1.855,-6.0974,0,Nucleo
1.935,-6.0974,0,Nucleo
2.015,-6.0974,0,Nucleo
2.095,-6.0974,0,Nucleo
2.175,-6.0974,0,Nucleo
2.255,-6.0974,0,Nucleo
2.335,-6.0974,0,Nucleo
2.415,-6.0974,0,Nucleo
2.495,-6.0974,0,Nucleo
2.575,-6.0974,0,Nucleo
2.655,-6.0974,0,Nucleo
2.735,-6.0974,0,Nucleo
2.815,-6.0974,0,Nucleo
2.895,-6.0974,0,Nucleo
2.975,-6.0974,0,Nucleo
3.055,-6.0974,0,Nucleo
3.135,-6.0974,0,Nucleo
3.215,-6.0974,0,Nucleo
3.295,-6.0974,0,Nucleo
3.375,-6.0974,0,Nucleo
3.455,-6.0974,0,Nucleo
-3.465,-6.0281,0,Nucleo
-3.385,-6.0281,0,Nucleo
-3.305,-6.0281,0,Nucleo
-3.225,-6.0281,0,Nucleo
-3.145,-6.0281,0,Nucleo
-3.065,-6.0281,0,Nucleo
-2.985,-6.0281,0,Nucleo
-2.905,-6.0281,0,Nucleo
-2.825,-6.0281,0,Nucleo
-2.745,-6.0281,0,Nucleo
-2.665,-6.0281,0,Nucleo
-2.585,-6.0281,0,Nucleo
-2.505,-6.0281,0,Nucleo
-2.425,-6.0281,0,Nucleo
-2.345,-6.0281,0,Nucleo
-2.265,-6.0281,0,Nucleo
-2.185,-6.0281,0,Nucleo
-2.105,-6.0281,0,Nucleo
-2.025,-6.0281,0,Nucleo
-1.945,-6.0281,0,Nucleo
-1.865,-6.0281,0,Nucleo
-1.785,-6.0281,0,Nucleo
-1.705,-6.0281,0,Nucleo
-1.625,-6.0281,0,Nucleo
-1.545,-6.0281,0,Nucleo
-1.465,-6.0281,0,Nucleo
-1.385,-6.0281,0,Nucleo
-1.305,-6.0281,0,Nucleo
-1.225,-6.0281,0,Nucleo
-1.145,-6.0281,0,Nucleo
-1.065,-6.0281,0,Nucleo
-0.985,-6.0281,0,Nucleo
-0.905,-6.0281,0,Nucleo
-0.825,-6.0281,0,Nucleo
-0.745,-6.0281,0,Nucleo
-0.665,-6.0281,0,Nucleo
-0.585,-6.0281,0,Nucleo
-0.505,-6.0281,0,Nucleo
-0.425,-6.0281,0,Nucleo
-0.345,-6.0281,0,Nucleo
-0.265,-6.0281,0,Nucleo
-0.185,-6.0281,0,Nucleo
-0.105,-6.0281,0,Nucleo
-0.025,-6.0281,0,Nucleo
0.055,-6.0281,0,Nucleo
0.135,-6.0281,0,Nucleo
0.215,-6.0281,0,Nucleo
0.295,-6.0281,0,Nucleo
0.375,-6.0281,0,Nucleo
0.455,-6.0281,0,Nucleo
0.535,-6.0281,0,Nucleo
0.615,-6.0281,0,Nucleo
0.695,-6.0281,0,Nucleo
0.775,-6.0281,0,Nucleo
0.855,-6.0281,0,Nucleo
0.935,-6.0281,0,Nucleo
1.015,-6.0281,0,Nucleo
1.095,-6.0281,0,Nucleo
1.175,-6.0281,0,Nucleo
1.255,-6.0281,0,Nucleo
1.335,-6.0281,0,Nucleo
1.415,-6.0281,0,Nucleo
1.495,-6.0281,0,Nucleo
1.575,-6.0281,0,Nucleo
1.655,-6.0281,0,Nucleo
1.735,-6.0281,0,Nucleo
1.815,-6.0281,0,Nucleo
1.895,-6.0281,0,Nucleo
1.975,-6.0281,0,Nucleo
2.055,-6.0281,0,Nucleo
2.135,-6.0281,0,Nucleo
2.215,-6.0281,0,Nucleo
2.295,-6.0281,0,Nucleo
2.375,-6.0281,0,Nucleo
2.455,-6.0281,0,Nucleo
2.535,-6.0281,0,Nucleo
2.615,-6.0281,0,Nucleo
2.695,-6.0281,0,Nucleo
2.775,-6.0281,0,Nucleo
2.855,-6.0281,0,Nucleo
2.935,-6.0281,0,Nucleo
3.015,-6.0281,0,Nucleo
3.095,-6.0281,0,Nucleo
3.175,-6.0281,0,Nucleo
3.255,-6.0281,0,Nucleo
3.335,-6.0281,0,Nucleo
3.415,-6.0281,0,Nucleo
3.495,-6.0281,0,Nucleo
-3.425,-5.9588,0,Nucleo
-3.345,-5.9588,0,Nucleo
-3.265,-5.9588,0,Nucleo
-3.185,-5.9588,0,Nucleo
-3.105,-5.9588,0,Nucleo
-3.025,-5.9588,0,Nucleo
-2.945,-5.9588,0,Nucleo
-2.865,-5.9588,0,Nucleo
-2.785,-5.9588,0,Nucleo
-2.705,-5.9588,0,Nucleo
-2.625,-5.9588,0,Nucleo
-2.545,-5.9588,0,Nucleo
-2.465,-5.9588,0,Nucleo
-2.385,-5.9588,0,Nucleo
-2.305,-5.9588,0,Nucleo
-2.225,-5.9588,0,Nucleo
-2.145,-5.9588,0,Nucleo
-2.065,-5.9588,0,Nucleo
-1.985,-5.9588,0,Nucleo
-1.905,-5.9588,0,Nucleo
-1.825,-5.9588,0,Nucleo
-1.745,-5.9588,0,Nucleo
-1.665,-5.9588,0,Nucleo
-1.585,-5.9588,0,Nucleo
-1.505,-5.9588,0,Nucleo
-1.425,-5.9588,0,Nucleo
-1.345,-5.9588,0,Nucleo
-1.265,-5.9588,0,Nucleo
-1.185,-5.9588,0,Nucleo
-1.105,-5.9588,0,Nucleo
-1.025,-5.9588,0,Nucleo
-0.945,-5.9588,0,Nucleo
-0.865,-5.9588,0,Nucleo
-0.785,-5.9588,0,Nucleo
-0.705,-5.9588,0,Nucleo
-0.625,-5.9588,0,Nucleo
-0.545,-5.9588,0,Nucleo
-0.465,-5.9588,0,Nucleo
-0.385,-5.9588,0,Nucleo
-0.305,-5.9588,0,Nucleo
-0.225,-5.9588,0,Nucleo
-0.145,-5.9588,0,Nucleo
-0.065,-5.9588,0,Nucleo
0.015,-5.9588,0,Nucleo
0.095,-5.9588,0,Nucleo
0.175,-5.9588,0,Nucleo
0.255,-5.9588,0,Nucleo
0.335,-5.9588,0,Nucleo
0.415,-5.9588,0,Nucleo
0.495,-5.9588,0,Nucleo
0.575,-5.9588,0,Nucleo
0.655,-5.9588,0,Nucleo
0.735,-5.9588,0,Nucleo
0.815,-5.9588,0,Nucleo
0.895,-5.9588,0,Nucleo
0.975,-5.9588,0,Nucleo
1.055,-5.9588,0,Nucleo
1.135,-5.9588,0,Nucleo
1.215,-5.9588,0,Nucleo
1.295,-5.9588,0,Nucleo
1.375,-5.9588,0,Nucleo
1.455,-5.9588,0,Nucleo
1.535,-5.9588,0,Nucleo
1.615,-5.9588,0,Nucleo
1.695,-5.9588,0,Nucleo
1.775,-5.9588,0,Nucleo
1.855,-5.9588,0,Nucleo
1.935,-5.9588,0,Nucleo
2.015,-5.9588,0,Nucleo
2.095,-5.9588,0,Nucleo
2.175,-5.9588,0,Nucleo
2.255,-5.9588,0,Nucleo
2.335,-5.9588,0,Nucleo
2.415,-5.9588,0,Nucleo
2.495,-5.9588,0,Nucleo
2.575,-5.9588,0,Nucleo
2.655,-5.9588,0,Nucleo
2.735,-5.9588,0,Nucleo
2.815,-5.9588,0,Nucleo
2.895,-5.9588,0,Nucleo
2.975,-5.9588,0,Nucleo
3.055,-5.9588,0,Nucleo
3.135,-5.9588,0,Nucleo
3.215,-5.9588,0,Nucleo
3.295,-5.9588,0,Nucleo
3.375,-5.9588,0,Nucleo
3.455,-5.9588,0,Nucleo
-3.465,-5.8896,0,Nucleo
-3.385,-5.8896,0,Nucleo
-3.305,-5.8896,0,Nucleo
-3.225,-5.8896,0,Nucleo
-3.145,-5.8896,0,Nucleo
-3.065,-5.8896,0,Nucleo
-2.985,-5.8896,0,Nucleo
-2.905,-5.8896,0,Nucleo
-2.825,-5.8896,0,Nucleo
-2.745,-5.8896,0,Nucleo
-2.665,-5.8896,0,Nucleo
-2.585,-5.8896,0,Nucleo
-2.505,-5.8896,0,Nucleo
-2.425,-5.8896,0,Nucleo
-2.345,-5.8896,0,Nucleo
-2.265,-5.8896,0,Nucleo
-2.185,-5.8896,0,Nucleo
-2.105,-5.8896,0,Nucleo
-2.025,-5.8896,0,Nucleo
-1.945,-5.8896,0,Nucleo
-1.865,-5.8896,0,Nucleo
-1.785,-5.8896,0,Nucleo
-1.705,-5.8896,0,Nucleo
-1.625,-5.8896,0,Nucleo
-1.545,-5.8896,0,Nucleo
-1.465,-5.8896,0,Nucleo
-1.385,-5.8896,0,Nucleo
-1.305,-5.8896,0,Nucleo
-1.225,-5.8896,0,Nucleo
-1.145,-5.8896,0,Nucleo
-1.065,-5.8896,0,Nucleo
-0.985,-5.8896,0,Nucleo
-0.905,-5.8896,0,Nucleo
-0.825,-5.8896,0,Nucleo
-0.745,-5.8896,0,Nucleo
-0.665,-5.8896,0,Nucleo
-0.585,-5.8896,0,Nucleo
-0.505,-5.8896,0,Nucleo
-0.425,-5.8896,0,Nucleo
-0.345,-5.8896,0,Nucleo
-0.265,-5.8896,0,Nucleo
-0.185,-5.8896,0,Nucleo
-0.105,-5.8896,0,Nucleo
-0.025,-5.8896,0,Nucleo
0.055,-5.8896,0,Nucleo
0.135,-5.8896,0,Nucleo
0.215,-5.8896,0,Nucleo
0.295,-5.8896,0,Nucleo
0.375,-5.8896,0,Nucleo
0.455,-5.8896,0,Nucleo
0.535,-5.8896,0,Nucleo
0.615,-5.8896,0,Nucleo
0.695,-5.8896,0,Nucleo
0.775,-5.8896,0,Nucleo
0.855,-5.8896,0,Nucleo
0.935,-5.8896,0,Nucleo
1.015,-5.8896,0,Nucleo
1.095,-5.8896,0,Nucleo
1.175,-5.8896,0,Nucleo
1.255,-5.8896,0,Nucleo
1.335,-5.8896,0,Nucleo
1.415,-5.8896,0,Nucleo
1.495,-5.8896,0,Nucleo
1.575,-5.8896,0,Nucleo
1.655,-5.8896,0,Nucleo
1.735,-5.8896,0,Nucleo
1.815,-5.8896,0,Nucleo
1.895,-5.8896,0,Nucleo
1.975,-5.8896,0,Nucleo
2.055,-5.8896,0,Nucleo
2.135,-5.8896,0,Nucleo
2.215,-5.8896,0,Nucleo
2.295,-5.8896,0,Nucleo
2.375,-5.8896,0,Nucleo
2.455,-5.8896,0,Nucleo
2.535,-5.8896,0,Nucleo
2.615,-5.8896,0,Nucleo
2.695,-5.8896,0,Nucleo
2.775,-5.8896,0,Nucleo
2.855,-5.8896,0,Nucleo
2.935,-5.8896,0,Nucleo
3.015,-5.8896,0,Nucleo
3.095,-5.8896,0,Nucleo
3.175,-5.8896,0,Nucleo
3.255,-5.8896,0,Nucleo
3.335,-5.8896,0,Nucleo
3.415,-5.8896,0,Nucleo
3.495,-5.8896,0,Nucleo
-3.425,-5.8203,0,Nucleo
-3.345,-5.8203,0,Nucleo
-3.265,-5.8203,0,Nucleo
-3.185,-5.8203,0,Nucleo
-3.105,-5.8203,0,Nucleo
-3.025,-5.8203,0,Nucleo
-2.945,-5.8203,0,Nucleo
-2.865,-5.8203,0,Nucleo
-2.785,-5.8203,0,Nucleo
-2.705,-5.8203,0,Nucleo
-2.625,-5.8203,0,Nucleo
-2.545,-5.8203,0,Nucleo
-2.465,-5.8203,0,Nucleo
-2.385,-5.8203,0,Nucleo
-2.305,-5.8203,0,Nucleo
-2.225,-5.8203,0,Nucleo
-2.145,-5.8203,0,Nucleo
-2.065,-5.8203,0,Nucleo
-1.985,-5.8203,0,Nucleo
-1.905,-5.8203,0,Nucleo
-1.825,-5.8203,0,Nucleo
-1.745,-5.8203,0,Nucleo
-1.665,-5.8203,0,Nucleo
-1.585,-5.8203,0,Nucleo
-1.505,-5.8203,0,Nucleo
-1.425,-5.8203,0,Nucleo
-1.345,-5.8203,0,Nucleo
-1.265,-5.8203,0,Nucleo
-1.185,-5.8203,0,Nucleo
-1.105,-5.8203,0,Nucleo
-1.025,-5.8203,0,Nucleo
-0.945,-5.8203,0,Nucleo
-0.865,-5.8203,0,Nucleo
-0.785,-5.8203,0,Nucleo
-0.705,-5.8203,0,Nucleo
-0.625,-5.8203,0,Nucleo
-0.545,-5.8203,0,Nucleo
-0.465,-5.8203,0,Nucleo
-0.385,-5.8203,0,Nucleo
-0.305,-5.8203,0,Nucleo
-0.225,-5.8203,0,Nucleo
-0.145,-5.8203,0,Nucleo
-0.065,-5.8203,0,Nucleo
0.015,-5.8203,0,Nucleo
0.095,-5.8203,0,Nucleo
0.175,-5.8203,0,Nucleo
0.255,-5.8203,0,Nucleo
0.335,-5.8203,0,Nucleo
0.415,-5.8203,0,Nucleo
0.495,-5.8203,0,Nucleo
0.575,-5.8203,0,Nucleo
0.655,-5.8203,0,Nucleo
0.735,-5.8203,0,Nucleo
0.815,-5.8203,0,Nucleo
0.895,-5.8203,0,Nucleo
0.975,-5.8203,0,Nucleo
1.055,-5.8203,0,Nucleo
1.135,-5.8203,0,Nucleo
1.215,-5.8203,0,Nucleo
1.295,-5.8203,0,Nucleo
1.375,-5.8203,0,Nucleo
1.455,-5.8203,0,Nucleo
1.535,-5.8203,0,Nucleo
1.615,-5.8203,0,Nucleo
1.695,-5.8203,0,Nucleo
1.775,-5.8203,0,Nucleo
1.855,-5.8203,0,Nucleo
1.935,-5.8203,0,Nucleo
2.015,-5.8203,0,Nucleo
2.095,-5.8203,0,Nucleo
2.175,-5.8203,0,Nucleo
2.255,-5.8203,0,Nucleo
2.335,-5.8203,0,Nucleo
2.415,-5.8203,0,Nucleo
2.495,-5.8203,0,Nucleo
2.575,-5.8203,0,Nucleo
2.655,-5.8203,0,Nucleo
2.735,-5.8203,0,Nucleo
2.815,-5.8203,0,Nucleo
2.895,-5.8203,0,Nucleo
2.975,-5.8203,0,Nucleo
3.055,-5.8203,0,Nucleo
3.135,-5.8203,0,Nucleo
3.215,-5.8203,0,Nucleo
3.295,-5.8203,0,Nucleo
3.375,-5.8203,0,Nucleo
3.455,-5.8203,0,Nucleo
-3.465,-5.751,0,Nucleo
-3.385,-5.751,0,Nucleo
-3.305,-5.751,0,Nucleo
-3.225,-5.751,0,Nucleo
-3.145,-5.751,0,Nucleo
-3.065,-5.751,0,Nucleo
-2.985,-5.751,0,Nucleo
-2.905,-5.751,0,Nucleo
-2.825,-5.751,0,Nucleo
-2.745,-5.751,0,Nucleo
-2.665,-5.751,0,Nucleo
-2.585,-5.751,0,Nucleo
-2.505,-5.751,0,Nucleo
-2.425,-5.751,0,Nucleo
-2.345,-5.751,0,Nucleo
-2.265,-5.751,0,Nucleo
-2.185,-5.751,0,Nucleo
-2.105,-5.751,0,Nucleo
-2.025,-5.751,0,Nucleo
-1.945,-5.751,0,Nucleo
-1.865,-5.751,0,Nucleo
-1.785,-5.751,0,Nucleo
-1.705,-5.751,0,Nucleo
-1.625,-5.751,0,Nucleo
-1.545,-5.751,0,Nucleo
-1.465,-5.751,0,Nucleo
-1.385,-5.751,0,Nucleo
-1.305,-5.751,0,Nucleo
-1.225,-5.751,0,Nucleo
-1.145,-5.751,0,Nucleo
-1.065,-5.751,0,Nucleo
-0.985,-5.751,0,Nucleo
-0.905,-5.751,0,Nucleo
-0.825,-5.751,0,Nucleo
-0.745,-5.751,0,Nucleo
-0.665,-5.751,0,Nucleo
-0.585,-5.751,0,Nucleo
-0.505,-5.751,0,Nucleo
-0.425,-5.751,0,Nucleo
-0.345,-5.751,0,Nucleo
-0.265,-5.751,0,Nucleo
-0.185,-5.751,0,Nucleo
-0.105,-5.751,0,Nucleo
-0.025,-5.751,0,Nucleo
0.055,-5.751,0,Nucleo
0.135,-5.751,0,Nucleo
0.215,-5.751,0,Nucleo
0.295,-5.751,0,Nucleo
0.375,-5.751,0,Nucleo
0.455,-5.751,0,Nucleo
0.535,-5.751,0,Nucleo
0.615,-5.751,0,Nucleo
0.695,-5.751,0,Nucleo
0.775,-5.751,0,Nucleo
0.855,-5.751,0,Nucleo
0.935,-5.751,0,Nucleo
1.015,-5.751,0,Nucleo
1.095,-5.751,0,Nucleo
1.175,-5.751,0,Nucleo
1.255,-5.751,0,Nucleo
1.335,-5.751,0,Nucleo
1.415,-5.751,0,Nucleo
1.495,-5.751,0,Nucleo
1.575,-5.751,0,Nucleo
1.655,-5.751,0,Nucleo
1.735,-5.751,0,Nucleo
1.815,-5.751,0,Nucleo
1.895,-5.751,0,Nucleo
1.975,-5.751,0,Nucleo
2.055,-5.751,0,Nucleo
2.135,-5.751,0,Nucleo
2.215,-5.751,0,Nucleo
2.295,-5.751,0,Nucleo
2.375,-5.751,0,Nucleo
2.455,-5.751,0,Nucleo
2.535,-5.751,0,Nucleo
2.615,-5.751,0,Nucleo
2.695,-5.751,0,Nucleo
2.775,-5.751,0,Nucleo
2.855,-5.751,0,Nucleo
2.935,-5.751,0,Nucleo
3.015,-5.751,0,Nucleo
3.095,-5.751,0,Nucleo
3.175,-5.751,0,Nucleo
3.255,-5.751,0,Nucleo
3.335,-5.751,0,Nucleo
3.415,-5.751,0,Nucleo
3.495,-5.751,0,Nucleo
-3.425,-5.6817,0,Nucleo
-3.345,-5.6817,0,Nucleo
-3.265,-5.6817,0,Nucleo
-3.185,-5.6817,0,Nucleo
-3.105,-5.6817,0,Nucleo
-3.025,-5.6817,0,Nucleo
-2.945,-5.6817,0,Nucleo
-2.865,-5.6817,0,Nucleo
-2.785,-5.6817,0,Nucleo
-2.705,-5.6817,0,Nucleo
-2.625,-5.6817,0,Nucleo
-2.545,-5.6817,0,Nucleo
-2.465,-5.6817,0,Nucleo
-2.385,-5.6817,0,Nucleo
-2.305,-5.6817,0,Nucleo
-2.225,-5.6817,0,Nucleo
-2.145,-5.6817,0,Nucleo
-2.065,-5.6817,0,Nucleo
-1.985,-5.6817,0,Nucleo
-1.905,-5.6817,0,Nucleo
-1.825,-5.6817,0,Nucleo
-1.745,-5.6817,0,Nucleo
-1.665,-5.6817,0,Nucleo
-1.585,-5.6817,0,Nucleo
-1.505,-5.6817,0,Nucleo
-1.425,-5.6817,0,Nucleo
-1.345,-5.6817,0,Nucleo
-1.265,-5.6817,0,Nucleo
-1.185,-5.6817,0,Nucleo
-1.105,-5.6817,0,Nucleo
-1.025,-5.6817,0,Nucleo
-0.945,-5.6817,0,Nucleo
-0.865,-5.6817,0,Nucleo
-0.785,-5.6817,0,Nucleo
-0.705,-5.6817,0,Nucleo
-0.625,-5.6817,0,Nucleo
-0.545,-5.6817,0,Nucleo
-0.465,-5.6817,0,Nucleo
-0.385,-5.6817,0,Nucleo
-0.305,-5.6817,0,Nucleo
-0.225,-5.6817,0,Nucleo
-0.145,-5.6817,0,Nucleo
-0.065,-5.6817,0,Nucleo
0.015,-5.6817,0,Nucleo
0.095,-5.6817,0,Nucleo
0.175,-5.6817,0,Nucleo
0.255,-5.6817,0,Nucleo
0.335,-5.6817,0,Nucleo
0.415,-5.6817,0,Nucleo
0.495,-5.6817,0,Nucleo
0.575,-5.6817,0,Nucleo
0.655,-5.6817,0,Nucleo
0.735,-5.6817,0,Nucleo
0.815,-5.6817,0,Nucleo
0.895,-5.6817,0,Nucleo
0.975,-5.6817,0,Nucleo
1.055,-5.6817,0,Nucleo
1.135,-5.6817,0,Nucleo
1.215,-5.6817,0,Nucleo
1.295,-5.6817,0,Nucleo
1.375,-5.6817,0,Nucleo
1.455,-5.6817,0,Nucleo
1.535,-5.6817,0,Nucleo
1.615,-5.6817,0,Nucleo
1.695,-5.6817,0,Nucleo
1.775,-5.6817,0,Nucleo
1.855,-5.6817,0,Nucleo
1.935,-5.6817,0,Nucleo
2.015,-5.6817,0,Nucleo
2.095,-5.6817,0,Nucleo
2.175,-5.6817,0,Nucleo
2.255,-5.6817,0,Nucleo
2.335,-5.6817,0,Nucleo
2.415,-5.6817,0,Nucleo
2.495,-5.6817,0,Nucleo
2.575,-5.6817,0,Nucleo
2.655,-5.6817,0,Nucleo
2.735,-5.6817,0,Nucleo
2.815,-5.6817,0,Nucleo
2.895,-5.6817,0,Nucleo
2.975,-5.6817,0,Nucleo
3.055,-5.6817,0,Nucleo
3.135,-5.6817,0,Nucleo
3.215,-5.6817,0,Nucleo
3.295,-5.6817,0,Nucleo
3.375,-5.6817,0,Nucleo
3.455,-5.6817,0,Nucleo
-3.465,-5.6124,0,Nucleo
-3.385,-5.6124,0,Nucleo
-3.305,-5.6124,0,Nucleo
-3.225,-5.6124,0,Nucleo
-3.145,-5.6124,0,Nucleo
-3.065,-5.6124,0,Nucleo
-2.985,-5.6124,0,Nucleo
-2.905,-5.6124,0,Nucleo
-2.825,-5.6124,0,Nucleo
-2.745,-5.6124,0,Nucleo
-2.665,-5.6124,0,Nucleo
-2.585,-5.6124,0,Nucleo
-2.505,-5.6124,0,Nucleo
-2.425,-5.6124,0,Nucleo
-2.345,-5.6124,0,Nucleo
-2.265,-5.6124,0,Nucleo
-2.185,-5.6124,0,Nucleo
-2.105,-5.6124,0,Nucleo
-2.025,-5.6124,0,Nucleo
-1.945,-5.6124,0,Nucleo
-1.865,-5.6124,0,Nucleo
-1.785,-5.6124,0,Nucleo
-1.705,-5.6124,0,Nucleo
-1.625,-5.6124,0,Nucleo
-1.545,-5.6124,0,Nucleo
-1.465,-5.6124,0,Nucleo
-1.385,-5.6124,0,Nucleo
-1.305,-5.6124,0,Nucleo
-1.225,-5.6124,0,Nucleo
-1.145,-5.6124,0,Nucleo
-1.065,-5.6124,0,Nucleo
-0.985,-5.6124,0,Nucleo
-0.905,-5.6124,0,Nucleo
-0.825,-5.6124,0,Nucleo
-0.745,-5.6124,0,Nucleo
-0.665,-5.6124,0,Nucleo
-0.585,-5.6124,0,Nucleo
-0.505,-5.6124,0,Nucleo
-0.425,-5.6124,0,Nucleo
-0.345,-5.6124,0,Nucleo
-0.265,-5.6124,0,Nucleo
-0.185,-5.6124,0,Nucleo
-0.105,-5.6124,0,Nucleo
-0.025,-5.6124,0,Nucleo
0.055,-5.6124,0,Nucleo
0.135,-5.6124,0,Nucleo
0.215,-5.6124,0,Nucleo
0.295,-5.6124,0,Nucleo
0.375,-5.6124,0,Nucleo
0.455,-5.6124,0,Nucleo
0.535,-5.6124,0,Nucleo
0.615,-5.6124,0,Nucleo
0.695,-5.6124,0,Nucleo
0.775,-5.6124,0,Nucleo
0.855,-5.6124,0,Nucleo
0.935,-5.6124,0,Nucleo
1.015,-5.6124,0,Nucleo
1.095,-5.6124,0,Nucleo
1.175,-5.6124,0,Nucleo
1.255,-5.6124,0,Nucleo
1.335,-5.6124,0,Nucleo
1.415,-5.6124,0,Nucleo
1.495,-5.6124,0,Nucleo
1.575,-5.6124,0,Nucleo
1.655,-5.6124,0,Nucleo
1.735,-5.6124,0,Nucleo
1.815,-5.6124,0,Nucleo
1.895,-5.6124,0,Nucleo
1.975,-5.6124,0,Nucleo
2.055,-5.6124,0,Nucleo
2.135,-5.6124,0,Nucleo
2.215,-5.6124,0,Nucleo
2.295,-5.6124,0,Nucleo
2.375,-5.6124,0,Nucleo
2.455,-5.6124,0,Nucleo
2.535,-5.6124,0,Nucleo
2.615,-5.6124,0,Nucleo
2.695,-5.6124,0,Nucleo
2.775,-5.6124,0,Nucleo
2.855,-5.6124,0,Nucleo
2.935,-5.6124,0,Nucleo
3.015,-5.6124,0,Nucleo
3.095,-5.6124,0,Nucleo
3.175,-5.6124,0,Nucleo
3.255,-5.6124,0,Nucleo
3.335,-5.6124,0,Nucleo
3.415,-5.6124,0,Nucleo
-3.425,-5.5432,0,Nucleo
-3.345,-5.5432,0,Nucleo
-3.265,-5.5432,0,Nucleo
-3.185,-5.5432,0,Nucleo
-3.105,-5.5432,0,Nucleo
-3.025,-5.5432,0,Nucleo
-2.945,-5.5432,0,Nucleo
-2.865,-5.5432,0,Nucleo
-2.785,-5.5432,0,Nucleo
-2.705,-5.5432,0,Nucleo
-2.625,-5.5432,0,Nucleo
-2.545,-5.5432,0,Nucleo
-2.465,-5.5432,0,Nucleo
-2.385,-5.5432,0,Nucleo
-2.305,-5.5432,0,Nucleo
-2.225,-5.5432,0,Nucleo
-2.145,-5.5432,0,Nucleo
-2.065,-5.5432,0,Nucleo
-1.985,-5.5432,0,Nucleo
-1.905,-5.5432,0,Nucleo
-1.825,-5.5432,0,Nucleo
-1.745,-5.5432,0,Nucleo
-1.665,-5.5432,0,Nucleo
-1.585,-5.5432,0,Nucleo
-1.505,-5.5432,0,Nucleo
-1.425,-5.5432,0,Nucleo
-1.345,-5.5432,0,Nucleo
-1.265,-5.5432,0,Nucleo
-1.185,-5.5432,0,Nucleo
-1.105,-5.5432,0,Nucleo
-1.025,-5.5432,0,Nucleo
-0.945,-5.5432,0,Nucleo
-0.865,-5.5432,0,Nucleo
-0.785,-5.5432,0,Nucleo
-0.705,-5.5432,0,Nucleo
-0.625,-5.5432,0,Nucleo
-0.545,-5.5432,0,Nucleo
-0.465,-5.5432,0,Nucleo
-0.385,-5.5432,0,Nucleo
-0.305,-5.5432,0,Nucleo
-0.225,-5.5432,0,Nucleo
-0.145,-5.5432,0,Nucleo
-0.065,-5.5432,0,Nucleo
0.015,-5.5432,0,Nucleo
0.095,-5.5432,0,Nucleo
0.175,-5.5432,0,Nucleo
0.255,-5.5432,0,Nucleo
0.335,-5.5432,0,Nucleo
0.415,-5.5432,0,Nucleo
0.495,-5.5432,0,Nucleo
0.575,-5.5432,0,Nucleo
0.655,-5.5432,0,Nucleo
0.735,-5.5432,0,Nucleo
0.815,-5.5432,0,Nucleo
0.895,-5.5432,0,Nucleo
0.975,-5.5432,0,Nucleo
1.055,-5.5432,0,Nucleo
1.135,-5.5432,0,Nucleo
1.215,-5.5432,0,Nucleo
1.295,-5.5432,0,Nucleo
1.375,-5.5432,0,Nucleo
1.455,-5.5432,0,Nucleo
1.535,-5.5432,0,Nucleo
1.615,-5.5432,0,Nucleo
1.695,-5.5432,0,Nucleo
1.775,-5.5432,0,Nucleo
1.855,-5.5432,0,Nucleo
1.935,-5.5432,0,Nucleo
2.015,-5.5432,0,Nucleo
2.095,-5.5432,0,Nucleo
2.175,-5.5432,0,Nucleo
2.255,-5.5432,0,Nucleo
2.335,-5.5432,0,Nucleo
2.415,-5.5432,0,Nucleo
2.495,-5.5432,0,Nucleo
2.575,-5.5432,0,Nucleo
2.655,-5.5432,0,Nucleo
2.735,-5.5432,0,Nucleo
2.815,-5.5432,0,Nucleo
2.895,-5.5432,0,Nucleo
2.975,-5.5432,0,Nucleo
3.055,-5.5432,0,Nucleo
3.135,-5.5432,0,Nucleo
3.215,-5.5432,0,Nucleo
3.295,-5.5432,0,Nucleo
3.375,-5.5432,0,Nucleo
3.455,-5.5432,0,Nucleo
-3.465,-5.4739,0,Nucleo
-3.385,-5.4739,0,Nucleo
-3.305,-5.4739,0,Nucleo
-3.225,-5.4739,0,Nucleo
-3.145,-5.4739,0,Nucleo
-3.065,-5.4739,0,Nucleo
-2.985,-5.4739,0,Nucleo
-2.905,-5.4739,0,Nucleo
-2.825,-5.4739,0,Nucleo
-2.745,-5.4739,0,Nucleo
-2.665,-5.4739,0,Nucleo
-2.585,-5.4739,0,Nucleo
-2.505,-5.4739,0,Nucleo
-2.425,-5.4739,0,Nucleo
-2.345,-5.4739,0,Nucleo
-2.265,-5.4739,0,Nucleo
-2.185,-5.4739,0,Nucleo
-2.105,-5.4739,0,Nucleo
-2.025,-5.4739,0,Nucleo
-1.945,-5.4739,0,Nucleo
-1.865,-5.4739,0,Nucleo
-1.785,-5.4739,0,Nucleo
-1.705,-5.4739,0,Nucleo
-1.625,-5.4739,0,Nucleo
-1.545,-5.4739,0,Nucleo
-1.465,-5.4739,0,Nucleo
-1.385,-5.4739,0,Nucleo
-1.305,-5.4739,0,Nucleo
-1.225,-5.4739,0,Nucleo
-1.145,-5.4739,0,Nucleo
-1.065,-5.4739,0,Nucleo
-0.985,-5.4739,0,Nucleo
-0.905,-5.4739,0,Nucleo
-0.825,-5.4739,0,Nucleo
-0.745,-5.4739,0,Nucleo
-0.665,-5.4739,0,Nucleo
-0.585,-5.4739,0,Nucleo
-0.505,-5.4739,0,Nucleo
-0.425,-5.4739,0,Nucleo
-0.345,-5.4739,0,Nucleo
-0.265,-5.4739,0,Nucleo
-0.185,-5.4739,0,Nucleo
-0.105,-5.4739,0,Nucleo
-0.025,-5.4739,0,Nucleo
0.055,-5.4739,0,Nucleo
0.135,-5.4739,0,Nucleo
0.215,-5.4739,0,Nucleo
0.295,-5.4739,0,Nucleo
0.375,-5.4739,0,Nucleo
0.455,-5.4739,0,Nucleo
0.535,-5.4739,0,Nucleo
0.615,-5.4739,0,Nucleo
0.695,-5.4739,0,Nucleo
0.775,-5.4739,0,Nucleo
0.855,-5.4739,0,Nucleo
0.935,-5.4739,0,Nucleo
1.015,-5.4739,0,Nucleo
1.095,-5.4739,0,Nucleo
1.175,-5.4739,0,Nucleo
1.255,-5.4739,0,Nucleo
1.335,-5.4739,0,Nucleo
1.415,-5.4739,0,Nucleo
1.495,-5.4739,0,Nucleo
1.575,-5.4739,0,Nucleo
1.655,-5.4739,0,Nucleo
1.735,-5.4739,0,Nucleo
1.815,-5.4739,0,Nucleo
1.895,-5.4739,0,Nucleo
1.975,-5.4739,0,Nucleo
2.055,-5.4739,0,Nucleo
2.135,-5.4739,0,Nucleo
2.215,-5.4739,0,Nucleo
2.295,-5.4739,0,Nucleo
2.375,-5.4739,0,Nucleo
2.455,-5.4739,0,Nucleo
2.535,-5.4739,0,Nucleo
2.615,-5.4739,0,Nucleo
2.695,-5.4739,0,Nucleo
2.775,-5.4739,0,Nucleo
2.855,-5.4739,0,Nucleo
2.935,-5.4739,0,Nucleo
3.015,-5.4739,0,Nucleo
3.095,-5.4739,0,Nucleo
3.175,-5.4739,0,Nucleo
3.255,-5.4739,0,Nucleo
3.335,-5.4739,0,Nucleo
3.415,-5.4739,0,Nucleo
-3.425,-5.4046,0,Nucleo
-3.345,-5.4046,0,Nucleo
-3.265,-5.4046,0,Nucleo
-3.185,-5.4046,0,Nucleo
-3.105,-5.4046,0,Nucleo
-3.025,-5.4046,0,Nucleo
-2.945,-5.4046,0,Nucleo
-2.865,-5.4046,0,Nucleo
-2.785,-5.4046,0,Nucleo
-2.705,-5.4046,0,Nucleo
-2.625,-5.4046,0,Nucleo
-2.545,-5.4046,0,Nucleo
-2.465,-5.4046,0,Nucleo
-2.385,-5.4046,0,Nucleo
-2.305,-5.4046,0,Nucleo
-2.225,-5.4046,0,Nucleo
-2.145,-5.4046,0,Nucleo
-2.065,-5.4046,0,Nucleo
-1.985,-5.4046,0,Nucleo
-1.905,-5.4046,0,Nucleo
-1.825,-5.4046,0,Nucleo
-1.745,-5.4046,0,Nucleo
-1.665,-5.4046,0,Nucleo
-1.585,-5.4046,0,Nucleo
-1.505,-5.4046,0,Nucleo
-1.425,-5.4046,0,Nucleo
-1.345,-5.4046,0,Nucleo
-1.265,-5.4046,0,Nucleo
-1.185,-5.4046,0,Nucleo
-1.105,-5.4046,0,Nucleo
-1.025,-5.4046,0,Nucleo
-0.945,-5.4046,0,Nucleo
-0.865,-5.4046,0,Nucleo
-0.785,-5.4046,0,Nucleo
-0.705,-5.4046,0,Nucleo
-0.625,-5.4046,0,Nucleo
-0.545,-5.4046,0,Nucleo
-0.465,-5.4046,0,Nucleo
-0.385,-5.4046,0,Nucleo
-0.305,-5.4046,0,Nucleo
-0.225,-5.4046,0,Nucleo
-0.145,-5.4046,0,Nucleo
-0.065,-5.4046,0,Nucleo
0.015,-5.4046,0,Nucleo
0.095,-5.4046,0,Nucleo
0.175,-5.4046,0,Nucleo
0.255,-5.4046,0,Nucleo
0.335,-5.4046,0,Nucleo
0.415,-5.4046,0,Nucleo
0.495,-5.4046,0,Nucleo
0.575,-5.4046,0,Nucleo
0.655,-5.4046,0,Nucleo
0.735,-5.4046,0,Nucleo
0.815,-5.4046,0,Nucleo
0.895,-5.4046,0,Nucleo
0.975,-5.4046,0,Nucleo
1.055,-5.4046,0,Nucleo
1.135,-5.4046,0,Nucleo
1.215,-5.4046,0,Nucleo
1.295,-5.4046,0,Nucleo
1.375,-5.4046,0,Nucleo
1.455,-5.4046,0,Nucleo
1.535,-5.4046,0,Nucleo
1.615,-5.4046,0,Nucleo
1.695,-5.4046,0,Nucleo
1.775,-5.4046,0,Nucleo
1.855,-5.4046,0,Nucleo
1.935,-5.4046,0,Nucleo
2.015,-5.4046,0,Nucleo
2.095,-5.4046,0,Nucleo
2.175,-5.4046,0,Nucleo
2.255,-5.4046,0,Nucleo
2.335,-5.4046,0,Nucleo
2.415,-5.4046,0,Nucleo
2.495,-5.4046,0,Nucleo
2.575,-5.4046,0,Nucleo
2.655,-5.4046,0,Nucleo
2.735,-5.4046,0,Nucleo
2.815,-5.4046,0,Nucleo
2.895,-5.4046,0,Nucleo
2.975,-5.4046,0,Nucleo
3.055,-5.4046,0,Nucleo
3.135,-5.4046,0,Nucleo
3.215,-5.4046,0,Nucleo
3.295,-5.4046,0,Nucleo
3.375,-5.4046,0,Nucleo
3.455,-5.4046,0,Nucleo
-3.385,-5.3353,0,Nucleo
-3.305,-5.3353,0,Nucleo
-3.225,-5.3353,0,Nucleo
-3.145,-5.3353,0,Nucleo
-3.065,-5.3353,0,Nucleo
-2.985,-5.3353,0,Nucleo
-2.905,-5.3353,0,Nucleo
-2.825,-5.3353,0,Nucleo
-2.745,-5.3353,0,Nucleo
-2.665,-5.3353,0,Nucleo
-2.585,-5.3353,0,Nucleo
-2.505,-5.3353,0,Nucleo
-2.425,-5.3353,0,Nucleo
-2.345,-5.3353,0,Nucleo
-2.265,-5.3353,0,Nucleo
-2.185,-5.3353,0,Nucleo
-2.105,-5.3353,0,Nucleo
-2.025,-5.3353,0,Nucleo
-1.945,-5.3353,0,Nucleo
-1.865,-5.3353,0,Nucleo
-1.785,-5.3353,0,Nucleo
-1.705,-5.3353,0,Nucleo
-1.625,-5.3353,0,Nucleo
-1.545,-5.3353,0,Nucleo
-1.465,-5.3353,0,Nucleo
-1.385,-5.3353,0,Nucleo
-1.305,-5.3353,0,Nucleo
-1.225,-5.3353,0,Nucleo
-1.145,-5.3353,0,Nucleo
-1.065,-5.3353,0,Nucleo
-0.985,-5.3353,0,Nucleo
-0.905,-5.3353,0,Nucleo
-0.825,-5.3353,0,Nucleo
-0.745,-5.3353,0,Nucleo
-0.665,-5.3353,0,Nucleo
-0.585,-5.3353,0,Nucleo
-0.505,-5.3353,0,Nucleo
-0.425,-5.3353,0,Nucleo
-0.345,-5.3353,0,Nucleo
-0.265,-5.3353,0,Nucleo
-0.185,-5.3353,0,Nucleo
-0.105,-5.3353,0,Nucleo
-0.025,-5.3353,0,Nucleo
0.055,-5.3353,0,Nucleo
0.135,-5.3353,0,Nucleo
0.215,-5.3353,0,Nucleo
0.295,-5.3353,0,Nucleo
0.375,-5.3353,0,Nucleo
0.455,-5.3353,0,Nucleo
0.535,-5.3353,0,Nucleo
0.615,-5.3353,0,Nucleo
0.695,-5.3353,0,Nucleo
0.775,-5.3353,0,Nucleo
0.855,-5.3353,0,Nucleo
0.935,-5.3353,0,Nucleo
1.015,-5.3353,0,Nucleo
1.095,-5.3353,0,Nucleo
1.175,-5.3353,0,Nucleo
1.255,-5.3353,0,Nucleo
1.335,-5.3353,0,Nucleo
1.415,-5.3353,0,Nucleo
1.495,-5.3353,0,Nucleo
1.575,-5.3353,0,Nucleo
1.655,-5.3353,0,Nucleo
1.735,-5.3353,0,Nucleo
1.815,-5.3353,0,Nucleo
1.895,-5.3353,0,Nucleo
1.975,-5.3353,0,Nucleo
2.055,-5.3353,0,Nucleo
2.135,-5.3353,0,Nucleo
2.215,-5.3353,0,Nucleo
2.295,-5.3353,0,Nucleo
2.375,-5.3353,0,Nucleo
2.455,-5.3353,0,Nucleo
2.535,-5.3353,0,Nucleo
2.615,-5.3353,0,Nucleo
2.695,-5.3353,0,Nucleo
2.775,-5.3353,0,Nucleo
2.855,-5.3353,0,Nucleo
2.935,-5.3353,0,Nucleo
3.015,-5.3353,0,Nucleo
3.095,-5.3353,0,Nucleo
3.175,-5.3353,0,Nucleo
3.255,-5.3353,0,Nucleo
3.335,-5.3353,0,Nucleo
3.415,-5.3353,0,Nucleo
-3.425,-5.266,0,Nucleo
-3.345,-5.266,0,Nucleo
-3.265,-5.266,0,Nucleo
-3.185,-5.266,0,Nucleo
-3.105,-5.266,0,Nucleo
-3.025,-5.266,0,Nucleo
-2.945,-5.266,0,Nucleo
-2.865,-5.266,0,Nucleo
-2.785,-5.266,0,Nucleo
-2.705,-5.266,0,Nucleo
-2.625,-5.266,0,Nucleo
-2.545,-5.266,0,Nucleo
-2.465,-5.266,0,Nucleo
-2.385,-5.266,0,Nucleo
-2.305,-5.266,0,Nucleo
-2.225,-5.266,0,Nucleo
-2.145,-5.266,0,Nucleo
-2.065,-5.266,0,Nucleo
-1.985,-5.266,0,Nucleo
-1.905,-5.266,0,Nucleo
-1.825,-5.266,0,Nucleo
-1.745,-5.266,0,Nucleo
-1.665,-5.266,0,Nucleo
-1.585,-5.266,0,Nucleo
-1.505,-5.266,0,Nucleo
-1.425,-5.266,0,Nucleo
-1.345,-5.266,0,Nucleo
-1.265,-5.266,0,Nucleo
-1.185,-5.266,0,Nucleo
-1.105,-5.266,0,Nucleo
-1.025,-5.266,0,Nucleo
-0.945,-5.266,0,Nucleo
-0.865,-5.266,0,Nucleo
-0.785,-5.266,0,Nucleo
-0.705,-5.266,0,Nucleo
-0.625,-5.266,0,Nucleo
-0.545,-5.266,0,Nucleo
-0.465,-5.266,0,Nucleo
-0.385,-5.266,0,Nucleo
-0.305,-5.266,0,Nucleo
-0.225,-5.266,0,Nucleo
-0.145,-5.266,0,Nucleo
-0.065,-5.266,0,Nucleo
0.015,-5.266,0,Nucleo
0.095,-5.266,0,Nucleo
0.175,-5.266,0,Nucleo
0.255,-5.266,0,Nucleo
0.335,-5.266,0,Nucleo
0.415,-5.266,0,Nucleo
0.495,-5.266,0,Nucleo
0.575,-5.266,0,Nucleo
0.655,-5.266,0,Nucleo
0.735,-5.266,0,Nucleo
0.815,-5.266,0,Nucleo
0.895,-5.266,0,Nucleo
0.975,-5.266,0,Nucleo
1.055,-5.266,0,Nucleo
1.135,-5.266,0,Nucleo
1.215,-5.266,0,Nucleo
1.295,-5.266,0,Nucleo
1.375,-5.266,0,Nucleo
1.455,-5.266,0,Nucleo
1.535,-5.266,0,Nucleo
1.615,-5.266,0,Nucleo
1.695,-5.266,0,Nucleo
1.775,-5.266,0,Nucleo
1.855,-5.266,0,Nucleo
1.935,-5.266,0,Nucleo
2.015,-5.266,0,Nucleo
2.095,-5.266,0,Nucleo
2.175,-5.266,0,Nucleo
2.255,-5.266,0,Nucleo
2.335,-5.266,0,Nucleo
2.415,-5.266,0,Nucleo
2.495,-5.266,0,Nucleo
2.575,-5.266,0,Nucleo
2.655,-5.266,0,Nucleo
2.735,-5.266,0,Nucleo
2.815,-5.266,0,Nucleo
2.895,-5.266,0,Nucleo
2.975,-5.266,0,Nucleo
3.055,-5.266,0,Nucleo
3.135,-5.266,0,Nucleo
3.215,-5.266,0,Nucleo
3.295,-5.266,0,Nucleo
3.375,-5.266,0,Nucleo
-3.385,-5.1967,0,Nucleo
-3.305,-5.1967,0,Nucleo
-3.225,-5.1967,0,Nucleo
-3.145,-5.1967,0,Nucleo
-3.065,-5.1967,0,Nucleo
-2.985,-5.1967,0,Nucleo
-2.905,-5.1967,0,Nucleo
-2.825,-5.1967,0,Nucleo
-2.745,-5.1967,0,Nucleo
-2.665,-5.1967,0,Nucleo
-2.585,-5.1967,0,Nucleo
-2.505,-5.1967,0,Nucleo
-2.425,-5.1967,0,Nucleo
-2.345,-5.1967,0,Nucleo
-2.265,-5.1967,0,Nucleo
-2.185,-5.1967,0,Nucleo
-2.105,-5.1967,0,Nucleo
-2.025,-5.1967,0,Nucleo
-1.945,-5.1967,0,Nucleo
-1.865,-5.1967,0,Nucleo
-1.785,-5.1967,0,Nucleo
-1.705,-5.1967,0,Nucleo
-1.625,-5.1967,0,Nucleo
-1.545,-5.1967,0,Nucleo
-1.465,-5.1967,0,Nucleo
-1.385,-5.1967,0,Nucleo
-1.305,-5.1967,0,Nucleo
-1.225,-5.1967,0,Nucleo
-1.145,-5.1967,0,Nucleo
-1.065,-5.1967,0,Nucleo
-0.985,-5.1967,0,Nucleo
-0.905,-5.1967,0,Nucleo
-0.825,-5.1967,0,Nucleo
-0.745,-5.1967,0,Nucleo
-0.665,-5.1967,0,Nucleo
-0.585,-5.1967,0,Nucleo
-0.505,-5.1967,0,Nucleo
-0.425,-5.1967,0,Nucleo
-0.345,-5.1967,0,Nucleo
-0.265,-5.1967,0,Nucleo
-0.185,-5.1967,0,Nucleo
-0.105,-5.1967,0,Nucleo
-0.025,-5.1967,0,Nucleo
0.055,-5.1967,0,Nucleo
0.135,-5.1967,0,Nucleo
0.215,-5.1967,0,Nucleo
0.295,-5.1967,0,Nucleo
0.375,-5.1967,0,Nucleo
0.455,-5.1967,0,Nucleo
0.535,-5.1967,0,Nucleo
0.615,-5.1967,0,Nucleo
0.695,-5.1967,0,Nucleo
0.775,-5.1967,0,Nucleo
0.855,-5.1967,0,Nucleo
0.935,-5.1967,0,Nucleo
1.015,-5.1967,0,Nucleo
1.095,-5.1967,0,Nucleo
1.175,-5.1967,0,Nucleo
1.255,-5.1967,0,Nucleo
1.335,-5.1967,0,Nucleo
1.415,-5.1967,0,Nucleo
1.495,-5.1967,0,Nucleo
1.575,-5.1967,0,Nucleo
1.655,-5.1967,0,Nucleo
1.735,-5.1967,0,Nucleo
1.815,-5.1967,0,Nucleo
1.895,-5.1967,0,Nucleo
1.975,-5.1967,0,Nucleo
2.055,-5.1967,0,Nucleo
2.135,-5.1967,0,Nucleo
2.215,-5.1967,0,Nucleo
2.295,-5.1967,0,Nucleo
2.375,-5.1967,0,Nucleo
2.455,-5.1967,0,Nucleo
2.535,-5.1967,0,Nucleo
2.615,-5.1967,0,Nucleo
2.695,-5.1967,0,Nucleo
2.775,-5.1967,0,Nucleo
2.855,-5.1967,0,Nucleo
2.935,-5.1967,0,Nucleo
3.015,-5.1967,0,Nucleo
3.095,-5.1967,0,Nucleo
3.175,-5.1967,0,Nucleo
3.255,-5.1967,0,Nucleo
3.335,-5.1967,0,Nucleo
3.415,-5.1967,0,Nucleo
-3.345,-5.1275,0,Nucleo
-3.265,-5.1275,0,Nucleo
-3.185,-5.1275,0,Nucleo
-3.105,-5.1275,0,Nucleo
-3.025,-5.1275,0,Nucleo
-2.945,-5.1275,0,Nucleo
-2.865,-5.1275,0,Nucleo
-2.785,-5.1275,0,Nucleo
-2.705,-5.1275,0,Nucleo
-2.625,-5.1275,0,Nucleo
-2.545,-5.1275,0,Nucleo
-2.465,-5.1275,0,Nucleo
-2.385,-5.1275,0,Nucleo
-2.305,-5.1275,0,Nucleo
-2.225,-5.1275,0,Nucleo
-2.145,-5.1275,0,Nucleo
-2.065,-5.1275,0,Nucleo
-1.985,-5.1275,0,Nucleo
-1.905,-5.1275,0,Nucleo
-1.825,-5.1275,0,Nucleo
-1.745,-5.1275,0,Nucleo
-1.665,-5.1275,0,Nucleo
-1.585,-5.1275,0,Nucleo
-1.505,-5.1275,0,Nucleo
-1.425,-5.1275,0,Nucleo
-1.345,-5.1275,0,Nucleo
-1.265,-5.1275,0,Nucleo
-1.185,-5.1275,0,Nucleo
-1.105,-5.1275,0,Nucleo
-1.025,-5.1275,0,Nucleo
-0.945,-5.1275,0,Nucleo
-0.865,-5.1275,0,Nucleo
-0.785,-5.1275,0,Nucleo
-0.705,-5.1275,0,Nucleo
-0.625,-5.1275,0,Nucleo
-0.545,-5.1275,0,Nucleo
-0.465,-5.1275,0,Nucleo
-0.385,-5.1275,0,Nucleo
-0.305,-5.1275,0,Nucleo
-0.225,-5.1275,0,Nucleo
-0.145,-5.1275,0,Nucleo
-0.065,-5.1275,0,Nucleo
0.015,-5.1275,0,Nucleo
0.095,-5.1275,0,Nucleo
0.175,-5.1275,0,Nucleo
0.255,-5.1275,0,Nucleo
0.335,-5.1275,0,Nucleo
0.415,-5.1275,0,Nucleo
0.495,-5.1275,0,Nucleo
0.575,-5.1275,0,Nucleo
0.655,-5.1275,0,Nucleo
0.735,-5.1275,0,Nucleo
0.815,-5.1275,0,Nucleo
0.895,-5.1275,0,Nucleo
0.975,-5.1275,0,Nucleo
1.055,-5.1275,0,Nucleo
1.135,-5.1275,0,Nucleo
1.215,-5.1275,0,Nucleo
1.295,-5.1275,0,Nucleo
1.375,-5.1275,0,Nucleo
1.455,-5.1275,0,Nucleo
1.535,-5.1275,0,Nucleo
1.615,-5.1275,0,Nucleo
1.695,-5.1275,0,Nucleo
1.775,-5.1275,0,Nucleo
1.855,-5.1275,0,Nucleo
1.935,-5.1275,0,Nucleo
2.015,-5.1275,0,Nucleo
2.095,-5.1275,0,Nucleo
2.175,-5.1275,0,Nucleo
2.255,-5.1275,0,Nucleo
2.335,-5.1275,0,Nucleo
2.415,-5.1275,0,Nucleo
2.495,-5.1275,0,Nucleo
2.575,-5.1275,0,Nucleo
2.655,-5.1275,0,Nucleo
2.735,-5.1275,0,Nucleo
2.815,-5.1275,0,Nucleo
2.895,-5.1275,0,Nucleo
2.975,-5.1275,0,Nucleo
3.055,-5.1275,0,Nucleo
3.135,-5.1275,0,Nucleo
3.215,-5.1275,0,Nucleo
3.295,-5.1275,0,Nucleo
3.375,-5.1275,0,Nucleo
-3.385,-5.0582,0,Nucleo
-3.305,-5.0582,0,Nucleo
-3.225,-5.0582,0,Nucleo
-3.145,-5.0582,0,Nucleo
-3.065,-5.0582,0,Nucleo
-2.985,-5.0582,0,Nucleo
-2.905,-5.0582,0,Nucleo
-2.825,-5.0582,0,Nucleo
-2.745,-5.0582,0,Nucleo
-2.665,-5.0582,0,Nucleo
-2.585,-5.0582,0,Nucleo
-2.505,-5.0582,0,Nucleo
-2.425,-5.0582,0,Nucleo
-2.345,-5.0582,0,Nucleo
-2.265,-5.0582,0,Nucleo
-2.185,-5.0582,0,Nucleo
-2.105,-5.0582,0,Nucleo
-2.025,-5.0582,0,Nucleo
-1.945,-5.0582,0,Nucleo
-1.865,-5.0582,0,Nucleo
-1.785,-5.0582,0,Nucleo
-1.705,-5.0582,0,Nucleo
-1.625,-5.0582,0,Nucleo
-1.545,-5.0582,0,Nucleo
-1.465,-5.0582,0,Nucleo
-1.385,-5.0582,0,Nucleo
-1.305,-5.0582,0,Nucleo
-1.225,-5.0582,0,Nucleo
-1.145,-5.0582,0,Nucleo
-1.065,-5.0582,0,Nucleo
-0.985,-5.0582,0,Nucleo
-0.905,-5.0582,0,Nucleo
-0.825,-5.0582,0,Nucleo
-0.745,-5.0582,0,Nucleo
-0.665,-5.0582,0,Nucleo
-0.585,-5.0582,0,Nucleo
-0.505,-5.0582,0,Nucleo
-0.425,-5.0582,0,Nucleo
-0.345,-5.0582,0,Nucleo
-0.265,-5.0582,0,Nucleo
-0.185,-5.0582,0,Nucleo
-0.105,-5.0582,0,Nucleo
-0.025,-5.0582,0,Nucleo
0.055,-5.0582,0,Nucleo
0.135,-5.0582,0,Nucleo
0.215,-5.0582,0,Nucleo
0.295,-5.0582,0,Nucleo
0.375,-5.0582,0,Nucleo
0.455,-5.0582,0,Nucleo
0.535,-5.0582,0,Nucleo
0.615,-5.0582,0,Nucleo
0.695,-5.0582,0,Nucleo
0.775,-5.0582,0,Nucleo
0.855,-5.0582,0,Nucleo
0.935,-5.0582,0,Nucleo
1.015,-5.0582,0,Nucleo
1.095,-5.0582,0,Nucleo
1.175,-5.0582,0,Nucleo
1.255,-5.0582,0,Nucleo
1.335,-5.0582,0,Nucleo
1.415,-5.0582,0,Nucleo
1.495,-5.0582,0,Nucleo
1.575,-5.0582,0,Nucleo
1.655,-5.0582,0,Nucleo
1.735,-5.0582,0,Nucleo
1.815,-5.0582,0,Nucleo
1.895,-5.0582,0,Nucleo
1.975,-5.0582,0,Nucleo
2.055,-5.0582,0,Nucleo
2.135,-5.0582,0,Nucleo
2.215,-5.0582,0,Nucleo
2.295,-5.0582,0,Nucleo
2.375,-5.0582,0,Nucleo
2.455,-5.0582,0,Nucleo
2.535,-5.0582,0,Nucleo
2.615,-5.0582,0,Nucleo
2.695,-5.0582,0,Nucleo
2.775,-5.0582,0,Nucleo
2.855,-5.0582,0,Nucleo
2.935,-5.0582,0,Nucleo
3.015,-5.0582,0,Nucleo
3.095,-5.0582,0,Nucleo
3.175,-5.0582,0,Nucleo
3.255,-5.0582,0,Nucleo
3.335,-5.0582,0,Nucleo
-3.345,-4.9889,0,Nucleo
-3.265,-4.9889,0,Nucleo
-3.185,-4.9889,0,Nucleo
-3.105,-4.9889,0,Nucleo
-3.025,-4.9889,0,Nucleo
-2.945,-4.9889,0,Nucleo
-2.865,-4.9889,0,Nucleo
-2.785,-4.9889,0,Nucleo
-2.705,-4.9889,0,Nucleo
-2.625,-4.9889,0,Nucleo
-2.545,-4.9889,0,Nucleo
-2.465,-4.9889,0,Nucleo
-2.385,-4.9889,0,Nucleo
-2.305,-4.9889,0,Nucleo
-2.225,-4.9889,0,Nucleo
-2.145,-4.9889,0,Nucleo
-2.065,-4.9889,0,Nucleo
-1.985,-4.9889,0,Nucleo
-1.905,-4.9889,0,Nucleo
-1.825,-4.9889,0,Nucleo
-1.745,-4.9889,0,Nucleo
-1.665,-4.9889,0,Nucleo
-1.585,-4.9889,0,Nucleo
-1.505,-4.9889,0,Nucleo
-1.425,-4.9889,0,Nucleo
-1.345,-4.9889,0,Nucleo
-1.265,-4.9889,0,Nucleo
-1.185,-4.9889,0,Nucleo
-1.105,-4.9889,0,Nucleo
-1.025,-4.9889,0,Nucleo
-0.945,-4.9889,0,Nucleo
-0.865,-4.9889,0,Nucleo
-0.785,-4.9889,0,Nucleo
-0.705,-4.9889,0,Nucleo
-0.625,-4.9889,0,Nucleo
-0.545,-4.9889,0,Nucleo
-0.465,-4.9889,0,Nucleo
-0.385,-4.9889,0,Nucleo
-0.305,-4.9889,0,Nucleo
-0.225,-4.9889,0,Nucleo
-0.145,-4.9889,0,Nucleo
-0.065,-4.9889,0,Nucleo
0.015,-4.9889,0,Nucleo
0.095,-4.9889,0,Nucleo
0.175,-4.9889,0,Nucleo
0.255,-4.9889,0,Nucleo
0.335,-4.9889,0,Nucleo
0.415,-4.9889,0,Nucleo
0.495,-4.9889,0,Nucleo
0.575,-4.9889,0,Nucleo
0.655,-4.9889,0,Nucleo
0.735,-4.9889,0,Nucleo
0.815,-4.9889,0,Nucleo
0.895,-4.9889,0,Nucleo
0.975,-4.9889,0,Nucleo
1.055,-4.9889,0,Nucleo
1.135,-4.9889,0,Nucleo
1.215,-4.9889,0,Nucleo
1.295,-4.9889,0,Nucleo
1.375,-4.9889,0,Nucleo
1.455,-4.9889,0,Nucleo
1.535,-4.9889,0,Nucleo
1.615,-4.9889,0,Nucleo
1.695,-4.9889,0,Nucleo
1.775,-4.9889,0,Nucleo
1.855,-4.9889,0,Nucleo
1.935,-4.9889,0,Nucleo
2.015,-4.9889,0,Nucleo
2.095,-4.9889,0,Nucleo
2.175,-4.9889,0,Nucleo
2.255,-4.9889,0,Nucleo
2.335,-4.9889,0,Nucleo
2.415,-4.9889,0,Nucleo
2.495,-4.9889,0,Nucleo
2.575,-4.9889,0,Nucleo
2.655,-4.9889,0,Nucleo
2.735,-4.9889,0,Nucleo
2.815,-4.9889,0,Nucleo
2.895,-4.9889,0,Nucleo
2.975,-4.9889,0,Nucleo
3.055,-4.9889,0,Nucleo
3.135,-4.9889,0,Nucleo
3.215,-4.9889,0,Nucleo
3.295,-4.9889,0,Nucleo
3.375,-4.9889,0,Nucleo
-3.305,-4.9196,0,Nucleo
-3.225,-4.9196,0,Nucleo
-3.145,-4.9196,0,Nucleo
-3.065,-4.9196,0,Nucleo
-2.985,-4.9196,0,Nucleo
-2.905,-4.9196,0,Nucleo
-2.825,-4.9196,0,Nucleo
-2.745,-4.9196,0,Nucleo
-2.665,-4.9196,0,Nucleo
-2.585,-4.9196,0,Nucleo
-2.505,-4.9196,0,Nucleo
-2.425,-4.9196,0,Nucleo
-2.345,-4.9196,0,Nucleo
-2.265,-4.9196,0,Nucleo
-2.185,-4.9196,0,Nucleo
-2.105,-4.9196,0,Nucleo
-2.025,-4.9196,0,Nucleo
-1.945,-4.9196,0,Nucleo
-1.865,-4.9196,0,Nucleo
-1.785,-4.9196,0,Nucleo
-1.705,-4.9196,0,Nucleo
-1.625,-4.9196,0,Nucleo
-1.545,-4.9196,0,Nucleo
-1.465,-4.9196,0,Nucleo
-1.385,-4.9196,0,Nucleo
-1.305,-4.9196,0,Nucleo
-1.225,-4.9196,0,Nucleo
-1.145,-4.9196,0,Nucleo
-1.065,-4.9196,0,Nucleo
-0.985,-4.9196,0,Nucleo
-0.905,-4.9196,0,Nucleo
-0.825,-4.9196,0,Nucleo
-0.745,-4.9196,0,Nucleo
-0.665,-4.9196,0,Nucleo
-0.585,-4.9196,0,Nucleo
-0.505,-4.9196,0,Nucleo
-0.425,-4.9196,0,Nucleo
-0.345,-4.9196,0,Nucleo
-0.265,-4.9196,0,Nucleo
-0.185,-4.9196,0,Nucleo
-0.105,-4.9196,0,Nucleo
-0.025,-4.9196,0,Nucleo
0.055,-4.9196,0,Nucleo
0.135,-4.9196,0,Nucleo
0.215,-4.9196,0,Nucleo
0.295,-4.9196,0,Nucleo
0.375,-4.9196,0,Nucleo
0.455,-4.9196,0,Nucleo
0.535,-4.9196,0,Nucleo
0.615,-4.9196,0,Nucleo
0.695,-4.9196,0,Nucleo
0.775,-4.9196,0,Nucleo
0.855,-4.9196,0,Nucleo
0.935,-4.9196,0,Nucleo
1.015,-4.9196,0,Nucleo
1.095,-4.9196,0,Nucleo
1.175,-4.9196,0,Nucleo
1.255,-4.9196,0,Nucleo
1.335,-4.9196,0,Nucleo
1.415,-4.9196,0,Nucleo
1.495,-4.9196,0,Nucleo
1.575,-4.9196,0,Nucleo
1.655,-4.9196,0,Nucleo
1.735,-4.9196,0,Nucleo
1.815,-4.9196,0,Nucleo
1.895,-4.9196,0,Nucleo
1.975,-4.9196,0,Nucleo
2.055,-4.9196,0,Nucleo
2.135,-4.9196,0,Nucleo
2.215,-4.9196,0,Nucleo
2.295,-4.9196,0,Nucleo
2.375,-4.9196,0,Nucleo
2.455,-4.9196,0,Nucleo
2.535,-4.9196,0,Nucleo
2.615,-4.9196,0,Nucleo
2.695,-4.9196,0,Nucleo
2.775,-4.9196,0,Nucleo
2.855,-4.9196,0,Nucleo
2.935,-4.9196,0,Nucleo
3.015,-4.9196,0,Nucleo
3.095,-4.9196,0,Nucleo
3.175,-4.9196,0,Nucleo
3.255,-4.9196,0,Nucleo
3.335,-4.9196,0,Nucleo
-3.345,-4.8503,0,Nucleo
-3.265,-4.8503,0,Nucleo
-3.185,-4.8503,0,Nucleo
-3.105,-4.8503,0,Nucleo
-3.025,-4.8503,0,Nucleo
-2.945,-4.8503,0,Nucleo
-2.865,-4.8503,0,Nucleo
-2.785,-4.8503,0,Nucleo
-2.705,-4.8503,0,Nucleo
-2.625,-4.8503,0,Nucleo
-2.545,-4.8503,0,Nucleo
-2.465,-4.8503,0,Nucleo
-2.385,-4.8503,0,Nucleo
-2.305,-4.8503,0,Nucleo
-2.225,-4.8503,0,Nucleo
-2.145,-4.8503,0,Nucleo
-2.065,-4.8503,0,Nucleo
-1.985,-4.8503,0,Nucleo
-1.905,-4.8503,0,Nucleo
-1.825,-4.8503,0,Nucleo
-1.745,-4.8503,0,Nucleo
-1.665,-4.8503,0,Nucleo
-1.585,-4.8503,0,Nucleo
-1.505,-4.8503,0,Nucleo
-1.425,-4.8503,0,Nucleo
-1.345,-4.8503,0,Nucleo
-1.265,-4.8503,0,Nucleo
-1.185,-4.8503,0,Nucleo
-1.105,-4.8503,0,Nucleo
-1.025,-4.8503,0,Nucleo
-0.945,-4.8503,0,Nucleo
-0.865,-4.8503,0,Nucleo
-0.785,-4.8503,0,Nucleo
-0.705,-4.8503,0,Nucleo
-0.625,-4.8503,0,Nucleo
-0.545,-4.8503,0,Nucleo
-0.465,-4.8503,0,Nucleo
-0.385,-4.8503,0,Nucleo
-0.305,-4.8503,0,Nucleo
-0.225,-4.8503,0,Nucleo
-0.145,-4.8503,0,Nucleo
-0.065,-4.8503,0,Nucleo
0.015,-4.8503,0,Nucleo
0.095,-4.8503,0,Nucleo
0.175,-4.8503,0,Nucleo
0.255,-4.8503,0,Nucleo
0.335,-4.8503,0,Nucleo
0.415,-4.8503,0,Nucleo
0.495,-4.8503,0,Nucleo
0.575,-4.8503,0,Nucleo
0.655,-4.8503,0,Nucleo
0.735,-4.8503,0,Nucleo
0.815,-4.8503,0,Nucleo
0.895,-4.8503,0,Nucleo
0.975,-4.8503,0,Nucleo
1.055,-4.8503,0,Nucleo
1.135,-4.8503,0,Nucleo
1.215,-4.8503,0,Nucleo
1.295,-4.8503,0,Nucleo
1.375,-4.8503,0,Nucleo
1.455,-4.8503,0,Nucleo
1.535,-4.8503,0,Nucleo
1.615,-4.8503,0,Nucleo
1.695,-4.8503,0,Nucleo
1.775,-4.8503,0,Nucleo
1.855,-4.8503,0,Nucleo
1.935,-4.8503,0,Nucleo
2.015,-4.8503,0,Nucleo
2.095,-4.8503,0,Nucleo
2.175,-4.8503,0,Nucleo
2.255,-4.8503,0,Nucleo
2.335,-4.8503,0,Nucleo
2.415,-4.8503,0,Nucleo
2.495,-4.8503,0,Nucleo
2.575,-4.8503,0,Nucleo
2.655,-4.8503,0,Nucleo
2.735,-4.8503,0,Nucleo
2.815,-4.8503,0,Nucleo
2.895,-4.8503,0,Nucleo
2.975,-4.8503,0,Nucleo
3.055,-4.8503,0,Nucleo
3.135,-4.8503,0,Nucleo
3.215,-4.8503,0,Nucleo
3.295,-4.8503,0,Nucleo
-3.305,-4.7811,0,Nucleo
-3.225,-4.7811,0,Nucleo
-3.145,-4.7811,0,Nucleo
-3.065,-4.7811,0,Nucleo
-2.985,-4.7811,0,Nucleo
-2.905,-4.7811,0,Nucleo
-2.825,-4.7811,0,Nucleo
-2.745,-4.7811,0,Nucleo
-2.665,-4.7811,0,Nucleo
-2.585,-4.7811,0,Nucleo
-2.505,-4.7811,0,Nucleo
-2.425,-4.7811,0,Nucleo
-2.345,-4.7811,0,Nucleo
-2.265,-4.7811,0,Nucleo
-2.185,-4.7811,0,Nucleo
-2.105,-4.7811,0,Nucleo
-2.025,-4.7811,0,Nucleo
-1.945,-4.7811,0,Nucleo
-1.865,-4.7811,0,Nucleo
-1.785,-4.7811,0,Nucleo
-1.705,-4.7811,0,Nucleo
-1.625,-4.7811,0,Nucleo
-1.545,-4.7811,0,Nucleo
-1.465,-4.7811,0,Nucleo
-1.385,-4.7811,0,Nucleo
-1.305,-4.7811,0,Nucleo
-1.225,-4.7811,0,Nucleo
-1.145,-4.7811,0,Nucleo
-1.065,-4.7811,0,Nucleo
-0.985,-4.7811,0,Nucleo
-0.905,-4.7811,0,Nucleo
-0.825,-4.7811,0,Nucleo
-0.745,-4.7811,0,Nucleo
-0.665,-4.7811,0,Nucleo
-0.585,-4.7811,0,Nucleo
-0.505,-4.7811,0,Nucleo
-0.425,-4.7811,0,Nucleo
-0.345,-4.7811,0,Nucleo
-0.265,-4.7811,0,Nucleo
-0.185,-4.7811,0,Nucleo
-0.105,-4.7811,0,Nucleo
-0.025,-4.7811,0,Nucleo
0.055,-4.7811,0,Nucleo
0.135,-4.7811,0,Nucleo
0.215,-4.7811,0,Nucleo
0.295,-4.7811,0,Nucleo
0.375,-4.7811,0,Nucleo
0.455,-4.7811,0,Nucleo
0.535,-4.7811,0,Nucleo
0.615,-4.7811,0,Nucleo
0.695,-4.7811,0,Nucleo
0.775,-4.7811,0,Nucleo
0.855,-4.7811,0,Nucleo
0.935,-4.7811,0,Nucleo
1.015,-4.7811,0,Nucleo
1.095,-4.7811,0,Nucleo
1.175,-4.7811,0,Nucleo
1.255,-4.7811,0,Nucleo
1.335,-4.7811,0,Nucleo
1.415,-4.7811,0,Nucleo
1.495,-4.7811,0,Nucleo
1.575,-4.7811,0,Nucleo
1.655,-4.7811,0,Nucleo
1.735,-4.7811,0,Nucleo
1.815,-4.7811,0,Nucleo
1.895,-4.7811,0,Nucleo
1.975,-4.7811,0,Nucleo
2.055,-4.7811,0,Nucleo
2.135,-4.7811,0,Nucleo
2.215,-4.7811,0,Nucleo
2.295,-4.7811,0,Nucleo
2.375,-4.7811,0,Nucleo
2.455,-4.7811,0,Nucleo
2.535,-4.7811,0,Nucleo
2.615,-4.7811,0,Nucleo
2.695,-4.7811,0,Nucleo
2.775,-4.7811,0,Nucleo
2.855,-4.7811,0,Nucleo
2.935,-4.7811,0,Nucleo
3.015,-4.7811,0,Nucleo
3.095,-4.7811,0,Nucleo
3.175,-4.7811,0,Nucleo
3.255,-4.7811,0,Nucleo
-3.265,-4.7118,0,Nucleo
-3.185,-4.7118,0,Nucleo
-3.105,-4.7118,0,Nucleo
-3.025,-4.7118,0,Nucleo
-2.945,-4.7118,0,Nucleo
-2.865,-4.7118,0,Nucleo
-2.785,-4.7118,0,Nucleo
-2.705,-4.7118,0,Nucleo
-2.625,-4.7118,0,Nucleo
-2.545,-4.7118,0,Nucleo
-2.465,-4.7118,0,Nucleo
-2.385,-4.7118,0,Nucleo
-2.305,-4.7118,0,Nucleo
-2.225,-4.7118,0,Nucleo
-2.145,-4.7118,0,Nucleo
-2.065,-4.7118,0,Nucleo
-1.985,-4.7118,0,Nucleo
-1.905,-4.7118,0,Nucleo
-1.825,-4.7118,0,Nucleo
-1.745,-4.7118,0,Nucleo
-1.665,-4.7118,0,Nucleo
-1.585,-4.7118,0,Nucleo
-1.505,-4.7118,0,Nucleo
-1.425,-4.7118,0,Nucleo
-1.345,-4.7118,0,Nucleo
-1.265,-4.7118,0,Nucleo
-1.185,-4.7118,0,Nucleo
-1.105,-4.7118,0,Nucleo
-1.025,-4.7118,0,Nucleo
-0.945,-4.7118,0,Nucleo
-0.865,-4.7118,0,Nucleo
-0.785,-4.7118,0,Nucleo
-0.705,-4.7118,0,Nucleo
-0.625,-4.7118,0,Nucleo
-0.545,-4.7118,0,Nucleo
-0.465,-4.7118,0,Nucleo
-0.385,-4.7118,0,Nucleo
-0.305,-4.7118,0,Nucleo
-0.225,-4.7118,0,Nucleo
-0.145,-4.7118,0,Nucleo
-0.065,-4.7118,0,Nucleo
0.015,-4.7118,0,Nucleo
0.095,-4.7118,0,Nucleo
0.175,-4.7118,0,Nucleo
0.255,-4.7118,0,Nucleo
0.335,-4.7118,0,Nucleo
0.415,-4.7118,0,Nucleo
0.495,-4.7118,0,Nucleo
0.575,-4.7118,0,Nucleo
0.655,-4.7118,0,Nucleo
0.735,-4.7118,0,Nucleo
0.815,-4.7118,0,Nucleo
0.895,-4.7118,0,Nucleo
0.975,-4.7118,0,Nucleo
1.055,-4.7118,0,Nucleo
1.135,-4.7118,0,Nucleo
1.215,-4.7118,0,Nucleo
1.295,-4.7118,0,Nucleo
1.375,-4.7118,0,Nucleo
1.455,-4.7118,0,Nucleo
1.535,-4.7118,0,Nucleo
1.615,-4.7118,0,Nucleo
1.695,-4.7118,0,Nucleo
1.775,-4.7118,0,Nucleo
1.855,-4.7118,0,Nucleo
1.935,-4.7118,0,Nucleo
2.015,-4.7118,0,Nucleo
2.095,-4.7118,0,Nucleo
2.175,-4.7118,0,Nucleo
2.255,-4.7118,0,Nucleo
2.335,-4.7118,0,Nucleo
2.415,-4.7118,0,Nucleo
2.495,-4.7118,0,Nucleo
2.575,-4.7118,0,Nucleo
2.655,-4.7118,0,Nucleo
2.735,-4.7118,0,Nucleo
2.815,-4.7118,0,Nucleo
2.895,-4.7118,0,Nucleo
2.975,-4.7118,0,Nucleo
3.055,-4.7118,0,Nucleo
3.135,-4.7118,0,Nucleo
3.215,-4.7118,0,Nucleo
3.295,-4.7118,0,Nucleo
-3.225,-4.6425,0,Nucleo
-3.145,-4.6425,0,Nucleo
-3.065,-4.6425,0,Nucleo
-2.985,-4.6425,0,Nucleo
-2.905,-4.6425,0,Nucleo
-2.825,-4.6425,0,Nucleo
-2.745,-4.6425,0,Nucleo
-2.665,-4.6425,0,Nucleo
-2.585,-4.6425,0,Nucleo
-2.505,-4.6425,0,Nucleo
-2.425,-4.6425,0,Nucleo
-2.345,-4.6425,0,Nucleo
-2.265,-4.6425,0,Nucleo
-2.185,-4.6425,0,Nucleo
-2.105,-4.6425,0,Nucleo
-2.025,-4.6425,0,Nucleo
-1.945,-4.6425,0,Nucleo
-1.865,-4.6425,0,Nucleo
-1.785,-4.6425,0,Nucleo
-1.705,-4.6425,0,Nucleo
-1.625,-4.6425,0,Nucleo
-1.545,-4.6425,0,Nucleo
-1.465,-4.6425,0,Nucleo
-1.385,-4.6425,0,Nucleo
-1.305,-4.6425,0,Nucleo
-1.225,-4.6425,0,Nucleo
-1.145,-4.6425,0,Nucleo
-1.065,-4.6425,0,Nucleo
-0.985,-4.6425,0,Nucleo
-0.905,-4.6425,0,Nucleo
-0.825,-4.6425,0,Nucleo
-0.745,-4.6425,0,Nucleo
-0.665,-4.6425,0,Nucleo
-0.585,-4.6425,0,Nucleo
-0.505,-4.6425,0,Nucleo
-0.425,-4.6425,0,Nucleo
-0.345,-4.6425,0,Nucleo
-0.265,-4.6425,0,Nucleo
-0.185,-4.6425,0,Nucleo
-0.105,-4.6425,0,Nucleo
-0.025,-4.6425,0,Nucleo
0.055,-4.6425,0,Nucleo
0.135,-4.6425,0,Nucleo
0.215,-4.6425,0,Nucleo
0.295,-4.6425,0,Nucleo
0.375,-4.6425,0,Nucleo
0.455,-4.6425,0,Nucleo
0.535,-4.6425,0,Nucleo
0.615,-4.6425,0,Nucleo
0.695,-4.6425,0,Nucleo
0.775,-4.6425,0,Nucleo
0.855,-4.6425,0,Nucleo
0.935,-4.6425,0,Nucleo
1.015,-4.6425,0,Nucleo
1.095,-4.6425,0,Nucleo
1.175,-4.6425,0,Nucleo
1.255,-4.6425,0,Nucleo
1.335,-4.6425,0,Nucleo
1.415,-4.6425,0,Nucleo
1.495,-4.6425,0,Nucleo
1.575,-4.6425,0,Nucleo
1.655,-4.6425,0,Nucleo
1.735,-4.6425,0,Nucleo
1.815,-4.6425,0,Nucleo
1.895,-4.6425,0,Nucleo
1.975,-4.6425,0,Nucleo
2.055,-4.6425,0,Nucleo
2.135,-4.6425,0,Nucleo
2.215,-4.6425,0,Nucleo
2.295,-4.6425,0,Nucleo
2.375,-4.6425,0,Nucleo
2.455,-4.6425,0,Nucleo
2.535,-4.6425,0,Nucleo
2.615,-4.6425,0,Nucleo
2.695,-4.6425,0,Nucleo
2.775,-4.6425,0,Nucleo
2.855,-4.6425,0,Nucleo
2.935,-4.6425,0,Nucleo
3.015,-4.6425,0,Nucleo
3.095,-4.6425,0,Nucleo
3.175,-4.6425,0,Nucleo
3.255,-4.6425,0,Nucleo
-3.185,-4.5732,0,Nucleo
-3.105,-4.5732,0,Nucleo
-3.025,-4.5732,0,Nucleo
-2.945,-4.5732,0,Nucleo
-2.865,-4.5732,0,Nucleo
-2.785,-4.5732,0,Nucleo
-2.705,-4.5732,0,Nucleo
-2.625,-4.5732,0,Nucleo
-2.545,-4.5732,0,Nucleo
-2.465,-4.5732,0,Nucleo
-2.385,-4.5732,0,Nucleo
-2.305,-4.5732,0,Nucleo
-2.225,-4.5732,0,Nucleo
-2.145,-4.5732,0,Nucleo
-2.065,-4.5732,0,Nucleo
-1.985,-4.5732,0,Nucleo
-1.905,-4.5732,0,Nucleo
-1.825,-4.5732,0,Nucleo
-1.745,-4.5732,0,Nucleo
-1.665,-4.5732,0,Nucleo
-1.585,-4.5732,0,Nucleo
-1.505,-4.5732,0,Nucleo
-1.425,-4.5732,0,Nucleo
-1.345,-4.5732,0,Nucleo
-1.265,-4.5732,0,Nucleo
-1.185,-4.5732,0,Nucleo
-1.105,-4.5732,0,Nucleo
-1.025,-4.5732,0,Nucleo
-0.945,-4.5732,0,Nucleo
-0.865,-4.5732,0,Nucleo
-0.785,-4.5732,0,Nucleo
-0.705,-4.5732,0,Nucleo
-0.625,-4.5732,0,Nucleo
-0.545,-4.5732,0,Nucleo
-0.465,-4.5732,0,Nucleo
-0.385,-4.5732,0,Nucleo
-0.305,-4.5732,0,Nucleo
-0.225,-4.5732,0,Nucleo
-0.145,-4.5732,0,Nucleo
-0.065,-4.5732,0,Nucleo
0.015,-4.5732,0,Nucleo
0.095,-4.5732,0,Nucleo
0.175,-4.5732,0,Nucleo
0.255,-4.5732,0,Nucleo
0.335,-4.5732,0,Nucleo
0.415,-4.5732,0,Nucleo
0.495,-4.5732,0,Nucleo
0.575,-4.5732,0,Nucleo
0.655,-4.5732,0,Nucleo
0.735,-4.5732,0,Nucleo
0.815,-4.5732,0,Nucleo
0.895,-4.5732,0,Nucleo
0.975,-4.5732,0,Nucleo
1.055,-4.5732,0,Nucleo
1.135,-4.5732,0,Nucleo
1.215,-4.5732,0,Nucleo
1.295,-4.5732,0,Nucleo
1.375,-4.5732,0,Nucleo
1.455,-4.5732,0,Nucleo
1.535,-4.5732,0,Nucleo
1.615,-4.5732,0,Nucleo
1.695,-4.5732,0,Nucleo
1.775,-4.5732,0,Nucleo
1.855,-4.5732,0,Nucleo
1.935,-4.5732,0,Nucleo
2.015,-4.5732,0,Nucleo
2.095,-4.5732,0,Nucleo
2.175,-4.5732,0,Nucleo
2.255,-4.5732,0,Nucleo
2.335,-4.5732,0,Nucleo
2.415,-4.5732,0,Nucleo
2.495,-4.5732,0,Nucleo
2.575,-4.5732,0,Nucleo
2.655,-4.5732,0,Nucleo
2.735,-4.5732,0,Nucleo
2.815,-4.5732,0,Nucleo
2.895,-4.5732,0,Nucleo
2.975,-4.5732,0,Nucleo
3.055,-4.5732,0,Nucleo
3.135,-4.5732,0,Nucleo
3.215,-4.5732,0,Nucleo
-3.225,-4.5039,0,Nucleo
-3.145,-4.5039,0,Nucleo
-3.065,-4.5039,0,Nucleo
-2.985,-4.5039,0,Nucleo
-2.905,-4.5039,0,Nucleo
-2.825,-4.5039,0,Nucleo
-2.745,-4.5039,0,Nucleo
-2.665,-4.5039,0,Nucleo
-2.585,-4.5039,0,Nucleo
-2.505,-4.5039,0,Nucleo
-2.425,-4.5039,0,Nucleo
-2.345,-4.5039,0,Nucleo
-2.265,-4.5039,0,Nucleo
-2.185,-4.5039,0,Nucleo
-2.105,-4.5039,0,Nucleo
-2.025,-4.5039,0,Nucleo
-1.945,-4.5039,0,Nucleo
-1.865,-4.5039,0,Nucleo
-1.785,-4.5039,0,Nucleo
-1.705,-4.5039,0,Nucleo
-1.625,-4.5039,0,Nucleo
-1.545,-4.5039,0,Nucleo
-1.465,-4.5039,0,Nucleo
-1.385,-4.5039,0,Nucleo
-1.305,-4.5039,0,Nucleo
-1.225,-4.5039,0,Nucleo
-1.145,-4.5039,0,Nucleo
-1.065,-4.5039,0,Nucleo
-0.985,-4.5039,0,Nucleo
-0.905,-4.5039,0,Nucleo
-0.825,-4.5039,0,Nucleo
-0.745,-4.5039,0,Nucleo
-0.665,-4.5039,0,Nucleo
-0.585,-4.5039,0,Nucleo
-0.505,-4.5039,0,Nucleo
-0.425,-4.5039,0,Nucleo
-0.345,-4.5039,0,Nucleo
-0.265,-4.5039,0,Nucleo
-0.185,-4.5039,0,Nucleo
-0.105,-4.5039,0,Nucleo
-0.025,-4.5039,0,Nucleo
0.055,-4.5039,0,Nucleo
0.135,-4.5039,0,Nucleo
0.215,-4.5039,0,Nucleo
0.295,-4.5039,0,Nucleo
0.375,-4.5039,0,Nucleo
0.455,-4.5039,0,Nucleo
0.535,-4.5039,0,Nucleo
0.615,-4.5039,0,Nucleo
0.695,-4.5039,0,Nucleo
0.775,-4.5039,0,Nucleo
0.855,-4.5039,0,Nucleo
0.935,-4.5039,0,Nucleo
1.015,-4.5039,0,Nucleo
1.095,-4.5039,0,Nucleo
1.175,-4.5039,0,Nucleo
1.255,-4.5039,0,Nucleo
1.335,-4.5039,0,Nucleo
1.415,-4.5039,0,Nucleo
1.495,-4.5039,0,Nucleo
1.575,-4.5039,0,Nucleo
1.655,-4.5039,0,Nucleo
1.735,-4.5039,0,Nucleo
1.815,-4.5039,0,Nucleo
1.895,-4.5039,0,Nucleo
1.975,-4.5039,0,Nucleo
2.055,-4.5039,0,Nucleo
2.135,-4.5039,0,Nucleo
2.215,-4.5039,0,Nucleo
2.295,-4.5039,0,Nucleo
2.375,-4.5039,0,Nucleo
2.455,-4.5039,0,Nucleo
2.535,-4.5039,0,Nucleo
2.615,-4.5039,0,Nucleo
2.695,-4.5039,0,Nucleo
2.775,-4.5039,0,Nucleo
2.855,-4.5039,0,Nucleo
2.935,-4.5039,0,Nucleo
3.015,-4.5039,0,Nucleo
3.095,-4.5039,0,Nucleo
3.175,-4.5039,0,Nucleo
-3.185,-4.4346,0,Nucleo
-3.105,-4.4346,0,Nucleo
-3.025,-4.4346,0,Nucleo
-2.945,-4.4346,0,Nucleo
-2.865,-4.4346,0,Nucleo
-2.785,-4.4346,0,Nucleo
-2.705,-4.4346,0,Nucleo
-2.625,-4.4346,0,Nucleo
-2.545,-4.4346,0,Nucleo
-2.465,-4.4346,0,Nucleo
-2.385,-4.4346,0,Nucleo
-2.305,-4.4346,0,Nucleo
-2.225,-4.4346,0,Nucleo
-2.145,-4.4346,0,Nucleo
-2.065,-4.4346,0,Nucleo
-1.985,-4.4346,0,Nucleo
-1.905,-4.4346,0,Nucleo
-1.825,-4.4346,0,Nucleo
-1.745,-4.4346,0,Nucleo
-1.665,-4.4346,0,Nucleo
-1.585,-4.4346,0,Nucleo
-1.505,-4.4346,0,Nucleo
-1.425,-4.4346,0,Nucleo
-1.345,-4.4346,0,Nucleo
-1.265,-4.4346,0,Nucleo
-1.185,-4.4346,0,Nucleo
-1.105,-4.4346,0,Nucleo
-1.025,-4.4346,0,Nucleo
-0.945,-4.4346,0,Nucleo
-0.865,-4.4346,0,Nucleo
-0.785,-4.4346,0,Nucleo
-0.705,-4.4346,0,Nucleo
-0.625,-4.4346,0,Nucleo
-0.545,-4.4346,0,Nucleo
-0.465,-4.4346,0,Nucleo
-0.385,-4.4346,0,Nucleo
-0.305,-4.4346,0,Nucleo
-0.225,-4.4346,0,Nucleo
-0.145,-4.4346,0,Nucleo
-0.065,-4.4346,0,Nucleo
0.015,-4.4346,0,Nucleo
0.095,-4.4346,0,Nucleo
0.175,-4.4346,0,Nucleo
0.255,-4.4346,0,Nucleo
0.335,-4.4346,0,Nucleo
0.415,-4.4346,0,Nucleo
0.495,-4.4346,0,Nucleo
0.575,-4.4346,0,Nucleo
0.655,-4.4346,0,Nucleo
0.735,-4.4346,0,Nucleo
0.815,-4.4346,0,Nucleo
0.895,-4.4346,0,Nucleo
0.975,-4.4346,0,Nucleo
1.055,-4.4346,0,Nucleo
1.135,-4.4346,0,Nucleo
1.215,-4.4346,0,Nucleo
1.295,-4.4346,0,Nucleo
1.375,-4.4346,0,Nucleo
1.455,-4.4346,0,Nucleo
1.535,-4.4346,0,Nucleo
1.615,-4.4346,0,Nucleo
1.695,-4.4346,0,Nucleo
1.775,-4.4346,0,Nucleo
1.855,-4.4346,0,Nucleo
1.935,-4.4346,0,Nucleo
2.015,-4.4346,0,Nucleo
2.095,-4.4346,0,Nucleo
2.175,-4.4346,0,Nucleo
2.255,-4.4346,0,Nucleo
2.335,-4.4346,0,Nucleo
2.415,-4.4346,0,Nucleo
2.495,-4.4346,0,Nucleo
2.575,-4.4346,0,Nucleo
2.655,-4.4346,0,Nucleo
2.735,-4.4346,0,Nucleo
2.815,-4.4346,0,Nucleo
2.895,-4.4346,0,Nucleo
2.975,-4.4346,0,Nucleo
3.055,-4.4346,0,Nucleo
3.135,-4.4346,0,Nucleo
-3.145,-4.3654,0,Nucleo
-3.065,-4.3654,0,Nucleo
-2.985,-4.3654,0,Nucleo
-2.905,-4.3654,0,Nucleo
-2.825,-4.3654,0,Nucleo
-2.745,-4.3654,0,Nucleo
-2.665,-4.3654,0,Nucleo
-2.585,-4.3654,0,Nucleo
-2.505,-4.3654,0,Nucleo
-2.425,-4.3654,0,Nucleo
-2.345,-4.3654,0,Nucleo
-2.265,-4.3654,0,Nucleo
-2.185,-4.3654,0,Nucleo
-2.105,-4.3654,0,Nucleo
-2.025,-4.3654,0,Nucleo
-1.945,-4.3654,0,Nucleo
-1.865,-4.3654,0,Nucleo
-1.785,-4.3654,0,Nucleo
-1.705,-4.3654,0,Nucleo
-1.625,-4.3654,0,Nucleo
-1.545,-4.3654,0,Nucleo
-1.465,-4.3654,0,Nucleo
-1.385,-4.3654,0,Nucleo
-1.305,-4.3654,0,Nucleo
-1.225,-4.3654,0,Nucleo
-1.145,-4.3654,0,Nucleo
-1.065,-4.3654,0,Nucleo
-0.985,-4.3654,0,Nucleo
-0.905,-4.3654,0,Nucleo
-0.825,-4.3654,0,Nucleo
-0.745,-4.3654,0,Nucleo
-0.665,-4.3654,0,Nucleo
-0.585,-4.3654,0,Nucleo
-0.505,-4.3654,0,Nucleo
-0.425,-4.3654,0,Nucleo
-0.345,-4.3654,0,Nucleo
-0.265,-4.3654,0,Nucleo
-0.185,-4.3654,0,Nucleo
-0.105,-4.3654,0,Nucleo
-0.025,-4.3654,0,Nucleo
0.055,-4.3654,0,Nucleo
0.135,-4.3654,0,Nucleo
0.215,-4.3654,0,Nucleo
0.295,-4.3654,0,Nucleo
0.375,-4.3654,0,Nucleo
0.455,-4.3654,0,Nucleo
0.535,-4.3654,0,Nucleo
0.615,-4.3654,0,Nucleo
0.695,-4.3654,0,Nucleo
0.775,-4.3654,0,Nucleo
0.855,-4.3654,0,Nucleo
0.935,-4.3654,0,Nucleo
1.015,-4.3654,0,Nucleo
1.095,-4.3654,0,Nucleo
1.175,-4.3654,0,Nucleo
1.255,-4.3654,0,Nucleo
1.335,-4.3654,0,Nucleo
1.415,-4.3654,0,Nucleo
1.495,-4.3654,0,Nucleo
1.575,-4.3654,0,Nucleo
1.655,-4.3654,0,Nucleo
1.735,-4.3654,0,Nucleo
1.815,-4.3654,0,Nucleo
1.895,-4.3654,0,Nucleo
1.975,-4.3654,0,Nucleo
2.055,-4.3654,0,Nucleo
2.135,-4.3654,0,Nucleo
2.215,-4.3654,0,Nucleo
2.295,-4.3654,0,Nucleo
2.375,-4.3654,0,Nucleo
2.455,-4.3654,0,Nucleo
2.535,-4.3654,0,Nucleo
2.615,-4.3654,0,Nucleo
2.695,-4.3654,0,Nucleo
2.775,-4.3654,0,Nucleo
2.855,-4.3654,0,Nucleo
2.935,-4.3654,0,Nucleo
3.015,-4.3654,0,Nucleo
3.095,-4.3654,0,Nucleo
-3.105,-4.2961,0,Nucleo
-3.025,-4.2961,0,Nucleo
-2.945,-4.2961,0,Nucleo
-2.865,-4.2961,0,Nucleo
-2.785,-4.2961,0,Nucleo
-2.705,-4.2961,0,Nucleo
-2.625,-4.2961,0,Nucleo
-2.545,-4.2961,0,Nucleo
-2.465,-4.2961,0,Nucleo
-2.385,-4.2961,0,Nucleo
-2.305,-4.2961,0,Nucleo
-2.225,-4.2961,0,Nucleo
-2.145,-4.2961,0,Nucleo
-2.065,-4.2961,0,Nucleo
-1.985,-4.2961,0,Nucleo
-1.905,-4.2961,0,Nucleo
-1.825,-4.2961,0,Nucleo
-1.745,-4.2961,0,Nucleo
-1.665,-4.2961,0,Nucleo
-1.585,-4.2961,0,Nucleo
-1.505,-4.2961,0,Nucleo
-1.425,-4.2961,0,Nucleo
-1.345,-4.2961,0,Nucleo
-1.265,-4.2961,0,Nucleo
-1.185,-4.2961,0,Nucleo
-1.105,-4.2961,0,Nucleo
-1.025,-4.2961,0,Nucleo
-0.945,-4.2961,0,Nucleo
-0.865,-4.2961,0,Nucleo
-0.785,-4.2961,0,Nucleo
-0.705,-4.2961,0,Nucleo
-0.625,-4.2961,0,Nucleo
-0.545,-4.2961,0,Nucleo
-0.465,-4.2961,0,Nucleo
-0.385,-4.2961,0,Nucleo
-0.305,-4.2961,0,Nucleo
-0.225,-4.2961,0,Nucleo
-0.145,-4.2961,0,Nucleo
-0.065,-4.2961,0,Nucleo
0.015,-4.2961,0,Nucleo
0.095,-4.2961,0,Nucleo
0.175,-4.2961,0,Nucleo
0.255,-4.2961,0,Nucleo
0.335,-4.2961,0,Nucleo
0.415,-4.2961,0,Nucleo
0.495,-4.2961,0,Nucleo
0.575,-4.2961,0,Nucleo
0.655,-4.2961,0,Nucleo
0.735,-4.2961,0,Nucleo
0.815,-4.2961,0,Nucleo
0.895,-4.2961,0,Nucleo
0.975,-4.2961,0,Nucleo
1.055,-4.2961,0,Nucleo
1.135,-4.2961,0,Nucleo
1.215,-4.2961,0,Nucleo
1.295,-4.2961,0,Nucleo
1.375,-4.2961,0,Nucleo
1.455,-4.2961,0,Nucleo
1.535,-4.2961,0,Nucleo
1.615,-4.2961,0,Nucleo
1.695,-4.2961,0,Nucleo
1.775,-4.2961,0,Nucleo
1.855,-4.2961,0,Nucleo
1.935,-4.2961,0,Nucleo
2.015,-4.2961,0,Nucleo
2.095,-4.2961,0,Nucleo
2.175,-4.2961,0,Nucleo
2.255,-4.2961,0,Nucleo
2.335,-4.2961,0,Nucleo
2.415,-4.2961,0,Nucleo
2.495,-4.2961,0,Nucleo
2.575,-4.2961,0,Nucleo
2.655,-4.2961,0,Nucleo
2.735,-4.2961,0,Nucleo
2.815,-4.2961,0,Nucleo
2.895,-4.2961,0,Nucleo
2.975,-4.2961,0,Nucleo
3.055,-4.2961,0,Nucleo
3.135,-4.2961,0,Nucleo
-3.065,-4.2268,0,Nucleo
-2.985,-4.2268,0,Nucleo
-2.905,-4.2268,0,Nucleo
-2.825,-4.2268,0,Nucleo
-2.745,-4.2268,0,Nucleo
-2.665,-4.2268,0,Nucleo
-2.585,-4.2268,0,Nucleo
-2.505,-4.2268,0,Nucleo
-2.425,-4.2268,0,Nucleo
-2.345,-4.2268,0,Nucleo
-2.265,-4.2268,0,Nucleo
-2.185,-4.2268,0,Nucleo
-2.105,-4.2268,0,Nucleo
-2.025,-4.2268,0,Nucleo
-1.945,-4.2268,0,Nucleo
-1.865,-4.2268,0,Nucleo
-1.785,-4.2268,0,Nucleo
-1.705,-4.2268,0,Nucleo
-1.625,-4.2268,0,Nucleo
-1.545,-4.2268,0,Nucleo
-1.465,-4.2268,0,Nucleo
-1.385,-4.2268,0,Nucleo
-1.305,-4.2268,0,Nucleo
-1.225,-4.2268,0,Nucleo
-1.145,-4.2268,0,Nucleo
-1.065,-4.2268,0,Nucleo
-0.985,-4.2268,0,Nucleo
-0.905,-4.2268,0,Nucleo
-0.825,-4.2268,0,Nucleo
-0.745,-4.2268,0,Nucleo
-0.665,-4.2268,0,Nucleo
-0.585,-4.2268,0,Nucleo
-0.505,-4.2268,0,Nucleo
-0.425,-4.2268,0,Nucleo
-0.345,-4.2268,0,Nucleo
-0.265,-4.2268,0,Nucleo
-0.185,-4.2268,0,Nucleo
-0.105,-4.2268,0,Nucleo
-0.025,-4.2268,0,Nucleo
0.055,-4.2268,0,Nucleo
0.135,-4.2268,0,Nucleo
0.215,-4.2268,0,Nucleo
0.295,-4.2268,0,Nucleo
0.375,-4.2268,0,Nucleo
0.455,-4.2268,0,Nucleo
0.535,-4.2268,0,Nucleo
0.615,-4.2268,0,Nucleo
0.695,-4.2268,0,Nucleo
0.775,-4.2268,0,Nucleo
0.855,-4.2268,0,Nucleo
0.935,-4.2268,0,Nucleo
1.015,-4.2268,0,Nucleo
1.095,-4.2268,0,Nucleo
1.175,-4.2268,0,Nucleo
1.255,-4.2268,0,Nucleo
1.335,-4.2268,0,Nucleo
1.415,-4.2268,0,Nucleo
1.495,-4.2268,0,Nucleo
1.575,-4.2268,0,Nucleo
1.655,-4.2268,0,Nucleo
1.735,-4.2268,0,Nucleo
1.815,-4.2268,0,Nucleo
1.895,-4.2268,0,Nucleo
1.975,-4.2268,0,Nucleo
2.055,-4.2268,0,Nucleo
2.135,-4.2268,0,Nucleo
2.215,-4.2268,0,Nucleo
2.295,-4.2268,0,Nucleo
2.375,-4.2268,0,Nucleo
2.455,-4.2268,0,Nucleo
2.535,-4.2268,0,Nucleo
2.615,-4.2268,0,Nucleo
2.695,-4.2268,0,Nucleo
2.775,-4.2268,0,Nucleo
2.855,-4.2268,0,Nucleo
2.935,-4.2268,0,Nucleo
3.015,-4.2268,0,Nucleo
3.095,-4.2268,0,Nucleo
-3.025,-4.1575,0,Nucleo
-2.945,-4.1575,0,Nucleo
-2.865,-4.1575,0,Nucleo
-2.785,-4.1575,0,Nucleo
-2.705,-4.1575,0,Nucleo
-2.625,-4.1575,0,Nucleo
-2.545,-4.1575,0,Nucleo
-2.465,-4.1575,0,Nucleo
-2.385,-4.1575,0,Nucleo
-2.305,-4.1575,0,Nucleo
-2.225,-4.1575,0,Nucleo
-2.145,-4.1575,0,Nucleo
-2.065,-4.1575,0,Nucleo
-1.985,-4.1575,0,Nucleo
-1.905,-4.1575,0,Nucleo
-1.825,-4.1575,0,Nucleo
-1.745,-4.1575,0,Nucleo
-1.665,-4.1575,0,Nucleo
-1.585,-4.1575,0,Nucleo
-1.505,-4.1575,0,Nucleo
-1.425,-4.1575,0,Nucleo
-1.345,-4.1575,0,Nucleo
-1.265,-4.1575,0,Nucleo
-1.185,-4.1575,0,Nucleo
-1.105,-4.1575,0,Nucleo
-1.025,-4.1575,0,Nucleo
-0.945,-4.1575,0,Nucleo
-0.865,-4.1575,0,Nucleo
-0.785,-4.1575,0,Nucleo
-0.705,-4.1575,0,Nucleo
-0.625,-4.1575,0,Nucleo
-0.545,-4.1575,0,Nucleo
-0.465,-4.1575,0,Nucleo
-0.385,-4.1575,0,Nucleo
-0.305,-4.1575,0,Nucleo
-0.225,-4.1575,0,Nucleo
-0.145,-4.1575,0,Nucleo
-0.065,-4.1575,0,Nucleo
0.015,-4.1575,0,Nucleo
0.095,-4.1575,0,Nucleo
0.175,-4.1575,0,Nucleo
0.255,-4.1575,0,Nucleo
0.335,-4.1575,0,Nucleo
0.415,-4.1575,0,Nucleo
0.495,-4.1575,0,Nucleo
0.575,-4.1575,0,Nucleo
0.655,-4.1575,0,Nucleo
0.735,-4.1575,0,Nucleo
0.815,-4.1575,0,Nucleo
0.895,-4.1575,0,Nucleo
0.975,-4.1575,0,Nucleo
1.055,-4.1575,0,Nucleo
1.135,-4.1575,0,Nucleo
1.215,-4.1575,0,Nucleo
1.295,-4.1575,0,Nucleo
1.375,-4.1575,0,Nucleo
1.455,-4.1575,0,Nucleo
1.535,-4.1575,0,Nucleo
1.615,-4.1575,0,Nucleo
1.695,-4.1575,0,Nucleo
1.775,-4.1575,0,Nucleo
1.855,-4.1575,0,Nucleo
1.935,-4.1575,0,Nucleo
2.015,-4.1575,0,Nucleo
2.095,-4.1575,0,Nucleo
2.175,-4.1575,0,Nucleo
2.255,-4.1575,0,Nucleo
2.335,-4.1575,0,Nucleo
2.415,-4.1575,0,Nucleo
2.495,-4.1575,0,Nucleo
2.575,-4.1575,0,Nucleo
2.655,-4.1575,0,Nucleo
2.735,-4.1575,0,Nucleo
2.815,-4.1575,0,Nucleo
2.895,-4.1575,0,Nucleo
2.975,-4.1575,0,Nucleo
3.055,-4.1575,0,Nucleo
-2.985,-4.0882,0,Nucleo
-2.905,-4.0882,0,Nucleo
-2.825,-4.0882,0,Nucleo
-2.745,-4.0882,0,Nucleo
-2.665,-4.0882,0,Nucleo
-2.585,-4.0882,0,Nucleo
-2.505,-4.0882,0,Nucleo
-2.425,-4.0882,0,Nucleo
-2.345,-4.0882,0,Nucleo
-2.265,-4.0882,0,Nucleo
-2.185,-4.0882,0,Nucleo
-2.105,-4.0882,0,Nucleo
-2.025,-4.0882,0,Nucleo
-1.945,-4.0882,0,Nucleo
-1.865,-4.0882,0,Nucleo
-1.785,-4.0882,0,Nucleo
-1.705,-4.0882,0,Nucleo
-1.625,-4.0882,0,Nucleo
-1.545,-4.0882,0,Nucleo
-1.465,-4.0882,0,Nucleo
-1.385,-4.0882,0,Nucleo
-1.305,-4.0882,0,Nucleo
-1.225,-4.0882,0,Nucleo
-1.145,-4.0882,0,Nucleo
-1.065,-4.0882,0,Nucleo
-0.985,-4.0882,0,Nucleo
-0.905,-4.0882,0,Nucleo
-0.825,-4.0882,0,Nucleo
-0.745,-4.0882,0,Nucleo
-0.665,-4.0882,0,Nucleo
-0.585,-4.0882,0,Nucleo
-0.505,-4.0882,0,Nucleo
-0.425,-4.0882,0,Nucleo
-0.345,-4.0882,0,Nucleo
-0.265,-4.0882,0,Nucleo
-0.185,-4.0882,0,Nucleo
-0.105,-4.0882,0,Nucleo
-0.025,-4.0882,0,Nucleo
0.055,-4.0882,0,Nucleo
0.135,-4.0882,0,Nucleo
0.215,-4.0882,0,Nucleo
0.295,-4.0882,0,Nucleo
0.375,-4.0882,0,Nucleo
0.455,-4.0882,0,Nucleo
0.535,-4.0882,0,Nucleo
0.615,-4.0882,0,Nucleo
0.695,-4.0882,0,Nucleo
0.775,-4.0882,0,Nucleo
0.855,-4.0882,0,Nucleo
0.935,-4.0882,0,Nucleo
1.015,-4.0882,0,Nucleo
1.095,-4.0882,0,Nucleo
1.175,-4.0882,0,Nucleo
1.255,-4.0882,0,Nucleo
1.335,-4.0882,0,Nucleo
1.415,-4.0882,0,Nucleo
1.495,-4.0882,0,Nucleo
1.575,-4.0882,0,Nucleo
1.655,-4.0882,0,Nucleo
1.735,-4.0882,0,Nucleo
1.815,-4.0882,0,Nucleo
1.895,-4.0882,0,Nucleo
1.975,-4.0882,0,Nucleo
2.055,-4.0882,0,Nucleo
2.135,-4.0882,0,Nucleo
2.215,-4.0882,0,Nucleo
2.295,-4.0882,0,Nucleo
2.375,-4.0882,0,Nucleo
2.455,-4.0882,0,Nucleo
2.535,-4.0882,0,Nucleo
2.615,-4.0882,0,Nucleo
2.695,-4.0882,0,Nucleo
2.775,-4.0882,0,Nucleo
2.855,-4.0882,0,Nucleo
2.935,-4.0882,0,Nucleo
3.015,-4.0882,0,Nucleo
-2.945,-4.019,0,Nucleo
-2.865,-4.019,0,Nucleo
-2.785,-4.019,0,Nucleo
-2.705,-4.019,0,Nucleo
-2.625,-4.019,0,Nucleo
-2.545,-4.019,0,Nucleo
-2.465,-4.019,0,Nucleo
-2.385,-4.019,0,Nucleo
-2.305,-4.019,0,Nucleo
-2.225,-4.019,0,Nucleo
-2.145,-4.019,0,Nucleo
-2.065,-4.019,0,Nucleo
-1.985,-4.019,0,Nucleo
-1.905,-4.019,0,Nucleo
-1.825,-4.019,0,Nucleo
-1.745,-4.019,0,Nucleo
-1.665,-4.019,0,Nucleo
-1.585,-4.019,0,Nucleo
-1.505,-4.019,0,Nucleo
-1.425,-4.019,0,Nucleo
-1.345,-4.019,0,Nucleo
-1.265,-4.019,0,Nucleo
-1.185,-4.019,0,Nucleo
-1.105,-4.019,0,Nucleo
-1.025,-4.019,0,Nucleo
-0.945,-4.019,0,Nucleo
-0.865,-4.019,0,Nucleo
-0.785,-4.019,0,Nucleo
-0.705,-4.019,0,Nucleo
-0.625,-4.019,0,Nucleo
-0.545,-4.019,0,Nucleo
-0.465,-4.019,0,Nucleo
-0.385,-4.019,0,Nucleo
-0.305,-4.019,0,Nucleo
-0.225,-4.019,0,Nucleo
-0.145,-4.019,0,Nucleo
-0.065,-4.019,0,Nucleo
0.015,-4.019,0,Nucleo
0.095,-4.019,0,Nucleo
0.175,-4.019,0,Nucleo
0.255,-4.019,0,Nucleo
0.335,-4.019,0,Nucleo
0.415,-4.019,0,Nucleo
0.495,-4.019,0,Nucleo
0.575,-4.019,0,Nucleo
0.655,-4.019,0,Nucleo
0.735,-4.019,0,Nucleo
0.815,-4.019,0,Nucleo
0.895,-4.019,0,Nucleo
0.975,-4.019,0,Nucleo
1.055,-4.019,0,Nucleo
1.135,-4.019,0,Nucleo
1.215,-4.019,0,Nucleo
1.295,-4.019,0,Nucleo
1.375,-4.019,0,Nucleo
1.455,-4.019,0,Nucleo
1.535,-4.019,0,Nucleo
1.615,-4.019,0,Nucleo
1.695,-4.019,0,Nucleo
1.775,-4.019,0,Nucleo
1.855,-4.019,0,Nucleo
1.935,-4.019,0,Nucleo
2.015,-4.019,0,Nucleo
2.095,-4.019,0,Nucleo
2.175,-4.019,0,Nucleo
2.255,-4.019,0,Nucleo
2.335,-4.019,0,Nucleo
2.415,-4.019,0,Nucleo
2.495,-4.019,0,Nucleo
2.575,-4.019,0,Nucleo
2.655,-4.019,0,Nucleo
2.735,-4.019,0,Nucleo
2.815,-4.019,0,Nucleo
2.895,-4.019,0,Nucleo
2.975,-4.019,0,Nucleo
-2.905,-3.9497,0,Nucleo
-2.825,-3.9497,0,Nucleo
-2.745,-3.9497,0,Nucleo
-2.665,-3.9497,0,Nucleo
-2.585,-3.9497,0,Nucleo
-2.505,-3.9497,0,Nucleo
-2.425,-3.9497,0,Nucleo
-2.345,-3.9497,0,Nucleo
-2.265,-3.9497,0,Nucleo
-2.185,-3.9497,0,Nucleo
-2.105,-3.9497,0,Nucleo
-2.025,-3.9497,0,Nucleo
-1.945,-3.9497,0,Nucleo
-1.865,-3.9497,0,Nucleo
-1.785,-3.9497,0,Nucleo
-1.705,-3.9497,0,Nucleo
-1.625,-3.9497,0,Nucleo
-1.545,-3.9497,0,Nucleo
-1.465,-3.9497,0,Nucleo
-1.385,-3.9497,0,Nucleo
-1.305,-3.9497,0,Nucleo
-1.225,-3.9497,0,Nucleo
-1.145,-3.9497,0,Nucleo
-1.065,-3.9497,0,Nucleo
-0.985,-3.9497,0,Nucleo
-0.905,-3.9497,0,Nucleo
-0.825,-3.9497,0,Nucleo
-0.745,-3.9497,0,Nucleo
-0.665,-3.9497,0,Nucleo
-0.585,-3.9497,0,Nucleo
-0.505,-3.9497,0,Nucleo
-0.425,-3.9497,0,Nucleo
-0.345,-3.9497,0,Nucleo
-0.265,-3.9497,0,Nucleo
-0.185,-3.9497,0,Nucleo
-0.105,-3.9497,0,Nucleo
-0.025,-3.9497,0,Nucleo
0.055,-3.9497,0,Nucleo
0.135,-3.9497,0,Nucleo
0.215,-3.9497,0,Nucleo
0.295,-3.9497,0,Nucleo
0.375,-3.9497,0,Nucleo
0.455,-3.9497,0,Nucleo
0.535,-3.9497,0,Nucleo
0.615,-3.9497,0,Nucleo
0.695,-3.9497,0,Nucleo
0.775,-3.9497,0,Nucleo
0.855,-3.9497,0,Nucleo
0.935,-3.9497,0,Nucleo
1.015,-3.9497,0,Nucleo
1.095,-3.9497,0,Nucleo
1.175,-3.9497,0,Nucleo
1.255,-3.9497,0,Nucleo
1.335,-3.9497,0,Nucleo
1.415,-3.9497,0,Nucleo
1.495,-3.9497,0,Nucleo
1.575,-3.9497,0,Nucleo
1.655,-3.9497,0,Nucleo
1.735,-3.9497,0,Nucleo
1.815,-3.9497,0,Nucleo
1.895,-3.9497,0,Nucleo
1.975,-3.9497,0,Nucleo
2.055,-3.9497,0,Nucleo
2.135,-3.9497,0,Nucleo
2.215,-3.9497,0,Nucleo
2.295,-3.9497,0,Nucleo
2.375,-3.9497,0,Nucleo
2.455,-3.9497,0,Nucleo
2.535,-3.9497,0,Nucleo
2.615,-3.9497,0,Nucleo
2.695,-3.9497,0,Nucleo
2.775,-3.9497,0,Nucleo
2.855,-3.9497,0,Nucleo
2.935,-3.9497,0,Nucleo
-2.865,-3.8804,0,Nucleo
-2.785,-3.8804,0,Nucleo
-2.705,-3.8804,0,Nucleo
-2.625,-3.8804,0,Nucleo
-2.545,-3.8804,0,Nucleo
-2.465,-3.8804,0,Nucleo
-2.385,-3.8804,0,Nucleo
-2.305,-3.8804,0,Nucleo
-2.225,-3.8804,0,Nucleo
-2.145,-3.8804,0,Nucleo
-2.065,-3.8804,0,Nucleo
-1.985,-3.8804,0,Nucleo
-1.905,-3.8804,0,Nucleo
-1.825,-3.8804,0,Nucleo
-1.745,-3.8804,0,Nucleo
-1.665,-3.8804,0,Nucleo
-1.585,-3.8804,0,Nucleo
-1.505,-3.8804,0,Nucleo
-1.425,-3.8804,0,Nucleo
-1.345,-3.8804,0,Nucleo
-1.265,-3.8804,0,Nucleo
-1.185,-3.8804,0,Nucleo
-1.105,-3.8804,0,Nucleo
-1.025,-3.8804,0,Nucleo
-0.945,-3.8804,0,Nucleo
-0.865,-3.8804,0,Nucleo
-0.785,-3.8804,0,Nucleo
-0.705,-3.8804,0,Nucleo
-0.625,-3.8804,0,Nucleo
-0.545,-3.8804,0,Nucleo
-0.465,-3.8804,0,Nucleo
-0.385,-3.8804,0,Nucleo
-0.305,-3.8804,0,Nucleo
-0.225,-3.8804,0,Nucleo
-0.145,-3.8804,0,Nucleo
-0.065,-3.8804,0,Nucleo
0.015,-3.8804,0,Nucleo
0.095,-3.8804,0,Nucleo
0.175,-3.8804,0,Nucleo
0.255,-3.8804,0,Nucleo
0.335,-3.8804,0,Nucleo
0.415,-3.8804,0,Nucleo
0.495,-3.8804,0,Nucleo
0.575,-3.8804,0,Nucleo
0.655,-3.8804,0,Nucleo
0.735,-3.8804,0,Nucleo
0.815,-3.8804,0,Nucleo
0.895,-3.8804,0,Nucleo
0.975,-3.8804,0,Nucleo
1.055,-3.8804,0,Nucleo
1.135,-3.8804,0,Nucleo
1.215,-3.8804,0,Nucleo
1.295,-3.8804,0,Nucleo
1.375,-3.8804,0,Nucleo
1.455,-3.8804,0,Nucleo
1.535,-3.8804,0,Nucleo
1.615,-3.8804,0,Nucleo
1.695,-3.8804,0,Nucleo
1.775,-3.8804,0,Nucleo
1.855,-3.8804,0,Nucleo
1.935,-3.8804,0,Nucleo
2.015,-3.8804,0,Nucleo
2.095,-3.8804,0,Nucleo
2.175,-3.8804,0,Nucleo
2.255,-3.8804,0,Nucleo
2.335,-3.8804,0,Nucleo
2.415,-3.8804,0,Nucleo
2.495,-3.8804,0,Nucleo
2.575,-3.8804,0,Nucleo
2.655,-3.8804,0,Nucleo
2.735,-3.8804,0,Nucleo
2.815,-3.8804,0,Nucleo
-2.825,-3.8111,0,Nucleo
-2.745,-3.8111,0,Nucleo
-2.665,-3.8111,0,Nucleo
-2.585,-3.8111,0,Nucleo
-2.505,-3.8111,0,Nucleo
-2.425,-3.8111,0,Nucleo
-2.345,-3.8111,0,Nucleo
-2.265,-3.8111,0,Nucleo
-2.185,-3.8111,0,Nucleo
-2.105,-3.8111,0,Nucleo
-2.025,-3.8111,0,Nucleo
-1.945,-3.8111,0,Nucleo
-1.865,-3.8111,0,Nucleo
-1.785,-3.8111,0,Nucleo
-1.705,-3.8111,0,Nucleo
-1.625,-3.8111,0,Nucleo
-1.545,-3.8111,0,Nucleo
-1.465,-3.8111,0,Nucleo
-1.385,-3.8111,0,Nucleo
-1.305,-3.8111,0,Nucleo
-1.225,-3.8111,0,Nucleo
-1.145,-3.8111,0,Nucleo
-1.065,-3.8111,0,Nucleo
-0.985,-3.8111,0,Nucleo
-0.905,-3.8111,0,Nucleo
-0.825,-3.8111,0,Nucleo
-0.745,-3.8111,0,Nucleo
-0.665,-3.8111,0,Nucleo
-0.585,-3.8111,0,Nucleo
-0.505,-3.8111,0,Nucleo
-0.425,-3.8111,0,Nucleo
-0.345,-3.8111,0,Nucleo
-0.265,-3.8111,0,Nucleo
-0.185,-3.8111,0,Nucleo
-0.105,-3.8111,0,Nucleo
-0.025,-3.8111,0,Nucleo
0.055,-3.8111,0,Nucleo
0.135,-3.8111,0,Nucleo
0.215,-3.8111,0,Nucleo
0.295,-3.8111,0,Nucleo
0.375,-3.8111,0,Nucleo
0.455,-3.8111,0,Nucleo
0.535,-3.8111,0,Nucleo
0.615,-3.8111,0,Nucleo
0.695,-3.8111,0,Nucleo
0.775,-3.8111,0,Nucleo
0.855,-3.8111,0,Nucleo
0.935,-3.8111,0,Nucleo
1.015,-3.8111,0,Nucleo
1.095,-3.8111,0,Nucleo
1.175,-3.8111,0,Nucleo
1.255,-3.8111,0,Nucleo
1.335,-3.8111,0,Nucleo
1.415,-3.8111,0,Nucleo
1.495,-3.8111,0,Nucleo
1.575,-3.8111,0,Nucleo
1.655,-3.8111,0,Nucleo
1.735,-3.8111,0,Nucleo
1.815,-3.8111,0,Nucleo
1.895,-3.8111,0,Nucleo
1.975,-3.8111,0,Nucleo
2.055,-3.8111,0,Nucleo
2.135,-3.8111,0,Nucleo
2.215,-3.8111,0,Nucleo
2.295,-3.8111,0,Nucleo
2.375,-3.8111,0,Nucleo
2.455,-3.8111,0,Nucleo
2.535,-3.8111,0,Nucleo
2.615,-3.8111,0,Nucleo
2.695,-3.8111,0,Nucleo
2.775,-3.8111,0,Nucleo
-2.785,-3.7418,0,Nucleo
-2.705,-3.7418,0,Nucleo
-2.625,-3.7418,0,Nucleo
-2.545,-3.7418,0,Nucleo
-2.465,-3.7418,0,Nucleo
-2.385,-3.7418,0,Nucleo
-2.305,-3.7418,0,Nucleo
-2.225,-3.7418,0,Nucleo
-2.145,-3.7418,0,Nucleo
-2.065,-3.7418,0,Nucleo
-1.985,-3.7418,0,Nucleo
-1.905,-3.7418,0,Nucleo
-1.825,-3.7418,0,Nucleo
-1.745,-3.7418,0,Nucleo
-1.665,-3.7418,0,Nucleo
-1.585,-3.7418,0,Nucleo
-1.505,-3.7418,0,Nucleo
-1.425,-3.7418,0,Nucleo
-1.345,-3.7418,0,Nucleo
-1.265,-3.7418,0,Nucleo
-1.185,-3.7418,0,Nucleo
-1.105,-3.7418,0,Nucleo
-1.025,-3.7418,0,Nucleo
-0.945,-3.7418,0,Nucleo
-0.865,-3.7418,0,Nucleo
-0.785,-3.7418,0,Nucleo
-0.705,-3.7418,0,Nucleo
-0.625,-3.7418,0,Nucleo
-0.545,-3.7418,0,Nucleo
-0.465,-3.7418,0,Nucleo
-0.385,-3.7418,0,Nucleo
-0.305,-3.7418,0,Nucleo
-0.225,-3.7418,0,Nucleo
-0.145,-3.7418,0,Nucleo
-0.065,-3.7418,0,Nucleo
0.015,-3.7418,0,Nucleo
0.095,-3.7418,0,Nucleo
0.175,-3.7418,0,Nucleo
0.255,-3.7418,0,Nucleo
0.335,-3.7418,0,Nucleo
0.415,-3.7418,0,Nucleo
0.495,-3.7418,0,Nucleo
0.575,-3.7418,0,Nucleo
0.655,-3.7418,0,Nucleo
0.735,-3.7418,0,Nucleo
0.815,-3.7418,0,Nucleo
0.895,-3.7418,0,Nucleo
0.975,-3.7418,0,Nucleo
1.055,-3.7418,0,Nucleo
1.135,-3.7418,0,Nucleo
1.215,-3.7418,0,Nucleo
1.295,-3.7418,0,Nucleo
1.375,-3.7418,0,Nucleo
1.455,-3.7418,0,Nucleo
1.535,-3.7418,0,Nucleo
1.615,-3.7418,0,Nucleo
1.695,-3.7418,0,Nucleo
1.775,-3.7418,0,Nucleo
1.855,-3.7418,0,Nucleo
1.935,-3.7418,0,Nucleo
2.015,-3.7418,0,Nucleo
2.095,-3.7418,0,Nucleo
2.175,-3.7418,0,Nucleo
2.255,-3.7418,0,Nucleo
2.335,-3.7418,0,Nucleo
2.415,-3.7418,0,Nucleo
2.495,-3.7418,0,Nucleo
2.575,-3.7418,0,Nucleo
2.655,-3.7418,0,Nucleo
2.735,-3.7418,0,Nucleo
-2.665,-3.6725,0,Nucleo
-2.585,-3.6725,0,Nucleo
-2.505,-3.6725,0,Nucleo
-2.425,-3.6725,0,Nucleo
-2.345,-3.6725,0,Nucleo
-2.265,-3.6725,0,Nucleo
-2.185,-3.6725,0,Nucleo
-2.105,-3.6725,0,Nucleo
-2.025,-3.6725,0,Nucleo
-1.945,-3.6725,0,Nucleo
-1.865,-3.6725,0,Nucleo
-1.785,-3.6725,0,Nucleo
-1.705,-3.6725,0,Nucleo
-1.625,-3.6725,0,Nucleo
-1.545,-3.6725,0,Nucleo
-1.465,-3.6725,0,Nucleo
-1.385,-3.6725,0,Nucleo
-1.305,-3.6725,0,Nucleo
-1.225,-3.6725,0,Nucleo
-1.145,-3.6725,0,Nucleo
-1.065,-3.6725,0,Nucleo
-0.985,-3.6725,0,Nucleo
-0.905,-3.6725,0,Nucleo
-0.825,-3.6725,0,Nucleo
-0.745,-3.6725,0,Nucleo
-0.665,-3.6725,0,Nucleo
-0.585,-3.6725,0,Nucleo
-0.505,-3.6725,0,Nucleo
-0.425,-3.6725,0,Nucleo
-0.345,-3.6725,0,Nucleo
-0.265,-3.6725,0,Nucleo
-0.185,-3.6725,0,Nucleo
-0.105,-3.6725,0,Nucleo
-0.025,-3.6725,0,Nucleo
0.055,-3.6725,0,Nucleo
0.135,-3.6725,0,Nucleo
0.215,-3.6725,0,Nucleo
0.295,-3.6725,0,Nucleo
0.375,-3.6725,0,Nucleo
0.455,-3.6725,0,Nucleo
0.535,-3.6725,0,Nucleo
0.615,-3.6725,0,Nucleo
0.695,-3.6725,0,Nucleo
0.775,-3.6725,0,Nucleo
0.855,-3.6725,0,Nucleo
0.935,-3.6725,0,Nucleo
1.015,-3.6725,0,Nucleo
1.095,-3.6725,0,Nucleo
1.175,-3.6725,0,Nucleo
1.255,-3.6725,0,Nucleo
1.335,-3.6725,0,Nucleo
1.415,-3.6725,0,Nucleo
1.495,-3.6725,0,Nucleo
1.575,-3.6725,0,Nucleo
1.655,-3.6725,0,Nucleo
1.735,-3.6725,0,Nucleo
1.815,-3.6725,0,Nucleo
1.895,-3.6725,0,Nucleo
1.975,-3.6725,0,Nucleo
2.055,-3.6725,0,Nucleo
2.135,-3.6725,0,Nucleo
2.215,-3.6725,0,Nucleo
2.295,-3.6725,0,Nucleo
2.375,-3.6725,0,Nucleo
2.455,-3.6725,0,Nucleo
2.535,-3.6725,0,Nucleo
2.615,-3.6725,0,Nucleo
2.695,-3.6725,0,Nucleo
-2.625,-3.6033,0,Nucleo
-2.545,-3.6033,0,Nucleo
-2.465,-3.6033,0,Nucleo
-2.385,-3.6033,0,Nucleo
-2.305,-3.6033,0,Nucleo
-2.225,-3.6033,0,Nucleo
-2.145,-3.6033,0,Nucleo
-2.065,-3.6033,0,Nucleo
-1.985,-3.6033,0,Nucleo
-1.905,-3.6033,0,Nucleo
-1.825,-3.6033,0,Nucleo
-1.745,-3.6033,0,Nucleo
-1.665,-3.6033,0,Nucleo
-1.585,-3.6033,0,Nucleo
-1.505,-3.6033,0,Nucleo
-1.425,-3.6033,0,Nucleo
-1.345,-3.6033,0,Nucleo
-1.265,-3.6033,0,Nucleo
-1.185,-3.6033,0,Nucleo
-1.105,-3.6033,0,Nucleo
-1.025,-3.6033,0,Nucleo
-0.945,-3.6033,0,Nucleo
-0.865,-3.6033,0,Nucleo
-0.785,-3.6033,0,Nucleo
-0.705,-3.6033,0,Nucleo
-0.625,-3.6033,0,Nucleo
-0.545,-3.6033,0,Nucleo
-0.465,-3.6033,0,Nucleo
-0.385,-3.6033,0,Nucleo
-0.305,-3.6033,0,Nucleo
-0.225,-3.6033,0,Nucleo
-0.145,-3.6033,0,Nucleo
-0.065,-3.6033,0,Nucleo
0.015,-3.6033,0,Nucleo
0.095,-3.6033,0,Nucleo
0.175,-3.6033,0,Nucleo
0.255,-3.6033,0,Nucleo
0.335,-3.6033,0,Nucleo
0.415,-3.6033,0,Nucleo
0.495,-3.6033,0,Nucleo
0.575,-3.6033,0,Nucleo
0.655,-3.6033,0,Nucleo
0.735,-3.6033,0,Nucleo
0.815,-3.6033,0,Nucleo
0.895,-3.6033,0,Nucleo
0.975,-3.6033,0,Nucleo
1.055,-3.6033,0,Nucleo
1.135,-3.6033,0,Nucleo
1.215,-3.6033,0,Nucleo
1.295,-3.6033,0,Nucleo
1.375,-3.6033,0,Nucleo
1.455,-3.6033,0,Nucleo
1.535,-3.6033,0,Nucleo
1.615,-3.6033,0,Nucleo
1.695,-3.6033,0,Nucleo
1.775,-3.6033,0,Nucleo
1.855,-3.6033,0,Nucleo
1.935,-3.6033,0,Nucleo
2.015,-3.6033,0,Nucleo
2.095,-3.6033,0,Nucleo
2.175,-3.6033,0,Nucleo
2.255,-3.6033,0,Nucleo
2.335,-3.6033,0,Nucleo
2.415,-3.6033,0,Nucleo
2.495,-3.6033,0,Nucleo
2.575,-3.6033,0,Nucleo
2.655,-3.6033,0,Nucleo
-2.585,-3.534,0,Nucleo
-2.505,-3.534,0,Nucleo
-2.425,-3.534,0,Nucleo
-2.345,-3.534,0,Nucleo
-2.265,-3.534,0,Nucleo
-2.185,-3.534,0,Nucleo
-2.105,-3.534,0,Nucleo
-2.025,-3.534,0,Nucleo
-1.945,-3.534,0,Nucleo
-1.865,-3.534,0,Nucleo
-1.785,-3.534,0,Nucleo
-1.705,-3.534,0,Nucleo
-1.625,-3.534,0,Nucleo
-1.545,-3.534,0,Nucleo
-1.465,-3.534,0,Nucleo
-1.385,-3.534,0,Nucleo
-1.305,-3.534,0,Nucleo
-1.225,-3.534,0,Nucleo
-1.145,-3.534,0,Nucleo
-1.065,-3.534,0,Nucleo
-0.985,-3.534,0,Nucleo
-0.905,-3.534,0,Nucleo
-0.825,-3.534,0,Nucleo
-0.745,-3.534,0,Nucleo
-0.665,-3.534,0,Nucleo
-0.585,-3.534,0,Nucleo
-0.505,-3.534,0,Nucleo
-0.425,-3.534,0,Nucleo
-0.345,-3.534,0,Nucleo
-0.265,-3.534,0,Nucleo
-0.185,-3.534,0,Nucleo
-0.105,-3.534,0,Nucleo
-0.025,-3.534,0,Nucleo
0.055,-3.534,0,Nucleo
0.135,-3.534,0,Nucleo
0.215,-3.534,0,Nucleo
0.295,-3.534,0,Nucleo
0.375,-3.534,0,Nucleo
0.455,-3.534,0,Nucleo
0.535,-3.534,0,Nucleo
0.615,-3.534,0,Nucleo
0.695,-3.534,0,Nucleo
0.775,-3.534,0,Nucleo
0.855,-3.534,0,Nucleo
0.935,-3.534,0,Nucleo
1.015,-3.534,0,Nucleo
1.095,-3.534,0,Nucleo
1.175,-3.534,0,Nucleo
1.255,-3.534,0,Nucleo
1.335,-3.534,0,Nucleo
1.415,-3.534,0,Nucleo
1.495,-3.534,0,Nucleo
1.575,-3.534,0,Nucleo
1.655,-3.534,0,Nucleo
1.735,-3.534,0,Nucleo
1.815,-3.534,0,Nucleo
1.895,-3.534,0,Nucleo
1.975,-3.534,0,Nucleo
2.055,-3.534,0,Nucleo
2.135,-3.534,0,Nucleo
2.215,-3.534,0,Nucleo
2.295,-3.534,0,Nucleo
2.375,-3.534,0,Nucleo
2.455,-3.534,0,Nucleo
2.535,-3.534,0,Nucleo
2.615,-3.534,0,Nucleo
-2.545,-3.4647,0,Nucleo
-2.465,-3.4647,0,Nucleo
-2.385,-3.4647,0,Nucleo
-2.305,-3.4647,0,Nucleo
-2.225,-3.4647,0,Nucleo
-2.145,-3.4647,0,Nucleo
-2.065,-3.4647,0,Nucleo
-1.985,-3.4647,0,Nucleo
-1.905,-3.4647,0,Nucleo
-1.825,-3.4647,0,Nucleo
-1.745,-3.4647,0,Nucleo
-1.665,-3.4647,0,Nucleo
-1.585,-3.4647,0,Nucleo
-1.505,-3.4647,0,Nucleo
-1.425,-3.4647,0,Nucleo
-1.345,-3.4647,0,Nucleo
-1.265,-3.4647,0,Nucleo
-1.185,-3.4647,0,Nucleo
-1.105,-3.4647,0,Nucleo
-1.025,-3.4647,0,Nucleo
-0.945,-3.4647,0,Nucleo
-0.865,-3.4647,0,Nucleo
-0.785,-3.4647,0,Nucleo
-0.705,-3.4647,0,Nucleo
-0.625,-3.4647,0,Nucleo
-0.545,-3.4647,0,Nucleo
-0.465,-3.4647,0,Nucleo
-0.385,-3.4647,0,Nucleo
-0.305,-3.4647,0,Nucleo
-0.225,-3.4647,0,Nucleo
-0.145,-3.4647,0,Nucleo
-0.065,-3.4647,0,Nucleo
0.015,-3.4647,0,Nucleo
0.095,-3.4647,0,Nucleo
0.175,-3.4647,0,Nucleo
0.255,-3.4647,0,Nucleo
0.335,-3.4647,0,Nucleo
0.415,-3.4647,0,Nucleo
0.495,-3.4647,0,Nucleo
0.575,-3.4647,0,Nucleo
0.655,-3.4647,0,Nucleo
0.735,-3.4647,0,Nucleo
0.815,-3.4647,0,Nucleo
0.895,-3.4647,0,Nucleo
0.975,-3.4647,0,Nucleo
1.055,-3.4647,0,Nucleo
1.135,-3.4647,0,Nucleo
1.215,-3.4647,0,Nucleo
1.295,-3.4647,0,Nucleo
1.375,-3.4647,0,Nucleo
1.455,-3.4647,0,Nucleo
1.535,-3.4647,0,Nucleo
1.615,-3.4647,0,Nucleo
1.695,-3.4647,0,Nucleo
1.775,-3.4647,0,Nucleo
1.855,-3.4647,0,Nucleo
1.935,-3.4647,0,Nucleo
2.015,-3.4647,0,Nucleo
2.095,-3.4647,0,Nucleo
2.175,-3.4647,0,Nucleo
2.255,-3.4647,0,Nucleo
2.335,-3.4647,0,Nucleo
2.415,-3.4647,0,Nucleo
2.495,-3.4647,0,Nucleo
-2.425,-3.3954,0,Nucleo
-2.345,-3.3954,0,Nucleo
-2.265,-3.3954,0,Nucleo
-2.185,-3.3954,0,Nucleo
-2.105,-3.3954,0,Nucleo
-2.025,-3.3954,0,Nucleo
-1.945,-3.3954,0,Nucleo
-1.865,-3.3954,0,Nucleo
-1.785,-3.3954,0,Nucleo
-1.705,-3.3954,0,Nucleo
-1.625,-3.3954,0,Nucleo
-1.545,-3.3954,0,Nucleo
-1.465,-3.3954,0,Nucleo
-1.385,-3.3954,0,Nucleo
-1.305,-3.3954,0,Nucleo
-1.225,-3.3954,0,Nucleo
-1.145,-3.3954,0,Nucleo
-1.065,-3.3954,0,Nucleo
-0.985,-3.3954,0,Nucleo
-0.905,-3.3954,0,Nucleo
-0.825,-3.3954,0,Nucleo
-0.745,-3.3954,0,Nucleo
-0.665,-3.3954,0,Nucleo
-0.585,-3.3954,0,Nucleo
-0.505,-3.3954,0,Nucleo
-0.425,-3.3954,0,Nucleo
-0.345,-3.3954,0,Nucleo
-0.265,-3.3954,0,Nucleo
-0.185,-3.3954,0,Nucleo
-0.105,-3.3954,0,Nucleo
-0.025,-3.3954,0,Nucleo
0.055,-3.3954,0,Nucleo
0.135,-3.3954,0,Nucleo
0.215,-3.3954,0,Nucleo
0.295,-3.3954,0,Nucleo
0.375,-3.3954,0,Nucleo
0.455,-3.3954,0,Nucleo
0.535,-3.3954,0,Nucleo
0.615,-3.3954,0,Nucleo
0.695,-3.3954,0,Nucleo
0.775,-3.3954,0,Nucleo
0.855,-3.3954,0,Nucleo
0.935,-3.3954,0,Nucleo
1.015,-3.3954,0,Nucleo
1.095,-3.3954,0,Nucleo
1.175,-3.3954,0,Nucleo
1.255,-3.3954,0,Nucleo
1.335,-3.3954,0,Nucleo
1.415,-3.3954,0,Nucleo
1.495,-3.3954,0,Nucleo
1.575,-3.3954,0,Nucleo
1.655,-3.3954,0,Nucleo
1.735,-3.3954,0,Nucleo
1.815,-3.3954,0,Nucleo
1.895,-3.3954,0,Nucleo
1.975,-3.3954,0,Nucleo
2.055,-3.3954,0,Nucleo
2.135,-3.3954,0,Nucleo
2.215,-3.3954,0,Nucleo
2.295,-3.3954,0,Nucleo
2.375,-3.3954,0,Nucleo
2.455,-3.3954,0,Nucleo
-2.385,-3.3261,0,Nucleo
-2.305,-3.3261,0,Nucleo
-2.225,-3.3261,0,Nucleo
-2.145,-3.3261,0,Nucleo
-2.065,-3.3261,0,Nucleo
-1.985,-3.3261,0,Nucleo
-1.905,-3.3261,0,Nucleo
-1.825,-3.3261,0,Nucleo
-1.745,-3.3261,0,Nucleo
-1.665,-3.3261,0,Nucleo
-1.585,-3.3261,0,Nucleo
-1.505,-3.3261,0,Nucleo
-1.425,-3.3261,0,Nucleo
-1.345,-3.3261,0,Nucleo
-1.265,-3.3261,0,Nucleo
-1.185,-3.3261,0,Nucleo
-1.105,-3.3261,0,Nucleo
-1.025,-3.3261,0,Nucleo
-0.945,-3.3261,0,Nucleo
-0.865,-3.3261,0,Nucleo
-0.785,-3.3261,0,Nucleo
-0.705,-3.3261,0,Nucleo
-0.625,-3.3261,0,Nucleo
-0.545,-3.3261,0,Nucleo
-0.465,-3.3261,0,Nucleo
-0.385,-3.3261,0,Nucleo
-0.305,-3.3261,0,Nucleo
-0.225,-3.3261,0,Nucleo
-0.145,-3.3261,0,Nucleo
-0.065,-3.3261,0,Nucleo
0.015,-3.3261,0,Nucleo
0.095,-3.3261,0,Nucleo
0.175,-3.3261,0,Nucleo
0.255,-3.3261,0,Nucleo
0.335,-3.3261,0,Nucleo
0.415,-3.3261,0,Nucleo
0.495,-3.3261,0,Nucleo
0.575,-3.3261,0,Nucleo
0.655,-3.3261,0,Nucleo
0.735,-3.3261,0,Nucleo
0.815,-3.3261,0,Nucleo
0.895,-3.3261,0,Nucleo
0.975,-3.3261,0,Nucleo
1.055,-3.3261,0,Nucleo
1.135,-3.3261,0,Nucleo
1.215,-3.3261,0,Nucleo
1.295,-3.3261,0,Nucleo
1.375,-3.3261,0,Nucleo
1.455,-3.3261,0,Nucleo
1.535,-3.3261,0,Nucleo
1.615,-3.3261,0,Nucleo
1.695,-3.3261,0,Nucleo
1.775,-3.3261,0,Nucleo
1.855,-3.3261,0,Nucleo
1.935,-3.3261,0,Nucleo
2.015,-3.3261,0,Nucleo
2.095,-3.3261,0,Nucleo
2.175,-3.3261,0,Nucleo
2.255,-3.3261,0,Nucleo
2.335,-3.3261,0,Nucleo
2.415,-3.3261,0,Nucleo
-2.345,-3.2568,0,Nucleo
-2.265,-3.2568,0,Nucleo
-2.185,-3.2568,0,Nucleo
-2.105,-3.2568,0,Nucleo
-2.025,-3.2568,0,Nucleo
-1.945,-3.2568,0,Nucleo
-1.865,-3.2568,0,Nucleo
-1.785,-3.2568,0,Nucleo
-1.705,-3.2568,0,Nucleo
-1.625,-3.2568,0,Nucleo
-1.545,-3.2568,0,Nucleo
-1.465,-3.2568,0,Nucleo
-1.385,-3.2568,0,Nucleo
-1.305,-3.2568,0,Nucleo
-1.225,-3.2568,0,Nucleo
-1.145,-3.2568,0,Nucleo
-1.065,-3.2568,0,Nucleo
-0.985,-3.2568,0,Nucleo
-0.905,-3.2568,0,Nucleo
-0.825,-3.2568,0,Nucleo
-0.745,-3.2568,0,Nucleo
-0.665,-3.2568,0,Nucleo
-0.585,-3.2568,0,Nucleo
-0.505,-3.2568,0,Nucleo
-0.425,-3.2568,0,Nucleo
-0.345,-3.2568,0,Nucleo
-0.265,-3.2568,0,Nucleo
-0.185,-3.2568,0,Nucleo
-0.105,-3.2568,0,Nucleo
-0.025,-3.2568,0,Nucleo
0.055,-3.2568,0,Nucleo
0.135,-3.2568,0,Nucleo
0.215,-3.2568,0,Nucleo
0.295,-3.2568,0,Nucleo
0.375,-3.2568,0,Nucleo
0.455,-3.2568,0,Nucleo
0.535,-3.2568,0,Nucleo
0.615,-3.2568,0,Nucleo
0.695,-3.2568,0,Nucleo
0.775,-3.2568,0,Nucleo
0.855,-3.2568,0,Nucleo
0.935,-3.2568,0,Nucleo
1.015,-3.2568,0,Nucleo
1.095,-3.2568,0,Nucleo
1.175,-3.2568,0,Nucleo
1.255,-3.2568,0,Nucleo
1.335,-3.2568,0,Nucleo
1.415,-3.2568,0,Nucleo
1.495,-3.2568,0,Nucleo
1.575,-3.2568,0,Nucleo
1.655,-3.2568,0,Nucleo
1.735,-3.2568,0,Nucleo
1.815,-3.2568,0,Nucleo
1.895,-3.2568,0,Nucleo
1.975,-3.2568,0,Nucleo
2.055,-3.2568,0,Nucleo
2.135,-3.2568,0,Nucleo
2.215,-3.2568,0,Nucleo
2.295,-3.2568,0,Nucleo
-2.225,-3.1876,0,Nucleo
-2.145,-3.1876,0,Nucleo
-2.065,-3.1876,0,Nucleo
-1.985,-3.1876,0,Nucleo
-1.905,-3.1876,0,Nucleo
-1.825,-3.1876,0,Nucleo
-1.745,-3.1876,0,Nucleo
-1.665,-3.1876,0,Nucleo
-1.585,-3.1876,0,Nucleo
-1.505,-3.1876,0,Nucleo
-1.425,-3.1876,0,Nucleo
-1.345,-3.1876,0,Nucleo
-1.265,-3.1876,0,Nucleo
-1.185,-3.1876,0,Nucleo
-1.105,-3.1876,0,Nucleo
-1.025,-3.1876,0,Nucleo
-0.945,-3.1876,0,Nucleo
-0.865,-3.1876,0,Nucleo
-0.785,-3.1876,0,Nucleo
-0.705,-3.1876,0,Nucleo
-0.625,-3.1876,0,Nucleo
-0.545,-3.1876,0,Nucleo
-0.465,-3.1876,0,Nucleo
-0.385,-3.1876,0,Nucleo
-0.305,-3.1876,0,Nucleo
-0.225,-3.1876,0,Nucleo
-0.145,-3.1876,0,Nucleo
-0.065,-3.1876,0,Nucleo
0.015,-3.1876,0,Nucleo
0.095,-3.1876,0,Nucleo
0.175,-3.1876,0,Nucleo
0.255,-3.1876,0,Nucleo
0.335,-3.1876,0,Nucleo
0.415,-3.1876,0,Nucleo
0.495,-3.1876,0,Nucleo
0.575,-3.1876,0,Nucleo
0.655,-3.1876,0,Nucleo
0.735,-3.1876,0,Nucleo
0.815,-3.1876,0,Nucleo
0.895,-3.1876,0,Nucleo
0.975,-3.1876,0,Nucleo
1.055,-3.1876,0,Nucleo
1.135,-3.1876,0,Nucleo
1.215,-3.1876,0,Nucleo
1.295,-3.1876,0,Nucleo
1.375,-3.1876,0,Nucleo
1.455,-3.1876,0,Nucleo
1.535,-3.1876,0,Nucleo
1.615,-3.1876,0,Nucleo
1.695,-3.1876,0,Nucleo
1.775,-3.1876,0,Nucleo
1.855,-3.1876,0,Nucleo
1.935,-3.1876,0,Nucleo
2.015,-3.1876,0,Nucleo
2.095,-3.1876,0,Nucleo
2.175,-3.1876,0,Nucleo
2.255,-3.1876,0,Nucleo
-2.185,-3.1183,0,Nucleo
-2.105,-3.1183,0,Nucleo
-2.025,-3.1183,0,Nucleo
-1.945,-3.1183,0,Nucleo
-1.865,-3.1183,0,Nucleo
-1.785,-3.1183,0,Nucleo
-1.705,-3.1183,0,Nucleo
-1.625,-3.1183,0,Nucleo
-1.545,-3.1183,0,Nucleo
-1.465,-3.1183,0,Nucleo
-1.385,-3.1183,0,Nucleo
-1.305,-3.1183,0,Nucleo
-1.225,-3.1183,0,Nucleo
-1.145,-3.1183,0,Nucleo
-1.065,-3.1183,0,Nucleo
-0.985,-3.1183,0,Nucleo
-0.905,-3.1183,0,Nucleo
-0.825,-3.1183,0,Nucleo
-0.745,-3.1183,0,Nucleo
-0.665,-3.1183,0,Nucleo
-0.585,-3.1183,0,Nucleo
-0.505,-3.1183,0,Nucleo
-0.425,-3.1183,0,Nucleo
-0.345,-3.1183,0,Nucleo
-0.265,-3.1183,0,Nucleo
-0.185,-3.1183,0,Nucleo
-0.105,-3.1183,0,Nucleo
-0.025,-3.1183,0,Nucleo
0.055,-3.1183,0,Nucleo
0.135,-3.1183,0,Nucleo
0.215,-3.1183,0,Nucleo
0.295,-3.1183,0,Nucleo
0.375,-3.1183,0,Nucleo
0.455,-3.1183,0,Nucleo
0.535,-3.1183,0,Nucleo
0.615,-3.1183,0,Nucleo
0.695,-3.1183,0,Nucleo
0.775,-3.1183,0,Nucleo
0.855,-3.1183,0,Nucleo
0.935,-3.1183,0,Nucleo
1.015,-3.1183,0,Nucleo
1.095,-3.1183,0,Nucleo
1.175,-3.1183,0,Nucleo
1.255,-3.1183,0,Nucleo
1.335,-3.1183,0,Nucleo
1.415,-3.1183,0,Nucleo
1.495,-3.1183,0,Nucleo
1.575,-3.1183,0,Nucleo
1.655,-3.1183,0,Nucleo
1.735,-3.1183,0,Nucleo
1.815,-3.1183,0,Nucleo
1.895,-3.1183,0,Nucleo
1.975,-3.1183,0,Nucleo
2.055,-3.1183,0,Nucleo
2.135,-3.1183,0,Nucleo
-2.065,-3.049,0,Nucleo
-1.985,-3.049,0,Nucleo
-1.905,-3.049,0,Nucleo
-1.825,-3.049,0,Nucleo
-1.745,-3.049,0,Nucleo
-1.665,-3.049,0,Nucleo
-1.585,-3.049,0,Nucleo
-1.505,-3.049,0,Nucleo
-1.425,-3.049,0,Nucleo
-1.345,-3.049,0,Nucleo
-1.265,-3.049,0,Nucleo
-1.185,-3.049,0,Nucleo
-1.105,-3.049,0,Nucleo
-1.025,-3.049,0,Nucleo
-0.945,-3.049,0,Nucleo
-0.865,-3.049,0,Nucleo
-0.785,-3.049,0,Nucleo
-0.705,-3.049,0,Nucleo
-0.625,-3.049,0,Nucleo
-0.545,-3.049,0,Nucleo
-0.465,-3.049,0,Nucleo
-0.385,-3.049,0,Nucleo
-0.305,-3.049,0,Nucleo
-0.225,-3.049,0,Nucleo
-0.145,-3.049,0,Nucleo
-0.065,-3.049,0,Nucleo
0.015,-3.049,0,Nucleo
0.095,-3.049,0,Nucleo
0.175,-3.049,0,Nucleo
0.255,-3.049,0,Nucleo
0.335,-3.049,0,Nucleo
0.415,-3.049,0,Nucleo
0.495,-3.049,0,Nucleo
0.575,-3.049,0,Nucleo
0.655,-3.049,0,Nucleo
0.735,-3.049,0,Nucleo
0.815,-3.049,0,Nucleo
0.895,-3.049,0,Nucleo
0.975,-3.049,0,Nucleo
1.055,-3.049,0,Nucleo
1.135,-3.049,0,Nucleo
1.215,-3.049,0,Nucleo
1.295,-3.049,0,Nucleo
1.375,-3.049,0,Nucleo
1.455,-3.049,0,Nucleo
1.535,-3.049,0,Nucleo
1.615,-3.049,0,Nucleo
1.695,-3.049,0,Nucleo
1.775,-3.049,0,Nucleo
1.855,-3.049,0,Nucleo
1.935,-3.049,0,Nucleo
2.015,-3.049,0,Nucleo
2.095,-3.049,0,Nucleo
-1.945,-2.9797,0,Nucleo
-1.865,-2.9797,0,Nucleo
-1.785,-2.9797,0,Nucleo
-1.705,-2.9797,0,Nucleo
-1.625,-2.9797,0,Nucleo
-1.545,-2.9797,0,Nucleo
-1.465,-2.9797,0,Nucleo
-1.385,-2.9797,0,Nucleo
-1.305,-2.9797,0,Nucleo
-1.225,-2.9797,0,Nucleo
-1.145,-2.9797,0,Nucleo
-1.065,-2.9797,0,Nucleo
-0.985,-2.9797,0,Nucleo
-0.905,-2.9797,0,Nucleo
-0.825,-2.9797,0,Nucleo
-0.745,-2.9797,0,Nucleo
-0.665,-2.9797,0,Nucleo
-0.585,-2.9797,0,Nucleo
-0.505,-2.9797,0,Nucleo
-0.425,-2.9797,0,Nucleo
-0.345,-2.9797,0,Nucleo
-0.265,-2.9797,0,Nucleo
-0.185,-2.9797,0,Nucleo
-0.105,-2.9797,0,Nucleo
-0.025,-2.9797,0,Nucleo
0.055,-2.9797,0,Nucleo
0.135,-2.9797,0,Nucleo
0.215,-2.9797,0,Nucleo
0.295,-2.9797,0,Nucleo
0.375,-2.9797,0,Nucleo
0.455,-2.9797,0,Nucleo
0.535,-2.9797,0,Nucleo
0.615,-2.9797,0,Nucleo
0.695,-2.9797,0,Nucleo
0.775,-2.9797,0,Nucleo
0.855,-2.9797,0,Nucleo
0.935,-2.9797,0,Nucleo
1.015,-2.9797,0,Nucleo
1.095,-2.9797,0,Nucleo
1.175,-2.9797,0,Nucleo
1.255,-2.9797,0,Nucleo
1.335,-2.9797,0,Nucleo
1.415,-2.9797,0,Nucleo
1.495,-2.9797,0,Nucleo
1.575,-2.9797,0,Nucleo
1.655,-2.9797,0,Nucleo
1.735,-2.9797,0,Nucleo
1.815,-2.9797,0,Nucleo
1.895,-2.9797,0,Nucleo
1.975,-2.9797,0,Nucleo
-1.825,-2.9104,0,Nucleo
-1.745,-2.9104,0,Nucleo
-1.665,-2.9104,0,Nucleo
-1.585,-2.9104,0,Nucleo
-1.505,-2.9104,0,Nucleo
-1.425,-2.9104,0,Nucleo
-1.345,-2.9104,0,Nucleo
-1.265,-2.9104,0,Nucleo
-1.185,-2.9104,0,Nucleo
-1.105,-2.9104,0,Nucleo
-1.025,-2.9104,0,Nucleo
-0.945,-2.9104,0,Nucleo
-0.865,-2.9104,0,Nucleo
-0.785,-2.9104,0,Nucleo
-0.705,-2.9104,0,Nucleo
-0.625,-2.9104,0,Nucleo
-0.545,-2.9104,0,Nucleo
-0.465,-2.9104,0,Nucleo
-0.385,-2.9104,0,Nucleo
-0.305,-2.9104,0,Nucleo
-0.225,-2.9104,0,Nucleo
-0.145,-2.9104,0,Nucleo
-0.065,-2.9104,0,Nucleo
0.015,-2.9104,0,Nucleo
0.095,-2.9104,0,Nucleo
0.175,-2.9104,0,Nucleo
0.255,-2.9104,0,Nucleo
0.335,-2.9104,0,Nucleo
0.415,-2.9104,0,Nucleo
0.495,-2.9104,0,Nucleo
0.575,-2.9104,0,Nucleo
0.655,-2.9104,0,Nucleo
0.735,-2.9104,0,Nucleo
0.815,-2.9104,0,Nucleo
0.895,-2.9104,0,Nucleo
0.975,-2.9104,0,Nucleo
1.055,-2.9104,0,Nucleo
1.135,-2.9104,0,Nucleo
1.215,-2.9104,0,Nucleo
1.295,-2.9104,0,Nucleo
1.375,-2.9104,0,Nucleo
1.455,-2.9104,0,Nucleo
1.535,-2.9104,0,Nucleo
1.615,-2.9104,0,Nucleo
1.695,-2.9104,0,Nucleo
1.775,-2.9104,0,Nucleo
1.855,-2.9104,0,Nucleo
-1.785,-2.8412,0,Nucleo
-1.705,-2.8412,0,Nucleo
-1.625,-2.8412,0,Nucleo
-1.545,-2.8412,0,Nucleo
-1.465,-2.8412,0,Nucleo
-1.385,-2.8412,0,Nucleo
-1.305,-2.8412,0,Nucleo
-1.225,-2.8412,0,Nucleo
-1.145,-2.8412,0,Nucleo
-1.065,-2.8412,0,Nucleo
-0.985,-2.8412,0,Nucleo
-0.905,-2.8412,0,Nucleo
-0.825,-2.8412,0,Nucleo
-0.745,-2.8412,0,Nucleo
-0.665,-2.8412,0,Nucleo
-0.585,-2.8412,0,Nucleo
-0.505,-2.8412,0,Nucleo
-0.425,-2.8412,0,Nucleo
-0.345,-2.8412,0,Nucleo
-0.265,-2.8412,0,Nucleo
-0.185,-2.8412,0,Nucleo
-0.105,-2.8412,0,Nucleo
-0.025,-2.8412,0,Nucleo
0.055,-2.8412,0,Nucleo
0.135,-2.8412,0,Nucleo
0.215,-2.8412,0,Nucleo
0.295,-2.8412,0,Nucleo
0.375,-2.8412,0,Nucleo
0.455,-2.8412,0,Nucleo
0.535,-2.8412,0,Nucleo
0.615,-2.8412,0,Nucleo
0.695,-2.8412,0,Nucleo
0.775,-2.8412,0,Nucleo
0.855,-2.8412,0,Nucleo
0.935,-2.8412,0,Nucleo
1.015,-2.8412,0,Nucleo
1.095,-2.8412,0,Nucleo
1.175,-2.8412,0,Nucleo
1.255,-2.8412,0,Nucleo
1.335,-2.8412,0,Nucleo
1.415,-2.8412,0,Nucleo
1.495,-2.8412,0,Nucleo
1.575,-2.8412,0,Nucleo
1.655,-2.8412,0,Nucleo
1.735,-2.8412,0,Nucleo
-1.665,-2.7719,0,Nucleo
-1.585,-2.7719,0,Nucleo
-1.505,-2.7719,0,Nucleo
-1.425,-2.7719,0,Nucleo
-1.345,-2.7719,0,Nucleo
-1.265,-2.7719,0,Nucleo
-1.185,-2.7719,0,Nucleo
-1.105,-2.7719,0,Nucleo
-1.025,-2.7719,0,Nucleo
-0.945,-2.7719,0,Nucleo
-0.865,-2.7719,0,Nucleo
-0.785,-2.7719,0,Nucleo
-0.705,-2.7719,0,Nucleo
-0.625,-2.7719,0,Nucleo
-0.545,-2.7719,0,Nucleo
-0.465,-2.7719,0,Nucleo
-0.385,-2.7719,0,Nucleo
-0.305,-2.7719,0,Nucleo
-0.225,-2.7719,0,Nucleo
-0.145,-2.7719,0,Nucleo
-0.065,-2.7719,0,Nucleo
0.015,-2.7719,0,Nucleo
0.095,-2.7719,0,Nucleo
0.175,-2.7719,0,Nucleo
0.255,-2.7719,0,Nucleo
0.335,-2.7719,0,Nucleo
0.415,-2.7719,0,Nucleo
0.495,-2.7719,0,Nucleo
0.575,-2.7719,0,Nucleo
0.655,-2.7719,0,Nucleo
0.735,-2.7719,0,Nucleo
0.815,-2.7719,0,Nucleo
0.895,-2.7719,0,Nucleo
0.975,-2.7719,0,Nucleo
1.055,-2.7719,0,Nucleo
1.135,-2.7719,0,Nucleo
1.215,-2.7719,0,Nucleo
1.295,-2.7719,0,Nucleo
1.375,-2.7719,0,Nucleo
1.455,-2.7719,0,Nucleo
1.535,-2.7719,0,Nucleo
1.615,-2.7719,0,Nucleo
-1.465,-2.7026,0,Nucleo
-1.385,-2.7026,0,Nucleo
-1.305,-2.7026,0,Nucleo
-1.225,-2.7026,0,Nucleo
-1.145,-2.7026,0,Nucleo
-1.065,-2.7026,0,Nucleo
-0.985,-2.7026,0,Nucleo
-0.905,-2.7026,0,Nucleo
-0.825,-2.7026,0,Nucleo
-0.745,-2.7026,0,Nucleo
-0.665,-2.7026,0,Nucleo
-0.585,-2.7026,0,Nucleo
-0.505,-2.7026,0,Nucleo
-0.425,-2.7026,0,Nucleo
-0.345,-2.7026,0,Nucleo
-0.265,-2.7026,0,Nucleo
-0.185,-2.7026,0,Nucleo
-0.105,-2.7026,0,Nucleo
-0.025,-2.7026,0,Nucleo
0.055,-2.7026,0,Nucleo
0.135,-2.7026,0,Nucleo
0.215,-2.7026,0,Nucleo
0.295,-2.7026,0,Nucleo
0.375,-2.7026,0,Nucleo
0.455,-2.7026,0,Nucleo
0.535,-2.7026,0,Nucleo
0.615,-2.7026,0,Nucleo
0.695,-2.7026,0,Nucleo
0.775,-2.7026,0,Nucleo
0.855,-2.7026,0,Nucleo
0.935,-2.7026,0,Nucleo
1.015,-2.7026,0,Nucleo
1.095,-2.7026,0,Nucleo
1.175,-2.7026,0,Nucleo
1.255,-2.7026,0,Nucleo
1.335,-2.7026,0,Nucleo
1.415,-2.7026,0,Nucleo
1.495,-2.7026,0,Nucleo
-1.345,-2.6333,0,Nucleo
-1.265,-2.6333,0,Nucleo
-1.185,-2.6333,0,Nucleo
-1.105,-2.6333,0,Nucleo
-1.025,-2.6333,0,Nucleo
-0.945,-2.6333,0,Nucleo
-0.865,-2.6333,0,Nucleo
-0.785,-2.6333,0,Nucleo
-0.705,-2.6333,0,Nucleo
-0.625,-2.6333,0,Nucleo
-0.545,-2.6333,0,Nucleo
-0.465,-2.6333,0,Nucleo
-0.385,-2.6333,0,Nucleo
-0.305,-2.6333,0,Nucleo
-0.225,-2.6333,0,Nucleo
-0.145,-2.6333,0,Nucleo
-0.065,-2.6333,0,Nucleo
0.015,-2.6333,0,Nucleo
0.095,-2.6333,0,Nucleo
0.175,-2.6333,0,Nucleo
0.255,-2.6333,0,Nucleo
0.335,-2.6333,0,Nucleo
0.415,-2.6333,0,Nucleo
0.495,-2.6333,0,Nucleo
0.575,-2.6333,0,Nucleo
0.655,-2.6333,0,Nucleo
0.735,-2.6333,0,Nucleo
0.815,-2.6333,0,Nucleo
0.895,-2.6333,0,Nucleo
0.975,-2.6333,0,Nucleo
1.055,-2.6333,0,Nucleo
1.135,-2.6333,0,Nucleo
1.215,-2.6333,0,Nucleo
1.295,-2.6333,0,Nucleo
1.375,-2.6333,0,Nucleo
-1.145,-2.564,0,Nucleo
-1.065,-2.564,0,Nucleo
-0.985,-2.564,0,Nucleo
-0.905,-2.564,0,Nucleo
-0.825,-2.564,0,Nucleo
-0.745,-2.564,0,Nucleo
-0.665,-2.564,0,Nucleo
-0.585,-2.564,0,Nucleo
-0.505,-2.564,0,Nucleo
-0.425,-2.564,0,Nucleo
-0.345,-2.564,0,Nucleo
-0.265,-2.564,0,Nucleo
-0.185,-2.564,0,Nucleo
-0.105,-2.564,0,Nucleo
-0.025,-2.564,0,Nucleo
0.055,-2.564,0,Nucleo
0.135,-2.564,0,Nucleo
0.215,-2.564,0,Nucleo
0.295,-2.564,0,Nucleo
0.375,-2.564,0,Nucleo
0.455,-2.564,0,Nucleo
0.535,-2.564,0,Nucleo
0.615,-2.564,0,Nucleo
0.695,-2.564,0,Nucleo
0.775,-2.564,0,Nucleo
0.855,-2.564,0,Nucleo
0.935,-2.564,0,Nucleo
1.015,-2.564,0,Nucleo
1.095,-2.564,0,Nucleo
1.175,-2.564,0,Nucleo
-0.945,-2.4947,0,Nucleo
-0.865,-2.4947,0,Nucleo
-0.785,-2.4947,0,Nucleo
-0.705,-2.4947,0,Nucleo
-0.625,-2.4947,0,Nucleo
-0.545,-2.4947,0,Nucleo
-0.465,-2.4947,0,Nucleo
-0.385,-2.4947,0,Nucleo
-0.305,-2.4947,0,Nucleo
-0.225,-2.4947,0,Nucleo
-0.145,-2.4947,0,Nucleo
-0.065,-2.4947,0,Nucleo
0.015,-2.4947,0,Nucleo
0.095,-2.4947,0,Nucleo
0.175,-2.4947,0,Nucleo
0.255,-2.4947,0,Nucleo
0.335,-2.4947,0,Nucleo
0.415,-2.4947,0,Nucleo
0.495,-2.4947,0,Nucleo
0.575,-2.4947,0,Nucleo
0.655,-2.4947,0,Nucleo
0.735,-2.4947,0,Nucleo
0.815,-2.4947,0,Nucleo
0.895,-2.4947,0,Nucleo
0.975,-2.4947,0,Nucleo
-0.665,-2.4255,0,Nucleo
-0.585,-2.4255,0,Nucleo
-0.505,-2.4255,0,Nucleo
-0.425,-2.4255,0,Nucleo
-0.345,-2.4255,0,Nucleo
-0.265,-2.4255,0,Nucleo
-0.185,-2.4255,0,Nucleo
-0.105,-2.4255,0,Nucleo
-0.025,-2.4255,0,Nucleo
0.055,-2.4255,0,Nucleo
0.135,-2.4255,0,Nucleo
0.215,-2.4255,0,Nucleo
0.295,-2.4255,0,Nucleo
0.375,-2.4255,0,Nucleo
0.455,-2.4255,0,Nucleo
0.535,-2.4255,0,Nucleo
0.615,-2.4255,0,Nucleo
0.695,-2.4255,0,Nucleo
-0.145,-2.3562,0,Nucleo
-0.065,-2.3562,0,Nucleo
0.015,-2.3562,0,Nucleo
0.095,-2.3562,0,Nucleo
0.175,-2.3562,0,Nucleo
-0.545,-10.1158,0,Cyto
-0.465,-10.1158,0,Cyto
-0.385,-10.1158,0,Cyto
-0.305,-10.1158,0,Cyto
-0.225,-10.1158,0,Cyto
-0.145,-10.1158,0,Cyto
-0.065,-10.1158,0,Cyto
0.015,-10.1158,0,Cyto
0.095,-10.1158,0,Cyto
0.175,-10.1158,0,Cyto
0.255,-10.1158,0,Cyto
0.335,-10.1158,0,Cyto
0.415,-10.1158,0,Cyto
0.495,-10.1158,0,Cyto
0.575,-10.1158,0,Cyto
-0.905,-10.0465,0,Cyto
-0.825,-10.0465,0,Cyto
-0.745,-10.0465,0,Cyto
-0.665,-10.0465,0,Cyto
-0.585,-10.0465,0,Cyto
-0.505,-10.0465,0,Cyto
-0.425,-10.0465,0,Cyto
-0.345,-10.0465,0,Cyto
-0.265,-10.0465,0,Cyto
-0.185,-10.0465,0,Cyto
-0.105,-10.0465,0,Cyto
-0.025,-10.0465,0,Cyto
0.055,-10.0465,0,Cyto
0.135,-10.0465,0,Cyto
0.215,-10.0465,0,Cyto
0.295,-10.0465,0,Cyto
0.375,-10.0465,0,Cyto
0.455,-10.0465,0,Cyto
0.535,-10.0465,0,Cyto
0.615,-10.0465,0,Cyto
0.695,-10.0465,0,Cyto
0.775,-10.0465,0,Cyto
0.855,-10.0465,0,Cyto
0.935,-10.0465,0,Cyto
-1.185,-9.9772,0,Cyto
-1.105,-9.9772,0,Cyto
-1.025,-9.9772,0,Cyto
-0.945,-9.9772,0,Cyto
-0.865,-9.9772,0,Cyto
-0.785,-9.9772,0,Cyto
-0.705,-9.9772,0,Cyto
-0.625,-9.9772,0,Cyto
-0.545,-9.9772,0,Cyto
-0.465,-9.9772,0,Cyto
-0.385,-9.9772,0,Cyto
-0.305,-9.9772,0,Cyto
-0.225,-9.9772,0,Cyto
-0.145,-9.9772,0,Cyto
-0.065,-9.9772,0,Cyto
0.015,-9.9772,0,Cyto
0.095,-9.9772,0,Cyto
0.175,-9.9772,0,Cyto
0.255,-9.9772,0,Cyto
0.335,-9.9772,0,Cyto
0.415,-9.9772,0,Cyto
0.495,-9.9772,0,Cyto
0.575,-9.9772,0,Cyto
0.655,-9.9772,0,Cyto
0.735,-9.9772,0,Cyto
0.815,-9.9772,0,Cyto
0.895,-9.9772,0,Cyto
0.975,-9.9772,0,Cyto
1.055,-9.9772,0,Cyto
1.135,-9.9772,0,Cyto
1.215,-9.9772,0,Cyto
-1.385,-9.9079,0,Cyto
-1.305,-9.9079,0,Cyto
-1.225,-9.9079,0,Cyto
-1.145,-9.9079,0,Cyto
-1.065,-9.9079,0,Cyto
-0.985,-9.9079,0,Cyto
-0.905,-9.9079,0,Cyto
-0.825,-9.9079,0,Cyto
-0.745,-9.9079,0,Cyto
-0.665,-9.9079,0,Cyto
-0.585,-9.9079,0,Cyto
-0.505,-9.9079,0,Cyto
-0.425,-9.9079,0,Cyto
-0.345,-9.9079,0,Cyto
-0.265,-9.9079,0,Cyto
-0.185,-9.9079,0,Cyto
-0.105,-9.9079,0,Cyto
-0.025,-9.9079,0,Cyto
0.055,-9.9079,0,Cyto
0.135,-9.9079,0,Cyto
0.215,-9.9079,0,Cyto
0.295,-9.9079,0,Cyto
0.375,-9.9079,0,Cyto
0.455,-9.9079,0,Cyto
0.535,-9.9079,0,Cyto
0.615,-9.9079,0,Cyto
0.695,-9.9079,0,Cyto
0.775,-9.9079,0,Cyto
0.855,-9.9079,0,Cyto
0.935,-9.9079,0,Cyto
1.015,-9.9079,0,Cyto
1.095,-9.9079,0,Cyto
1.175,-9.9079,0,Cyto
1.255,-9.9079,0,Cyto
1.335,-9.9079,0,Cyto
1.415,-9.9079,0,Cyto
-1.585,-9.8386,0,Cyto
-1.505,-9.8386,0,Cyto
-1.425,-9.8386,0,Cyto
-1.345,-9.8386,0,Cyto
-1.265,-9.8386,0,Cyto
-1.185,-9.8386,0,Cyto
-1.105,-9.8386,0,Cyto
-1.025,-9.8386,0,Cyto
-0.945,-9.8386,0,Cyto
-0.865,-9.8386,0,Cyto
-0.785,-9.8386,0,Cyto
-0.705,-9.8386,0,Cyto
-0.625,-9.8386,0,Cyto
-0.545,-9.8386,0,Cyto
-0.465,-9.8386,0,Cyto
-0.385,-9.8386,0,Cyto
-0.305,-9.8386,0,Cyto
-0.225,-9.8386,0,Cyto
-0.145,-9.8386,0,Cyto
-0.065,-9.8386,0,Cyto
0.015,-9.8386,0,Cyto
0.095,-9.8386,0,Cyto
0.175,-9.8386,0,Cyto
0.255,-9.8386,0,Cyto
0.335,-9.8386,0,Cyto
0.415,-9.8386,0,Cyto
0.495,-9.8386,0,Cyto
0.575,-9.8386,0,Cyto
0.655,-9.8386,0,Cyto
0.735,-9.8386,0,Cyto
0.815,-9.8386,0,Cyto
0.895,-9.8386,0,Cyto
0.975,-9.8386,0,Cyto
1.055,-9.8386,0,Cyto
1.135,-9.8386,0,Cyto
1.215,-9.8386,0,Cyto
1.295,-9.8386,0,Cyto
1.375,-9.8386,0,Cyto
1.455,-9.8386,0,Cyto
1.535,-9.8386,0,Cyto
1.615,-9.8386,0,Cyto
-1.705,-9.7694,0,Cyto
-1.625,-9.7694,0,Cyto
-1.545,-9.7694,0,Cyto
-1.465,-9.7694,0,Cyto
-1.385,-9.7694,0,Cyto
-1.305,-9.7694,0,Cyto
-1.225,-9.7694,0,Cyto
-1.145,-9.7694,0,Cyto
-1.065,-9.7694,0,Cyto
-0.985,-9.7694,0,Cyto
-0.905,-9.7694,0,Cyto
-0.825,-9.7694,0,Cyto
-0.745,-9.7694,0,Cyto
-0.665,-9.7694,0,Cyto
-0.585,-9.7694,0,Cyto
-0.505,-9.7694,0,Cyto
-0.425,-9.7694,0,Cyto
-0.345,-9.7694,0,Cyto
-0.265,-9.7694,0,Cyto
-0.185,-9.7694,0,Cyto
-0.105,-9.7694,0,Cyto
-0.025,-9.7694,0,Cyto
0.055,-9.7694,0,Cyto
0.135,-9.7694,0,Cyto
0.215,-9.7694,0,Cyto
0.295,-9.7694,0,Cyto
0.375,-9.7694,0,Cyto
0.455,-9.7694,0,Cyto
0.535,-9.7694,0,Cyto
0.615,-9.7694,0,Cyto
0.695,-9.7694,0,Cyto
0.775,-9.7694,0,Cyto
0.855,-9.7694,0,Cyto
0.935,-9.7694,0,Cyto
1.015,-9.7694,0,Cyto
1.095,-9.7694,0,Cyto
1.175,-9.7694,0,Cyto
1.255,-9.7694,0,Cyto
1.335,-9.7694,0,Cyto
1.415,-9.7694,0,Cyto
1.495,-9.7694,0,Cyto
1.575,-9.7694,0,Cyto
1.655,-9.7694,0,Cyto
1.735,-9.7694,0,Cyto
-1.905,-9.7001,0,Cyto
-1.825,-9.7001,0,Cyto
-1.745,-9.7001,0,Cyto
-1.665,-9.7001,0,Cyto
-1.585,-9.7001,0,Cyto
-1.505,-9.7001,0,Cyto
-1.425,-9.7001,0,Cyto
-1.345,-9.7001,0,Cyto
-1.265,-9.7001,0,Cyto
-1.185,-9.7001,0,Cyto
-1.105,-9.7001,0,Cyto
-1.025,-9.7001,0,Cyto
-0.945,-9.7001,0,Cyto
-0.865,-9.7001,0,Cyto
-0.785,-9.7001,0,Cyto
-0.705,-9.7001,0,Cyto
-0.625,-9.7001,0,Cyto
-0.545,-9.7001,0,Cyto
-0.465,-9.7001,0,Cyto
-0.385,-9.7001,0,Cyto
-0.305,-9.7001,0,Cyto
-0.225,-9.7001,0,Cyto
-0.145,-9.7001,0,Cyto
-0.065,-9.7001,0,Cyto
0.015,-9.7001,0,Cyto
0.095,-9.7001,0,Cyto
0.175,-9.7001,0,Cyto
0.255,-9.7001,0,Cyto
0.335,-9.7001,0,Cyto
0.415,-9.7001,0,Cyto
0.495,-9.7001,0,Cyto
0.575,-9.7001,0,Cyto
0.655,-9.7001,0,Cyto
0.735,-9.7001,0,Cyto
0.815,-9.7001,0,Cyto
0.895,-9.7001,0,Cyto
0.975,-9.7001,0,Cyto
1.055,-9.7001,0,Cyto
1.135,-9.7001,0,Cyto
1.215,-9.7001,0,Cyto
1.295,-9.7001,0,Cyto
1.375,-9.7001,0,Cyto
1.455,-9.7001,0,Cyto
1.535,-9.7001,0,Cyto
1.615,-9.7001,0,Cyto
1.695,-9.7001,0,Cyto
1.775,-9.7001,0,Cyto
1.855,-9.7001,0,Cyto
-2.025,-9.6308,0,Cyto
-1.945,-9.6308,0,Cyto
-1.865,-9.6308,0,Cyto
-1.785,-9.6308,0,Cyto
-1.705,-9.6308,0,Cyto
-1.625,-9.6308,0,Cyto
-1.545,-9.6308,0,Cyto
-1.465,-9.6308,0,Cyto
-1.385,-9.6308,0,Cyto
-1.305,-9.6308,0,Cyto
-1.225,-9.6308,0,Cyto
-1.145,-9.6308,0,Cyto
-1.065,-9.6308,0,Cyto
-0.985,-9.6308,0,Cyto
-0.905,-9.6308,0,Cyto
-0.825,-9.6308,0,Cyto
-0.745,-9.6308,0,Cyto
-0.665,-9.6308,0,Cyto
-0.585,-9.6308,0,Cyto
-0.505,-9.6308,0,Cyto
-0.425,-9.6308,0,Cyto
-0.345,-9.6308,0,Cyto
-0.265,-9.6308,0,Cyto
-0.185,-9.6308,0,Cyto
-0.105,-9.6308,0,Cyto
-0.025,-9.6308,0,Cyto
0.055,-9.6308,0,Cyto
0.135,-9.6308,0,Cyto
0.215,-9.6308,0,Cyto
0.295,-9.6308,0,Cyto
0.375,-9.6308,0,Cyto
0.455,-9.6308,0,Cyto
0.535,-9.6308,0,Cyto
0.615,-9.6308,0,Cyto
0.695,-9.6308,0,Cyto
0.775,-9.6308,0,Cyto
0.855,-9.6308,0,Cyto
0.935,-9.6308,0,Cyto
1.015,-9.6308,0,Cyto
1.095,-9.6308,0,Cyto
1.175,-9.6308,0,Cyto
1.255,-9.6308,0,Cyto
1.335,-9.6308,0,Cyto
1.415,-9.6308,0,Cyto
1.495,-9.6308,0,Cyto
1.575,-9.6308,0,Cyto
1.655,-9.6308,0,Cyto
1.735,-9.6308,0,Cyto
1.815,-9.6308,0,Cyto
1.895,-9.6308,0,Cyto
1.975,-9.6308,0,Cyto
2.055,-9.6308,0,Cyto
-2.145,-9.5615,0,Cyto
-2.065,-9.5615,0,Cyto
-1.985,-9.5615,0,Cyto
-1.905,-9.5615,0,Cyto
-1.825,-9.5615,0,Cyto
-1.745,-9.5615,0,Cyto
-1.665,-9.5615,0,Cyto
-1.585,-9.5615,0,Cyto
-1.505,-9.5615,0,Cyto
-1.425,-9.5615,0,Cyto
-1.345,-9.5615,0,Cyto
-1.265,-9.5615,0,Cyto
-1.185,-9.5615,0,Cyto
-1.105,-9.5615,0,Cyto
-1.025,-9.5615,0,Cyto
-0.945,-9.5615,0,Cyto
-0.865,-9.5615,0,Cyto
-0.785,-9.5615,0,Cyto
-0.705,-9.5615,0,Cyto
-0.625,-9.5615,0,Cyto
-0.545,-9.5615,0,Cyto
-0.465,-9.5615,0,Cyto
-0.385,-9.5615,0,Cyto
-0.305,-9.5615,0,Cyto
-0.225,-9.5615,0,Cyto
-0.145,-9.5615,0,Cyto
-0.065,-9.5615,0,Cyto
0.015,-9.5615,0,Cyto
0.095,-9.5615,0,Cyto
0.175,-9.5615,0,Cyto
0.255,-9.5615,0,Cyto
0.335,-9.5615,0,Cyto
0.415,-9.5615,0,Cyto
0.495,-9.5615,0,Cyto
0.575,-9.5615,0,Cyto
0.655,-9.5615,0,Cyto
0.735,-9.5615,0,Cyto
0.815,-9.5615,0,Cyto
0.895,-9.5615,0,Cyto
0.975,-9.5615,0,Cyto
1.055,-9.5615,0,Cyto
1.135,-9.5615,0,Cyto
1.215,-9.5615,0,Cyto
1.295,-9.5615,0,Cyto
1.375,-9.5615,0,Cyto
1.455,-9.5615,0,Cyto
1.535,-9.5615,0,Cyto
1.615,-9.5615,0,Cyto
1.695,-9.5615,0,Cyto
1.775,-9.5615,0,Cyto
1.855,-9.5615,0,Cyto
1.935,-9.5615,0,Cyto
2.015,-9.5615,0,Cyto
2.095,-9.5615,0,Cyto
2.175,-9.5615,0,Cyto
-2.265,-9.4922,0,Cyto
-2.185,-9.4922,0,Cyto
-2.105,-9.4922,0,Cyto
-2.025,-9.4922,0,Cyto
-1.945,-9.4922,0,Cyto
-1.865,-9.4922,0,Cyto
-1.785,-9.4922,0,Cyto
-1.705,-9.4922,0,Cyto
-1.625,-9.4922,0,Cyto
-1.545,-9.4922,0,Cyto
-1.465,-9.4922,0,Cyto
-1.385,-9.4922,0,Cyto
-1.305,-9.4922,0,Cyto
-1.225,-9.4922,0,Cyto
-1.145,-9.4922,0,Cyto
-1.065,-9.4922,0,Cyto
-0.985,-9.4922,0,Cyto
-0.905,-9.4922,0,Cyto
-0.825,-9.4922,0,Cyto
-0.745,-9.4922,0,Cyto
-0.665,-9.4922,0,Cyto
-0.585,-9.4922,0,Cyto
-0.505,-9.4922,0,Cyto
-0.425,-9.4922,0,Cyto
-0.345,-9.4922,0,Cyto
-0.265,-9.4922,0,Cyto
-0.185,-9.4922,0,Cyto
-0.105,-9.4922,0,Cyto
-0.025,-9.4922,0,Cyto
0.055,-9.4922,0,Cyto
0.135,-9.4922,0,Cyto
0.215,-9.4922,0,Cyto
0.295,-9.4922,0,Cyto
0.375,-9.4922,0,Cyto
0.455,-9.4922,0,Cyto
0.535,-9.4922,0,Cyto
0.615,-9.4922,0,Cyto
0.695,-9.4922,0,Cyto
0.775,-9.4922,0,Cyto
0.855,-9.4922,0,Cyto
0.935,-9.4922,0,Cyto
1.015,-9.4922,0,Cyto
1.095,-9.4922,0,Cyto
1.175,-9.4922,0,Cyto
1.255,-9.4922,0,Cyto
1.335,-9.4922,0,Cyto
1.415,-9.4922,0,Cyto
1.495,-9.4922,0,Cyto
1.575,-9.4922,0,Cyto
1.655,-9.4922,0,Cyto
1.735,-9.4922,0,Cyto
1.815,-9.4922,0,Cyto
1.895,-9.4922,0,Cyto
1.975,-9.4922,0,Cyto
2.055,-9.4922,0,Cyto
2.135,-9.4922,0,Cyto
2.215,-9.4922,0,Cyto
2.295,-9.4922,0,Cyto
-2.385,-9.4229,0,Cyto
-2.305,-9.4229,0,Cyto
-2.225,-9.4229,0,Cyto
-2.145,-9.4229,0,Cyto
-2.065,-9.4229,0,Cyto
-1.985,-9.4229,0,Cyto
-1.905,-9.4229,0,Cyto
-1.825,-9.4229,0,Cyto
-1.745,-9.4229,0,Cyto
-1.665,-9.4229,0,Cyto
-1.585,-9.4229,0,Cyto
-1.505,-9.4229,0,Cyto
-1.425,-9.4229,0,Cyto
-1.345,-9.4229,0,Cyto
-1.265,-9.4229,0,Cyto
-1.185,-9.4229,0,Cyto
-1.105,-9.4229,0,Cyto
-1.025,-9.4229,0,Cyto
-0.945,-9.4229,0,Cyto
-0.865,-9.4229,0,Cyto
-0.785,-9.4229,0,Cyto
-0.705,-9.4229,0,Cyto
-0.625,-9.4229,0,Cyto
-0.545,-9.4229,0,Cyto
-0.465,-9.4229,0,Cyto
-0.385,-9.4229,0,Cyto
-0.305,-9.4229,0,Cyto
-0.225,-9.4229,0,Cyto
-0.145,-9.4229,0,Cyto
-0.065,-9.4229,0,Cyto
0.015,-9.4229,0,Cyto
0.095,-9.4229,0,Cyto
0.175,-9.4229,0,Cyto
0.255,-9.4229,0,Cyto
0.335,-9.4229,0,Cyto
0.415,-9.4229,0,Cyto
0.495,-9.4229,0,Cyto
0.575,-9.4229,0,Cyto
0.655,-9.4229,0,Cyto
0.735,-9.4229,0,Cyto
0.815,-9.4229,0,Cyto
0.895,-9.4229,0,Cyto
0.975,-9.4229,0,Cyto
1.055,-9.4229,0,Cyto
1.135,-9.4229,0,Cyto
1.215,-9.4229,0,Cyto
1.295,-9.4229,0,Cyto
1.375,-9.4229,0,Cyto
1.455,-9.4229,0,Cyto
1.535,-9.4229,0,Cyto
1.615,-9.4229,0,Cyto
1.695,-9.4229,0,Cyto
1.775,-9.4229,0,Cyto
1.855,-9.4229,0,Cyto
1.935,-9.4229,0,Cyto
2.015,-9.4229,0,Cyto
2.095,-9.4229,0,Cyto
2.175,-9.4229,0,Cyto
2.255,-9.4229,0,Cyto
2.335,-9.4229,0,Cyto
-2.425,-9.3537,0,Cyto
-2.345,-9.3537,0,Cyto
-2.265,-9.3537,0,Cyto
-2.185,-9.3537,0,Cyto
-2.105,-9.3537,0,Cyto
-2.025,-9.3537,0,Cyto
-1.945,-9.3537,0,Cyto
-1.865,-9.3537,0,Cyto
-1.785,-9.3537,0,Cyto
-1.705,-9.3537,0,Cyto
-1.625,-9.3537,0,Cyto
-1.545,-9.3537,0,Cyto
-1.465,-9.3537,0,Cyto
-1.385,-9.3537,0,Cyto
-1.305,-9.3537,0,Cyto
-1.225,-9.3537,0,Cyto
-1.145,-9.3537,0,Cyto
-1.065,-9.3537,0,Cyto
-0.985,-9.3537,0,Cyto
-0.905,-9.3537,0,Cyto
-0.825,-9.3537,0,Cyto
-0.745,-9.3537,0,Cyto
-0.665,-9.3537,0,Cyto
-0.585,-9.3537,0,Cyto
-0.505,-9.3537,0,Cyto
-0.425,-9.3537,0,Cyto
-0.345,-9.3537,0,Cyto
-0.265,-9.3537,0,Cyto
-0.185,-9.3537,0,Cyto
-0.105,-9.3537,0,Cyto
-0.025,-9.3537,0,Cyto
0.055,-9.3537,0,Cyto
0.135,-9.3537,0,Cyto
0.215,-9.3537,0,Cyto
0.295,-9.3537,0,Cyto
0.375,-9.3537,0,Cyto
0.455,-9.3537,0,Cyto
0.535,-9.3537,0,Cyto
0.615,-9.3537,0,Cyto
0.695,-9.3537,0,Cyto
0.775,-9.3537,0,Cyto
0.855,-9.3537,0,Cyto
0.935,-9.3537,0,Cyto
1.015,-9.3537,0,Cyto
1.095,-9.3537,0,Cyto
1.175,-9.3537,0,Cyto
1.255,-9.3537,0,Cyto
1.335,-9.3537,0,Cyto
1.415,-9.3537,0,Cyto
1.495,-9.3537,0,Cyto
1.575,-9.3537,0,Cyto
1.655,-9.3537,0,Cyto
1.735,-9.3537,0,Cyto
1.815,-9.3537,0,Cyto
1.895,-9.3537,0,Cyto
1.975,-9.3537,0,Cyto
2.055,-9.3537,0,Cyto
2.135,-9.3537,0,Cyto
2.215,-9.3537,0,Cyto
2.295,-9.3537,0,Cyto
2.375,-9.3537,0,Cyto
2.455,-9.3537,0,Cyto
-2.545,-9.2844,0,Cyto
-2.465,-9.2844,0,Cyto
-2.385,-9.2844,0,Cyto
-2.305,-9.2844,0,Cyto
-2.225,-9.2844,0,Cyto
-2.145,-9.2844,0,Cyto
-2.065,-9.2844,0,Cyto
-1.985,-9.2844,0,Cyto
-1.905,-9.2844,0,Cyto
-1.825,-9.2844,0,Cyto
-1.745,-9.2844,0,Cyto
-1.665,-9.2844,0,Cyto
-1.585,-9.2844,0,Cyto
-1.505,-9.2844,0,Cyto
-1.425,-9.2844,0,Cyto
-1.345,-9.2844,0,Cyto
-1.265,-9.2844,0,Cyto
-1.185,-9.2844,0,Cyto
-1.105,-9.2844,0,Cyto
-1.025,-9.2844,0,Cyto
-0.945,-9.2844,0,Cyto
-0.865,-9.2844,0,Cyto
-0.785,-9.2844,0,Cyto
-0.705,-9.2844,0,Cyto
0.735,-9.2844,0,Cyto
0.815,-9.2844,0,Cyto
0.895,-9.2844,0,Cyto
0.975,-9.2844,0,Cyto
1.055,-9.2844,0,Cyto
1.135,-9.2844,0,Cyto
1.215,-9.2844,0,Cyto
1.295,-9.2844,0,Cyto
1.375,-9.2844,0,Cyto
1.455,-9.2844,0,Cyto
1.535,-9.2844,0,Cyto
1.615,-9.2844,0,Cyto
1.695,-9.2844,0,Cyto
1.775,-9.2844,0,Cyto
1.855,-9.2844,0,Cyto
1.935,-9.2844,0,Cyto
2.015,-9.2844,0,Cyto
2.095,-9.2844,0,Cyto
2.175,-9.2844,0,Cyto
2.255,-9.2844,0,Cyto
2.335,-9.2844,0,Cyto
2.415,-9.2844,0,Cyto
2.495,-9.2844,0,Cyto
2.575,-9.2844,0,Cyto
-2.665,-9.2151,0,Cyto
-2.585,-9.2151,0,Cyto
-2.505,-9.2151,0,Cyto
-2.425,-9.2151,0,Cyto
-2.345,-9.2151,0,Cyto
-2.265,-9.2151,0,Cyto
-2.185,-9.2151,0,Cyto
-2.105,-9.2151,0,Cyto
-2.025,-9.2151,0,Cyto
-1.945,-9.2151,0,Cyto
-1.865,-9.2151,0,Cyto
-1.785,-9.2151,0,Cyto
-1.705,-9.2151,0,Cyto
-1.625,-9.2151,0,Cyto
-1.545,-9.2151,0,Cyto
-1.465,-9.2151,0,Cyto
-1.385,-9.2151,0,Cyto
-1.305,-9.2151,0,Cyto
-1.225,-9.2151,0,Cyto
-1.145,-9.2151,0,Cyto
-1.065,-9.2151,0,Cyto
-0.985,-9.2151,0,Cyto
1.015,-9.2151,0,Cyto
1.095,-9.2151,0,Cyto
1.175,-9.2151,0,Cyto
1.255,-9.2151,0,Cyto
1.335,-9.2151,0,Cyto
1.415,-9.2151,0,Cyto
1.495,-9.2151,0,Cyto
1.575,-9.2151,0,Cyto
1.655,-9.2151,0,Cyto
1.735,-9.2151,0,Cyto
1.815,-9.2151,0,Cyto
1.895,-9.2151,0,Cyto
1.975,-9.2151,0,Cyto
2.055,-9.2151,0,Cyto
2.135,-9.2151,0,Cyto
2.215,-9.2151,0,Cyto
2.295,-9.2151,0,Cyto
2.375,-9.2151,0,Cyto
2.455,-9.2151,0,Cyto
2.535,-9.2151,0,Cyto
2.615,-9.2151,0,Cyto
-2.705,-9.1458,0,Cyto
-2.625,-9.1458,0,Cyto
-2.545,-9.1458,0,Cyto
-2.465,-9.1458,0,Cyto
-2.385,-9.1458,0,Cyto
-2.305,-9.1458,0,Cyto
-2.225,-9.1458,0,Cyto
-2.145,-9.1458,0,Cyto
-2.065,-9.1458,0,Cyto
-1.985,-9.1458,0,Cyto
-1.905,-9.1458,0,Cyto
-1.825,-9.1458,0,Cyto
-1.745,-9.1458,0,Cyto
-1.665,-9.1458,0,Cyto
-1.585,-9.1458,0,Cyto
-1.505,-9.1458,0,Cyto
-1.425,-9.1458,0,Cyto
-1.345,-9.1458,0,Cyto
-1.265,-9.1458,0,Cyto
-1.185,-9.1458,0,Cyto
1.215,-9.1458,0,Cyto
1.295,-9.1458,0,Cyto
1.375,-9.1458,0,Cyto
1.455,-9.1458,0,Cyto
1.535,-9.1458,0,Cyto
1.615,-9.1458,0,Cyto
1.695,-9.1458,0,Cyto
1.775,-9.1458,0,Cyto
1.855,-9.1458,0,Cyto
1.935,-9.1458,0,Cyto
2.015,-9.1458,0,Cyto
2.095,-9.1458,0,Cyto
2.175,-9.1458,0,Cyto
2.255,-9.1458,0,Cyto
2.335,-9.1458,0,Cyto
2.415,-9.1458,0,Cyto
2.495,-9.1458,0,Cyto
2.575,-9.1458,0,Cyto
2.655,-9.1458,0,Cyto
2.735,-9.1458,0,Cyto
-2.825,-9.0765,0,Cyto
-2.745,-9.0765,0,Cyto
-2.665,-9.0765,0,Cyto
-2.585,-9.0765,0,Cyto
-2.505,-9.0765,0,Cyto
-2.425,-9.0765,0,Cyto
-2.345,-9.0765,0,Cyto
-2.265,-9.0765,0,Cyto
-2.185,-9.0765,0,Cyto
-2.105,-9.0765,0,Cyto
-2.025,-9.0765,0,Cyto
-1.945,-9.0765,0,Cyto
-1.865,-9.0765,0,Cyto
-1.785,-9.0765,0,Cyto
-1.705,-9.0765,0,Cyto
-1.625,-9.0765,0,Cyto
-1.545,-9.0765,0,Cyto
-1.465,-9.0765,0,Cyto
-1.385,-9.0765,0,Cyto
1.415,-9.0765,0,Cyto
1.495,-9.0765,0,Cyto
1.575,-9.0765,0,Cyto
1.655,-9.0765,0,Cyto
1.735,-9.0765,0,Cyto
1.815,-9.0765,0,Cyto
1.895,-9.0765,0,Cyto
1.975,-9.0765,0,Cyto
2.055,-9.0765,0,Cyto
2.135,-9.0765,0,Cyto
2.215,-9.0765,0,Cyto
2.295,-9.0765,0,Cyto
2.375,-9.0765,0,Cyto
2.455,-9.0765,0,Cyto
2.535,-9.0765,0,Cyto
2.615,-9.0765,0,Cyto
2.695,-9.0765,0,Cyto
2.775,-9.0765,0,Cyto
-2.865,-9.0073,0,Cyto
-2.785,-9.0073,0,Cyto
-2.705,-9.0073,0,Cyto
-2.625,-9.0073,0,Cyto
-2.545,-9.0073,0,Cyto
-2.465,-9.0073,0,Cyto
-2.385,-9.0073,0,Cyto
-2.305,-9.0073,0,Cyto
-2.225,-9.0073,0,Cyto
-2.145,-9.0073,0,Cyto
-2.065,-9.0073,0,Cyto
-1.985,-9.0073,0,Cyto
-1.905,-9.0073,0,Cyto
-1.825,-9.0073,0,Cyto
-1.745,-9.0073,0,Cyto
-1.665,-9.0073,0,Cyto
-1.585,-9.0073,0,Cyto
1.535,-9.0073,0,Cyto
1.615,-9.0073,0,Cyto
1.695,-9.0073,0,Cyto
1.775,-9.0073,0,Cyto
1.855,-9.0073,0,Cyto
1.935,-9.0073,0,Cyto
2.015,-9.0073,0,Cyto
2.095,-9.0073,0,Cyto
2.175,-9.0073,0,Cyto
2.255,-9.0073,0,Cyto
2.335,-9.0073,0,Cyto
2.415,-9.0073,0,Cyto
2.495,-9.0073,0,Cyto
2.575,-9.0073,0,Cyto
2.655,-9.0073,0,Cyto
2.735,-9.0073,0,Cyto
2.815,-9.0073,0,Cyto
2.895,-9.0073,0,Cyto
-2.985,-8.938,0,Cyto
-2.905,-8.938,0,Cyto
-2.825,-8.938,0,Cyto
-2.745,-8.938,0,Cyto
-2.665,-8.938,0,Cyto
-2.585,-8.938,0,Cyto
-2.505,-8.938,0,Cyto
-2.425,-8.938,0,Cyto
-2.345,-8.938,0,Cyto
-2.265,-8.938,0,Cyto
-2.185,-8.938,0,Cyto
-2.105,-8.938,0,Cyto
-2.025,-8.938,0,Cyto
-1.945,-8.938,0,Cyto
-1.865,-8.938,0,Cyto
-1.785,-8.938,0,Cyto
-1.705,-8.938,0,Cyto
1.655,-8.938,0,Cyto
1.735,-8.938,0,Cyto
1.815,-8.938,0,Cyto
1.895,-8.938,0,Cyto
1.975,-8.938,0,Cyto
2.055,-8.938,0,Cyto
2.135,-8.938,0,Cyto
2.215,-8.938,0,Cyto
2.295,-8.938,0,Cyto
2.375,-8.938,0,Cyto
2.455,-8.938,0,Cyto
2.535,-8.938,0,Cyto
2.615,-8.938,0,Cyto
2.695,-8.938,0,Cyto
2.775,-8.938,0,Cyto
2.855,-8.938,0,Cyto
2.935,-8.938,0,Cyto
-3.025,-8.8687,0,Cyto
-2.945,-8.8687,0,Cyto
-2.865,-8.8687,0,Cyto
-2.785,-8.8687,0,Cyto
-2.705,-8.8687,0,Cyto
-2.625,-8.8687,0,Cyto
-2.545,-8.8687,0,Cyto
-2.465,-8.8687,0,Cyto
-2.385,-8.8687,0,Cyto
-2.305,-8.8687,0,Cyto
-2.225,-8.8687,0,Cyto
-2.145,-8.8687,0,Cyto
-2.065,-8.8687,0,Cyto
-1.985,-8.8687,0,Cyto
-1.905,-8.8687,0,Cyto
-1.825,-8.8687,0,Cyto
1.775,-8.8687,0,Cyto
1.855,-8.8687,0,Cyto
1.935,-8.8687,0,Cyto
2.015,-8.8687,0,Cyto
2.095,-8.8687,0,Cyto
2.175,-8.8687,0,Cyto
2.255,-8.8687,0,Cyto
2.335,-8.8687,0,Cyto
2.415,-8.8687,0,Cyto
2.495,-8.8687,0,Cyto
2.575,-8.8687,0,Cyto
2.655,-8.8687,0,Cyto
2.735,-8.8687,0,Cyto
2.815,-8.8687,0,Cyto
2.895,-8.8687,0,Cyto
2.975,-8.8687,0,Cyto
3.055,-8.8687,0,Cyto
-3.065,-8.7994,0,Cyto
-2.985,-8.7994,0,Cyto
-2.905,-8.7994,0,Cyto
-2.825,-8.7994,0,Cyto
-2.745,-8.7994,0,Cyto
-2.665,-8.7994,0,Cyto
-2.585,-8.7994,0,Cyto
-2.505,-8.7994,0,Cyto
-2.425,-8.7994,0,Cyto
-2.345,-8.7994,0,Cyto
-2.265,-8.7994,0,Cyto
-2.185,-8.7994,0,Cyto
-2.105,-8.7994,0,Cyto
-2.025,-8.7994,0,Cyto
-1.945,-8.7994,0,Cyto
1.895,-8.7994,0,Cyto
1.975,-8.7994,0,Cyto
2.055,-8.7994,0,Cyto
2.135,-8.7994,0,Cyto
2.215,-8.7994,0,Cyto
2.295,-8.7994,0,Cyto
2.375,-8.7994,0,Cyto
2.455,-8.7994,0,Cyto
2.535,-8.7994,0,Cyto
2.615,-8.7994,0,Cyto
2.695,-8.7994,0,Cyto
2.775,-8.7994,0,Cyto
2.855,-8.7994,0,Cyto
2.935,-8.7994,0,Cyto
3.015,-8.7994,0,Cyto
3.095,-8.7994,0,Cyto
-3.185,-8.7301,0,Cyto
-3.105,-8.7301,0,Cyto
-3.025,-8.7301,0,Cyto
-2.945,-8.7301,0,Cyto
-2.865,-8.7301,0,Cyto
-2.785,-8.7301,0,Cyto
-2.705,-8.7301,0,Cyto
-2.625,-8.7301,0,Cyto
-2.545,-8.7301,0,Cyto
-2.465,-8.7301,0,Cyto
-2.385,-8.7301,0,Cyto
-2.305,-8.7301,0,Cyto
-2.225,-8.7301,0,Cyto
-2.145,-8.7301,0,Cyto
-2.065,-8.7301,0,Cyto
2.015,-8.7301,0,Cyto
2.095,-8.7301,0,Cyto
2.175,-8.7301,0,Cyto
2.255,-8.7301,0,Cyto
2.335,-8.7301,0,Cyto
2.415,-8.7301,0,Cyto
2.495,-8.7301,0,Cyto
2.575,-8.7301,0,Cyto
2.655,-8.7301,0,Cyto
2.735,-8.7301,0,Cyto
2.815,-8.7301,0,Cyto
2.895,-8.7301,0,Cyto
2.975,-8.7301,0,Cyto
3.055,-8.7301,0,Cyto
3.135,-8.7301,0,Cyto
-3.225,-8.6608,0,Cyto
-3.145,-8.6608,0,Cyto
-3.065,-8.6608,0,Cyto
-2.985,-8.6608,0,Cyto
-2.905,-8.6608,0,Cyto
-2.825,-8.6608,0,Cyto
-2.745,-8.6608,0,Cyto
-2.665,-8.6608,0,Cyto
-2.585,-8.6608,0,Cyto
-2.505,-8.6608,0,Cyto
-2.425,-8.6608,0,Cyto
-2.345,-8.6608,0,Cyto
-2.265,-8.6608,0,Cyto
-2.185,-8.6608,0,Cyto
-2.105,-8.6608,0,Cyto
2.135,-8.6608,0,Cyto
2.215,-8.6608,0,Cyto
2.295,-8.6608,0,Cyto
2.375,-8.6608,0,Cyto
2.455,-8.6608,0,Cyto
2.535,-8.6608,0,Cyto
2.615,-8.6608,0,Cyto
2.695,-8.6608,0,Cyto
2.775,-8.6608,0,Cyto
2.855,-8.6608,0,Cyto
2.935,-8.6608,0,Cyto
3.015,-8.6608,0,Cyto
3.095,-8.6608,0,Cyto
3.175,-8.6608,0,Cyto
3.255,-8.6608,0,Cyto
-3.265,-8.5916,0,Cyto
-3.185,-8.5916,0,Cyto
-3.105,-8.5916,0,Cyto
-3.025,-8.5916,0,Cyto
-2.945,-8.5916,0,Cyto
-2.865,-8.5916,0,Cyto
-2.785,-8.5916,0,Cyto
-2.705,-8.5916,0,Cyto
-2.625,-8.5916,0,Cyto
-2.545,-8.5916,0,Cyto
-2.465,-8.5916,0,Cyto
-2.385,-8.5916,0,Cyto
-2.305,-8.5916,0,Cyto
-2.225,-8.5916,0,Cyto
2.255,-8.5916,0,Cyto
2.335,-8.5916,0,Cyto
2.415,-8.5916,0,Cyto
2.495,-8.5916,0,Cyto
2.575,-8.5916,0,Cyto
2.655,-8.5916,0,Cyto
2.735,-8.5916,0,Cyto
2.815,-8.5916,0,Cyto
2.895,-8.5916,0,Cyto
2.975,-8.5916,0,Cyto
3.055,-8.5916,0,Cyto
3.135,-8.5916,0,Cyto
3.215,-8.5916,0,Cyto
3.295,-8.5916,0,Cyto
-3.305,-8.5223,0,Cyto
-3.225,-8.5223,0,Cyto
-3.145,-8.5223,0,Cyto
-3.065,-8.5223,0,Cyto
-2.985,-8.5223,0,Cyto
-2.905,-8.5223,0,Cyto
-2.825,-8.5223,0,Cyto
-2.745,-8.5223,0,Cyto
-2.665,-8.5223,0,Cyto
-2.585,-8.5223,0,Cyto
-2.505,-8.5223,0,Cyto
-2.425,-8.5223,0,Cyto
-2.345,-8.5223,0,Cyto
-2.265,-8.5223,0,Cyto
2.295,-8.5223,0,Cyto
2.375,-8.5223,0,Cyto
2.455,-8.5223,0,Cyto
2.535,-8.5223,0,Cyto
2.615,-8.5223,0,Cyto
2.695,-8.5223,0,Cyto
2.775,-8.5223,0,Cyto
2.855,-8.5223,0,Cyto
2.935,-8.5223,0,Cyto
3.015,-8.5223,0,Cyto
3.095,-8.5223,0,Cyto
3.175,-8.5223,0,Cyto
3.255,-8.5223,0,Cyto
3.335,-8.5223,0,Cyto
-3.425,-8.453,0,Cyto
-3.345,-8.453,0,Cyto
-3.265,-8.453,0,Cyto
-3.185,-8.453,0,Cyto
-3.105,-8.453,0,Cyto
-3.025,-8.453,0,Cyto
-2.945,-8.453,0,Cyto
-2.865,-8.453,0,Cyto
-2.785,-8.453,0,Cyto
-2.705,-8.453,0,Cyto
-2.625,-8.453,0,Cyto
-2.545,-8.453,0,Cyto
-2.465,-8.453,0,Cyto
-2.385,-8.453,0,Cyto
2.415,-8.453,0,Cyto
2.495,-8.453,0,Cyto
2.575,-8.453,0,Cyto
2.655,-8.453,0,Cyto
2.735,-8.453,0,Cyto
2.815,-8.453,0,Cyto
2.895,-8.453,0,Cyto
2.975,-8.453,0,Cyto
3.055,-8.453,0,Cyto
3.135,-8.453,0,Cyto
3.215,-8.453,0,Cyto
3.295,-8.453,0,Cyto
3.375,-8.453,0,Cyto
-3.465,-8.3837,0,Cyto
-3.385,-8.3837,0,Cyto
-3.305,-8.3837,0,Cyto
-3.225,-8.3837,0,Cyto
-3.145,-8.3837,0,Cyto
-3.065,-8.3837,0,Cyto
-2.985,-8.3837,0,Cyto
-2.905,-8.3837,0,Cyto
-2.825,-8.3837,0,Cyto
-2.745,-8.3837,0,Cyto
-2.665,-8.3837,0,Cyto
-2.585,-8.3837,0,Cyto
-2.505,-8.3837,0,Cyto
-2.425,-8.3837,0,Cyto
2.455,-8.3837,0,Cyto
2.535,-8.3837,0,Cyto
2.615,-8.3837,0,Cyto
2.695,-8.3837,0,Cyto
2.775,-8.3837,0,Cyto
2.855,-8.3837,0,Cyto
2.935,-8.3837,0,Cyto
3.015,-8.3837,0,Cyto
3.095,-8.3837,0,Cyto
3.175,-8.3837,0,Cyto
3.255,-8.3837,0,Cyto
3.335,-8.3837,0,Cyto
3.415,-8.3837,0,Cyto
-3.505,-8.3144,0,Cyto
-3.425,-8.3144,0,Cyto
-3.345,-8.3144,0,Cyto
-3.265,-8.3144,0,Cyto
-3.185,-8.3144,0,Cyto
-3.105,-8.3144,0,Cyto
-3.025,-8.3144,0,Cyto
-2.945,-8.3144,0,Cyto
-2.865,-8.3144,0,Cyto
-2.785,-8.3144,0,Cyto
-2.705,-8.3144,0,Cyto
-2.625,-8.3144,0,Cyto
-2.545,-8.3144,0,Cyto
2.495,-8.3144,0,Cyto
2.575,-8.3144,0,Cyto
2.655,-8.3144,0,Cyto
2.735,-8.3144,0,Cyto
2.815,-8.3144,0,Cyto
2.895,-8.3144,0,Cyto
2.975,-8.3144,0,Cyto
3.055,-8.3144,0,Cyto
3.135,-8.3144,0,Cyto
3.215,-8.3144,0,Cyto
3.295,-8.3144,0,Cyto
3.375,-8.3144,0,Cyto
3.455,-8.3144,0,Cyto
-3.545,-8.2452,0,Cyto
-3.465,-8.2452,0,Cyto
-3.385,-8.2452,0,Cyto
-3.305,-8.2452,0,Cyto
-3.225,-8.2452,0,Cyto
-3.145,-8.2452,0,Cyto
-3.065,-8.2452,0,Cyto
-2.985,-8.2452,0,Cyto
-2.905,-8.2452,0,Cyto
-2.825,-8.2452,0,Cyto
-2.745,-8.2452,0,Cyto
-2.665,-8.2452,0,Cyto
-2.585,-8.2452,0,Cyto
2.615,-8.2452,0,Cyto
2.695,-8.2452,0,Cyto
2.775,-8.2452,0,Cyto
2.855,-8.2452,0,Cyto
2.935,-8.2452,0,Cyto
3.015,-8.2452,0,Cyto
3.095,-8.2452,0,Cyto
3.175,-8.2452,0,Cyto
3.255,-8.2452,0,Cyto
3.335,-8.2452,0,Cyto
3.415,-8.2452,0,Cyto
3.495,-8.2452,0,Cyto
3.575,-8.2452,0,Cyto
-3.585,-8.1759,0,Cyto
-3.505,-8.1759,0,Cyto
-3.425,-8.1759,0,Cyto
-3.345,-8.1759,0,Cyto
-3.265,-8.1759,0,Cyto
-3.185,-8.1759,0,Cyto
-3.105,-8.1759,0,Cyto
-3.025,-8.1759,0,Cyto
-2.945,-8.1759,0,Cyto
-2.865,-8.1759,0,Cyto
-2.785,-8.1759,0,Cyto
-2.705,-8.1759,0,Cyto
-2.625,-8.1759,0,Cyto
2.655,-8.1759,0,Cyto
2.735,-8.1759,0,Cyto
2.815,-8.1759,0,Cyto
2.895,-8.1759,0,Cyto
2.975,-8.1759,0,Cyto
3.055,-8.1759,0,Cyto
3.135,-8.1759,0,Cyto
3.215,-8.1759,0,Cyto
3.295,-8.1759,0,Cyto
3.375,-8.1759,0,Cyto
3.455,-8.1759,0,Cyto
3.535,-8.1759,0,Cyto
3.615,-8.1759,0,Cyto
-3.625,-8.1066,0,Cyto
-3.545,-8.1066,0,Cyto
-3.465,-8.1066,0,Cyto
-3.385,-8.1066,0,Cyto
-3.305,-8.1066,0,Cyto
-3.225,-8.1066,0,Cyto
-3.145,-8.1066,0,Cyto
-3.065,-8.1066,0,Cyto
-2.985,-8.1066,0,Cyto
-2.905,-8.1066,0,Cyto
-2.825,-8.1066,0,Cyto
-2.745,-8.1066,0,Cyto
2.695,-8.1066,0,Cyto
2.775,-8.1066,0,Cyto
2.855,-8.1066,0,Cyto
2.935,-8.1066,0,Cyto
3.015,-8.1066,0,Cyto
3.095,-8.1066,0,Cyto
3.175,-8.1066,0,Cyto
3.255,-8.1066,0,Cyto
3.335,-8.1066,0,Cyto
3.415,-8.1066,0,Cyto
3.495,-8.1066,0,Cyto
3.575,-8.1066,0,Cyto
3.655,-8.1066,0,Cyto
-3.665,-8.0373,0,Cyto
-3.585,-8.0373,0,Cyto
-3.505,-8.0373,0,Cyto
-3.425,-8.0373,0,Cyto
-3.345,-8.0373,0,Cyto
-3.265,-8.0373,0,Cyto
-3.185,-8.0373,0,Cyto
-3.105,-8.0373,0,Cyto
-3.025,-8.0373,0,Cyto
-2.945,-8.0373,0,Cyto
-2.865,-8.0373,0,Cyto
-2.785,-8.0373,0,Cyto
2.735,-8.0373,0,Cyto
2.815,-8.0373,0,Cyto
2.895,-8.0373,0,Cyto
2.975,-8.0373,0,Cyto
3.055,-8.0373,0,Cyto
3.135,-8.0373,0,Cyto
3.215,-8.0373,0,Cyto
3.295,-8.0373,0,Cyto
3.375,-8.0373,0,Cyto
3.455,-8.0373,0,Cyto
3.535,-8.0373,0,Cyto
3.615,-8.0373,0,Cyto
3.695,-8.0373,0,Cyto
-3.705,-7.968,0,Cyto
-3.625,-7.968,0,Cyto
-3.545,-7.968,0,Cyto
-3.465,-7.968,0,Cyto
-3.385,-7.968,0,Cyto
-3.305,-7.968,0,Cyto
-3.225,-7.968,0,Cyto
-3.145,-7.968,0,Cyto
-3.065,-7.968,0,Cyto
-2.985,-7.968,0,Cyto
-2.905,-7.968,0,Cyto
-2.825,-7.968,0,Cyto
2.855,-7.968,0,Cyto
2.935,-7.968,0,Cyto
3.015,-7.968,0,Cyto
3.095,-7.968,0,Cyto
3.175,-7.968,0,Cyto
3.255,-7.968,0,Cyto
3.335,-7.968,0,Cyto
3.415,-7.968,0,Cyto
3.495,-7.968,0,Cyto
3.575,-7.968,0,Cyto
3.655,-7.968,0,Cyto
3.735,-7.968,0,Cyto
-3.745,-7.8987,0,Cyto
-3.665,-7.8987,0,Cyto
-3.585,-7.8987,0,Cyto
-3.505,-7.8987,0,Cyto
-3.425,-7.8987,0,Cyto
-3.345,-7.8987,0,Cyto
-3.265,-7.8987,0,Cyto
-3.185,-7.8987,0,Cyto
-3.105,-7.8987,0,Cyto
-3.025,-7.8987,0,Cyto
-2.945,-7.8987,0,Cyto
-2.865,-7.8987,0,Cyto
2.895,-7.8987,0,Cyto
2.975,-7.8987,0,Cyto
3.055,-7.8987,0,Cyto
3.135,-7.8987,0,Cyto
3.215,-7.8987,0,Cyto
3.295,-7.8987,0,Cyto
3.375,-7.8987,0,Cyto
3.455,-7.8987,0,Cyto
3.535,-7.8987,0,Cyto
3.615,-7.8987,0,Cyto
3.695,-7.8987,0,Cyto
3.775,-7.8987,0,Cyto
-3.785,-7.8295,0,Cyto
-3.705,-7.8295,0,Cyto
-3.625,-7.8295,0,Cyto
-3.545,-7.8295,0,Cyto
-3.465,-7.8295,0,Cyto
-3.385,-7.8295,0,Cyto
-3.305,-7.8295,0,Cyto
-3.225,-7.8295,0,Cyto
-3.145,-7.8295,0,Cyto
-3.065,-7.8295,0,Cyto
-2.985,-7.8295,0,Cyto
-2.905,-7.8295,0,Cyto
2.935,-7.8295,0,Cyto
3.015,-7.8295,0,Cyto
3.095,-7.8295,0,Cyto
3.175,-7.8295,0,Cyto
3.255,-7.8295,0,Cyto
3.335,-7.8295,0,Cyto
3.415,-7.8295,0,Cyto
3.495,-7.8295,0,Cyto
3.575,-7.8295,0,Cyto
3.655,-7.8295,0,Cyto
3.735,-7.8295,0,Cyto
3.815,-7.8295,0,Cyto
-3.825,-7.7602,0,Cyto
-3.745,-7.7602,0,Cyto
-3.665,-7.7602,0,Cyto
-3.585,-7.7602,0,Cyto
-3.505,-7.7602,0,Cyto
-3.425,-7.7602,0,Cyto
-3.345,-7.7602,0,Cyto
-3.265,-7.7602,0,Cyto
-3.185,-7.7602,0,Cyto
-3.105,-7.7602,0,Cyto
-3.025,-7.7602,0,Cyto
-2.945,-7.7602,0,Cyto
2.975,-7.7602,0,Cyto
3.055,-7.7602,0,Cyto
3.135,-7.7602,0,Cyto
3.215,-7.7602,0,Cyto
3.295,-7.7602,0,Cyto
3.375,-7.7602,0,Cyto
3.455,-7.7602,0,Cyto
3.535,-7.7602,0,Cyto
3.615,-7.7602,0,Cyto
3.695,-7.7602,0,Cyto
3.775,-7.7602,0,Cyto
3.855,-7.7602,0,Cyto
-3.865,-7.6909,0,Cyto
-3.785,-7.6909,0,Cyto
-3.705,-7.6909,0,Cyto
-3.625,-7.6909,0,Cyto
-3.545,-7.6909,0,Cyto
-3.465,-7.6909,0,Cyto
-3.385,-7.6909,0,Cyto
-3.305,-7.6909,0,Cyto
-3.225,-7.6909,0,Cyto
-3.145,-7.6909,0,Cyto
-3.065,-7.6909,0,Cyto
-2.985,-7.6909,0,Cyto
3.015,-7.6909,0,Cyto
3.095,-7.6909,0,Cyto
3.175,-7.6909,0,Cyto
3.255,-7.6909,0,Cyto
3.335,-7.6909,0,Cyto
3.415,-7.6909,0,Cyto
3.495,-7.6909,0,Cyto
3.575,-7.6909,0,Cyto
3.655,-7.6909,0,Cyto
3.735,-7.6909,0,Cyto
3.815,-7.6909,0,Cyto
-3.905,-7.6216,0,Cyto
-3.825,-7.6216,0,Cyto
-3.745,-7.6216,0,Cyto
-3.665,-7.6216,0,Cyto
-3.585,-7.6216,0,Cyto
-3.505,-7.6216,0,Cyto
-3.425,-7.6216,0,Cyto
-3.345,-7.6216,0,Cyto
-3.265,-7.6216,0,Cyto
-3.185,-7.6216,0,Cyto
-3.105,-7.6216,0,Cyto
-3.025,-7.6216,0,Cyto
3.055,-7.6216,0,Cyto
3.135,-7.6216,0,Cyto
3.215,-7.6216,0,Cyto
3.295,-7.6216,0,Cyto
3.375,-7.6216,0,Cyto
3.455,-7.6216,0,Cyto
3.535,-7.6216,0,Cyto
3.615,-7.6216,0,Cyto
3.695,-7.6216,0,Cyto
3.775,-7.6216,0,Cyto
3.855,-7.6216,0,Cyto
-3.945,-7.5523,0,Cyto
-3.865,-7.5523,0,Cyto
-3.785,-7.5523,0,Cyto
-3.705,-7.5523,0,Cyto
-3.625,-7.5523,0,Cyto
-3.545,-7.5523,0,Cyto
-3.465,-7.5523,0,Cyto
-3.385,-7.5523,0,Cyto
-3.305,-7.5523,0,Cyto
-3.225,-7.5523,0,Cyto
-3.145,-7.5523,0,Cyto
-3.065,-7.5523,0,Cyto
3.095,-7.5523,0,Cyto
3.175,-7.5523,0,Cyto
3.255,-7.5523,0,Cyto
3.335,-7.5523,0,Cyto
3.415,-7.5523,0,Cyto
3.495,-7.5523,0,Cyto
3.575,-7.5523,0,Cyto
3.655,-7.5523,0,Cyto
3.735,-7.5523,0,Cyto
3.815,-7.5523,0,Cyto
3.895,-7.5523,0,Cyto
-3.905,-7.4831,0,Cyto
-3.825,-7.4831,0,Cyto
-3.745,-7.4831,0,Cyto
-3.665,-7.4831,0,Cyto
-3.585,-7.4831,0,Cyto
-3.505,-7.4831,0,Cyto
-3.425,-7.4831,0,Cyto
-3.345,-7.4831,0,Cyto
-3.265,-7.4831,0,Cyto
-3.185,-7.4831,0,Cyto
-3.105,-7.4831,0,Cyto
3.135,-7.4831,0,Cyto
3.215,-7.4831,0,Cyto
3.295,-7.4831,0,Cyto
3.375,-7.4831,0,Cyto
3.455,-7.4831,0,Cyto
3.535,-7.4831,0,Cyto
3.615,-7.4831,0,Cyto
3.695,-7.4831,0,Cyto
3.775,-7.4831,0,Cyto
3.855,-7.4831,0,Cyto
3.935,-7.4831,0,Cyto
-3.945,-7.4138,0,Cyto
-3.865,-7.4138,0,Cyto
-3.785,-7.4138,0,Cyto
-3.705,-7.4138,0,Cyto
-3.625,-7.4138,0,Cyto
-3.545,-7.4138,0,Cyto
-3.465,-7.4138,0,Cyto
-3.385,-7.4138,0,Cyto
-3.305,-7.4138,0,Cyto
-3.225,-7.4138,0,Cyto
-3.145,-7.4138,0,Cyto
3.175,-7.4138,0,Cyto
3.255,-7.4138,0,Cyto
3.335,-7.4138,0,Cyto
3.415,-7.4138,0,Cyto
3.495,-7.4138,0,Cyto
3.575,-7.4138,0,Cyto
3.655,-7.4138,0,Cyto
3.735,-7.4138,0,Cyto
3.815,-7.4138,0,Cyto
3.895,-7.4138,0,Cyto
3.975,-7.4138,0,Cyto
-3.985,-7.3445,0,Cyto
-3.905,-7.3445,0,Cyto
-3.825,-7.3445,0,Cyto
-3.745,-7.3445,0,Cyto
-3.665,-7.3445,0,Cyto
-3.585,-7.3445,0,Cyto
-3.505,-7.3445,0,Cyto
-3.425,-7.3445,0,Cyto
-3.345,-7.3445,0,Cyto
-3.265,-7.3445,0,Cyto
-3.185,-7.3445,0,Cyto
3.215,-7.3445,0,Cyto
3.295,-7.3445,0,Cyto
3.375,-7.3445,0,Cyto
3.455,-7.3445,0,Cyto
3.535,-7.3445,0,Cyto
3.615,-7.3445,0,Cyto
3.695,-7.3445,0,Cyto
3.775,-7.3445,0,Cyto
3.855,-7.3445,0,Cyto
3.935,-7.3445,0,Cyto
4.015,-7.3445,0,Cyto
-4.025,-7.2752,0,Cyto
-3.945,-7.2752,0,Cyto
-3.865,-7.2752,0,Cyto
-3.785,-7.2752,0,Cyto
-3.705,-7.2752,0,Cyto
-3.625,-7.2752,0,Cyto
-3.545,-7.2752,0,Cyto
-3.465,-7.2752,0,Cyto
-3.385,-7.2752,0,Cyto
-3.305,-7.2752,0,Cyto
-3.225,-7.2752,0,Cyto
3.255,-7.2752,0,Cyto
3.335,-7.2752,0,Cyto
3.415,-7.2752,0,Cyto
3.495,-7.2752,0,Cyto
3.575,-7.2752,0,Cyto
3.655,-7.2752,0,Cyto
3.735,-7.2752,0,Cyto
3.815,-7.2752,0,Cyto
3.895,-7.2752,0,Cyto
3.975,-7.2752,0,Cyto
4.055,-7.2752,0,Cyto
-4.065,-7.2059,0,Cyto
-3.985,-7.2059,0,Cyto
-3.905,-7.2059,0,Cyto
-3.825,-7.2059,0,Cyto
-3.745,-7.2059,0,Cyto
-3.665,-7.2059,0,Cyto
-3.585,-7.2059,0,Cyto
-3.505,-7.2059,0,Cyto
-3.425,-7.2059,0,Cyto
-3.345,-7.2059,0,Cyto
-3.265,-7.2059,0,Cyto
3.295,-7.2059,0,Cyto
3.375,-7.2059,0,Cyto
3.455,-7.2059,0,Cyto
3.535,-7.2059,0,Cyto
3.615,-7.2059,0,Cyto
3.695,-7.2059,0,Cyto
3.775,-7.2059,0,Cyto
3.855,-7.2059,0,Cyto
3.935,-7.2059,0,Cyto
4.015,-7.2059,0,Cyto
-4.105,-7.1366,0,Cyto
-4.025,-7.1366,0,Cyto
-3.945,-7.1366,0,Cyto
-3.865,-7.1366,0,Cyto
-3.785,-7.1366,0,Cyto
-3.705,-7.1366,0,Cyto
-3.625,-7.1366,0,Cyto
-3.545,-7.1366,0,Cyto
-3.465,-7.1366,0,Cyto
-3.385,-7.1366,0,Cyto
-3.305,-7.1366,0,Cyto
3.255,-7.1366,0,Cyto
3.335,-7.1366,0,Cyto
3.415,-7.1366,0,Cyto
3.495,-7.1366,0,Cyto
3.575,-7.1366,0,Cyto
3.655,-7.1366,0,Cyto
3.735,-7.1366,0,Cyto
3.815,-7.1366,0,Cyto
3.895,-7.1366,0,Cyto
3.975,-7.1366,0,Cyto
4.055,-7.1366,0,Cyto
-4.065,-7.0674,0,Cyto
-3.985,-7.0674,0,Cyto
-3.905,-7.0674,0,Cyto
-3.825,-7.0674,0,Cyto
-3.745,-7.0674,0,Cyto
-3.665,-7.0674,0,Cyto
-3.585,-7.0674,0,Cyto
-3.505,-7.0674,0,Cyto
-3.425,-7.0674,0,Cyto
-3.345,-7.0674,0,Cyto
3.295,-7.0674,0,Cyto
3.375,-7.0674,0,Cyto
3.455,-7.0674,0,Cyto
3.535,-7.0674,0,Cyto
3.615,-7.0674,0,Cyto
3.695,-7.0674,0,Cyto
3.775,-7.0674,0,Cyto
3.855,-7.0674,0,Cyto
3.935,-7.0674,0,Cyto
4.015,-7.0674,0,Cyto
4.095,-7.0674,0,Cyto
-4.105,-6.9981,0,Cyto
-4.025,-6.9981,0,Cyto
-3.945,-6.9981,0,Cyto
-3.865,-6.9981,0,Cyto
-3.785,-6.9981,0,Cyto
-3.705,-6.9981,0,Cyto
-3.625,-6.9981,0,Cyto
-3.545,-6.9981,0,Cyto
-3.465,-6.9981,0,Cyto
-3.385,-6.9981,0,Cyto
3.335,-6.9981,0,Cyto
3.415,-6.9981,0,Cyto
3.495,-6.9981,0,Cyto
3.575,-6.9981,0,Cyto
3.655,-6.9981,0,Cyto
3.735,-6.9981,0,Cyto
3.815,-6.9981,0,Cyto
3.895,-6.9981,0,Cyto
3.975,-6.9981,0,Cyto
4.055,-6.9981,0,Cyto
4.135,-6.9981,0,Cyto
-4.145,-6.9288,0,Cyto
-4.065,-6.9288,0,Cyto
-3.985,-6.9288,0,Cyto
-3.905,-6.9288,0,Cyto
-3.825,-6.9288,0,Cyto
-3.745,-6.9288,0,Cyto
-3.665,-6.9288,0,Cyto
-3.585,-6.9288,0,Cyto
-3.505,-6.9288,0,Cyto
-3.425,-6.9288,0,Cyto
-3.345,-6.9288,0,Cyto
3.375,-6.9288,0,Cyto
3.455,-6.9288,0,Cyto
3.535,-6.9288,0,Cyto
3.615,-6.9288,0,Cyto
3.695,-6.9288,0,Cyto
3.775,-6.9288,0,Cyto
3.855,-6.9288,0,Cyto
3.935,-6.9288,0,Cyto
4.015,-6.9288,0,Cyto
4.095,-6.9288,0,Cyto
-4.105,-6.8595,0,Cyto
-4.025,-6.8595,0,Cyto
-3.945,-6.8595,0,Cyto
-3.865,-6.8595,0,Cyto
-3.785,-6.8595,0,Cyto
-3.705,-6.8595,0,Cyto
-3.625,-6.8595,0,Cyto
-3.545,-6.8595,0,Cyto
-3.465,-6.8595,0,Cyto
-3.385,-6.8595,0,Cyto
3.415,-6.8595,0,Cyto
3.495,-6.8595,0,Cyto
3.575,-6.8595,0,Cyto
3.655,-6.8595,0,Cyto
3.735,-6.8595,0,Cyto
3.815,-6.8595,0,Cyto
3.895,-6.8595,0,Cyto
3.975,-6.8595,0,Cyto
4.055,-6.8595,0,Cyto
4.135,-6.8595,0,Cyto
-4.145,-6.7902,0,Cyto
-4.065,-6.7902,0,Cyto
-3.985,-6.7902,0,Cyto
-3.905,-6.7902,0,Cyto
-3.825,-6.7902,0,Cyto
-3.745,-6.7902,0,Cyto
-3.665,-6.7902,0,Cyto
-3.585,-6.7902,0,Cyto
-3.505,-6.7902,0,Cyto
-3.425,-6.7902,0,Cyto
3.375,-6.7902,0,Cyto
3.455,-6.7902,0,Cyto
3.535,-6.7902,0,Cyto
3.615,-6.7902,0,Cyto
3.695,-6.7902,0,Cyto
3.775,-6.7902,0,Cyto
3.855,-6.7902,0,Cyto
3.935,-6.7902,0,Cyto
4.015,-6.7902,0,Cyto
4.095,-6.7902,0,Cyto
4.175,-6.7902,0,Cyto
-4.185,-6.7209,0,Cyto
-4.105,-6.7209,0,Cyto
-4.025,-6.7209,0,Cyto
-3.945,-6.7209,0,Cyto
-3.865,-6.7209,0,Cyto
-3.785,-6.7209,0,Cyto
-3.705,-6.7209,0,Cyto
-3.625,-6.7209,0,Cyto
-3.545,-6.7209,0,Cyto
-3.465,-6.7209,0,Cyto
3.415,-6.7209,0,Cyto
3.495,-6.7209,0,Cyto
3.575,-6.7209,0,Cyto
3.655,-6.7209,0,Cyto
3.735,-6.7209,0,Cyto
3.815,-6.7209,0,Cyto
3.895,-6.7209,0,Cyto
3.975,-6.7209,0,Cyto
4.055,-6.7209,0,Cyto
4.135,-6.7209,0,Cyto
4.215,-6.7209,0,Cyto
-4.225,-6.6517,0,Cyto
-4.145,-6.6517,0,Cyto
-4.065,-6.6517,0,Cyto
-3.985,-6.6517,0,Cyto
-3.905,-6.6517,0,Cyto
-3.825,-6.6517,0,Cyto
-3.745,-6.6517,0,Cyto
-3.665,-6.6517,0,Cyto
-3.585,-6.6517,0,Cyto
-3.505,-6.6517,0,Cyto
-3.425,-6.6517,0,Cyto
3.455,-6.6517,0,Cyto
3.535,-6.6517,0,Cyto
3.615,-6.6517,0,Cyto
3.695,-6.6517,0,Cyto
3.775,-6.6517,0,Cyto
3.855,-6.6517,0,Cyto
3.935,-6.6517,0,Cyto
4.015,-6.6517,0,Cyto
4.095,-6.6517,0,Cyto
4.175,-6.6517,0,Cyto
-4.185,-6.5824,0,Cyto
-4.105,-6.5824,0,Cyto
-4.025,-6.5824,0,Cyto
-3.945,-6.5824,0,Cyto
-3.865,-6.5824,0,Cyto
-3.785,-6.5824,0,Cyto
-3.705,-6.5824,0,Cyto
-3.625,-6.5824,0,Cyto
-3.545,-6.5824,0,Cyto
-3.465,-6.5824,0,Cyto
3.495,-6.5824,0,Cyto
3.575,-6.5824,0,Cyto
3.655,-6.5824,0,Cyto
3.735,-6.5824,0,Cyto
3.815,-6.5824,0,Cyto
3.895,-6.5824,0,Cyto
3.975,-6.5824,0,Cyto
4.055,-6.5824,0,Cyto
4.135,-6.5824,0,Cyto
4.215,-6.5824,0,Cyto
-4.225,-6.5131,0,Cyto
-4.145,-6.5131,0,Cyto
-4.065,-6.5131,0,Cyto
-3.985,-6.5131,0,Cyto
-3.905,-6.5131,0,Cyto
-3.825,-6.5131,0,Cyto
-3.745,-6.5131,0,Cyto
-3.665,-6.5131,0,Cyto
-3.585,-6.5131,0,Cyto
-3.505,-6.5131,0,Cyto
3.455,-6.5131,0,Cyto
3.535,-6.5131,0,Cyto
3.615,-6.5131,0,Cyto
3.695,-6.5131,0,Cyto
3.775,-6.5131,0,Cyto
3.855,-6.5131,0,Cyto
3.935,-6.5131,0,Cyto
4.015,-6.5131,0,Cyto
4.095,-6.5131,0,Cyto
4.175,-6.5131,0,Cyto
-4.185,-6.4438,0,Cyto
-4.105,-6.4438,0,Cyto
-4.025,-6.4438,0,Cyto
-3.945,-6.4438,0,Cyto
-3.865,-6.4438,0,Cyto
-3.785,-6.4438,0,Cyto
-3.705,-6.4438,0,Cyto
-3.625,-6.4438,0,Cyto
-3.545,-6.4438,0,Cyto
-3.465,-6.4438,0,Cyto
3.495,-6.4438,0,Cyto
3.575,-6.4438,0,Cyto
3.655,-6.4438,0,Cyto
3.735,-6.4438,0,Cyto
3.815,-6.4438,0,Cyto
3.895,-6.4438,0,Cyto
3.975,-6.4438,0,Cyto
4.055,-6.4438,0,Cyto
4.135,-6.4438,0,Cyto
4.215,-6.4438,0,Cyto
-4.225,-6.3745,0,Cyto
-4.145,-6.3745,0,Cyto
-4.065,-6.3745,0,Cyto
-3.985,-6.3745,0,Cyto
-3.905,-6.3745,0,Cyto
-3.825,-6.3745,0,Cyto
-3.745,-6.3745,0,Cyto
-3.665,-6.3745,0,Cyto
-3.585,-6.3745,0,Cyto
-3.505,-6.3745,0,Cyto
3.535,-6.3745,0,Cyto
3.615,-6.3745,0,Cyto
3.695,-6.3745,0,Cyto
3.775,-6.3745,0,Cyto
3.855,-6.3745,0,Cyto
3.935,-6.3745,0,Cyto
4.015,-6.3745,0,Cyto
4.095,-6.3745,0,Cyto
4.175,-6.3745,0,Cyto
4.255,-6.3745,0,Cyto
-4.265,-6.3053,0,Cyto
-4.185,-6.3053,0,Cyto
-4.105,-6.3053,0,Cyto
-4.025,-6.3053,0,Cyto
-3.945,-6.3053,0,Cyto
-3.865,-6.3053,0,Cyto
-3.785,-6.3053,0,Cyto
-3.705,-6.3053,0,Cyto
-3.625,-6.3053,0,Cyto
-3.545,-6.3053,0,Cyto
3.495,-6.3053,0,Cyto
3.575,-6.3053,0,Cyto
3.655,-6.3053,0,Cyto
3.735,-6.3053,0,Cyto
3.815,-6.3053,0,Cyto
3.895,-6.3053,0,Cyto
3.975,-6.3053,0,Cyto
4.055,-6.3053,0,Cyto
4.135,-6.3053,0,Cyto
4.215,-6.3053,0,Cyto
-4.225,-6.236,0,Cyto
-4.145,-6.236,0,Cyto
-4.065,-6.236,0,Cyto
-3.985,-6.236,0,Cyto
-3.905,-6.236,0,Cyto
-3.825,-6.236,0,Cyto
-3.745,-6.236,0,Cyto
-3.665,-6.236,0,Cyto
-3.585,-6.236,0,Cyto
-3.505,-6.236,0,Cyto
3.535,-6.236,0,Cyto
3.615,-6.236,0,Cyto
3.695,-6.236,0,Cyto
3.775,-6.236,0,Cyto
3.855,-6.236,0,Cyto
3.935,-6.236,0,Cyto
4.015,-6.236,0,Cyto
4.095,-6.236,0,Cyto
4.175,-6.236,0,Cyto
4.255,-6.236,0,Cyto
-4.265,-6.1667,0,Cyto
-4.185,-6.1667,0,Cyto
-4.105,-6.1667,0,Cyto
-4.025,-6.1667,0,Cyto
-3.945,-6.1667,0,Cyto
-3.865,-6.1667,0,Cyto
-3.785,-6.1667,0,Cyto
-3.705,-6.1667,0,Cyto
-3.625,-6.1667,0,Cyto
-3.545,-6.1667,0,Cyto
3.495,-6.1667,0,Cyto
3.575,-6.1667,0,Cyto
3.655,-6.1667,0,Cyto
3.735,-6.1667,0,Cyto
3.815,-6.1667,0,Cyto
3.895,-6.1667,0,Cyto
3.975,-6.1667,0,Cyto
4.055,-6.1667,0,Cyto
4.135,-6.1667,0,Cyto
4.215,-6.1667,0,Cyto
-4.225,-6.0974,0,Cyto
-4.145,-6.0974,0,Cyto
-4.065,-6.0974,0,Cyto
-3.985,-6.0974,0,Cyto
-3.905,-6.0974,0,Cyto
-3.825,-6.0974,0,Cyto
-3.745,-6.0974,0,Cyto
-3.665,-6.0974,0,Cyto
-3.585,-6.0974,0,Cyto
-3.505,-6.0974,0,Cyto
3.535,-6.0974,0,Cyto
3.615,-6.0974,0,Cyto
3.695,-6.0974,0,Cyto
3.775,-6.0974,0,Cyto
3.855,-6.0974,0,Cyto
3.935,-6.0974,0,Cyto
4.015,-6.0974,0,Cyto
4.095,-6.0974,0,Cyto
4.175,-6.0974,0,Cyto
4.255,-6.0974,0,Cyto
-4.265,-6.0281,0,Cyto
-4.185,-6.0281,0,Cyto
-4.105,-6.0281,0,Cyto
-4.025,-6.0281,0,Cyto
-3.945,-6.0281,0,Cyto
-3.865,-6.0281,0,Cyto
-3.785,-6.0281,0,Cyto
-3.705,-6.0281,0,Cyto
-3.625,-6.0281,0,Cyto
-3.545,-6.0281,0,Cyto
3.575,-6.0281,0,Cyto
3.655,-6.0281,0,Cyto
3.735,-6.0281,0,Cyto
3.815,-6.0281,0,Cyto
3.895,-6.0281,0,Cyto
3.975,-6.0281,0,Cyto
4.055,-6.0281,0,Cyto
4.135,-6.0281,0,Cyto
4.215,-6.0281,0,Cyto
4.295,-6.0281,0,Cyto
-4.225,-5.9588,0,Cyto
-4.145,-5.9588,0,Cyto
-4.065,-5.9588,0,Cyto
-3.985,-5.9588,0,Cyto
-3.905,-5.9588,0,Cyto
-3.825,-5.9588,0,Cyto
-3.745,-5.9588,0,Cyto
-3.665,-5.9588,0,Cyto
-3.585,-5.9588,0,Cyto
-3.505,-5.9588,0,Cyto
3.535,-5.9588,0,Cyto
3.615,-5.9588,0,Cyto
3.695,-5.9588,0,Cyto
3.775,-5.9588,0,Cyto
3.855,-5.9588,0,Cyto
3.935,-5.9588,0,Cyto
4.015,-5.9588,0,Cyto
4.095,-5.9588,0,Cyto
4.175,-5.9588,0,Cyto
4.255,-5.9588,0,Cyto
-4.265,-5.8896,0,Cyto
-4.185,-5.8896,0,Cyto
-4.105,-5.8896,0,Cyto
-4.025,-5.8896,0,Cyto
-3.945,-5.8896,0,Cyto
-3.865,-5.8896,0,Cyto
-3.785,-5.8896,0,Cyto
-3.705,-5.8896,0,Cyto
-3.625,-5.8896,0,Cyto
-3.545,-5.8896,0,Cyto
3.575,-5.8896,0,Cyto
3.655,-5.8896,0,Cyto
3.735,-5.8896,0,Cyto
3.815,-5.8896,0,Cyto
3.895,-5.8896,0,Cyto
3.975,-5.8896,0,Cyto
4.055,-5.8896,0,Cyto
4.135,-5.8896,0,Cyto
4.215,-5.8896,0,Cyto
4.295,-5.8896,0,Cyto
-4.225,-5.8203,0,Cyto
-4.145,-5.8203,0,Cyto
-4.065,-5.8203,0,Cyto
-3.985,-5.8203,0,Cyto
-3.905,-5.8203,0,Cyto
-3.825,-5.8203,0,Cyto
-3.745,-5.8203,0,Cyto
-3.665,-5.8203,0,Cyto
-3.585,-5.8203,0,Cyto
-3.505,-5.8203,0,Cyto
3.535,-5.8203,0,Cyto
3.615,-5.8203,0,Cyto
3.695,-5.8203,0,Cyto
3.775,-5.8203,0,Cyto
3.855,-5.8203,0,Cyto
3.935,-5.8203,0,Cyto
4.015,-5.8203,0,Cyto
4.095,-5.8203,0,Cyto
4.175,-5.8203,0,Cyto
4.255,-5.8203,0,Cyto
-4.265,-5.751,0,Cyto
-4.185,-5.751,0,Cyto
-4.105,-5.751,0,Cyto
-4.025,-5.751,0,Cyto
-3.945,-5.751,0,Cyto
-3.865,-5.751,0,Cyto
-3.785,-5.751,0,Cyto
-3.705,-5.751,0,Cyto
-3.625,-5.751,0,Cyto
-3.545,-5.751,0,Cyto
3.575,-5.751,0,Cyto
3.655,-5.751,0,Cyto
3.735,-5.751,0,Cyto
3.815,-5.751,0,Cyto
3.895,-5.751,0,Cyto
3.975,-5.751,0,Cyto
4.055,-5.751,0,Cyto
4.135,-5.751,0,Cyto
4.215,-5.751,0,Cyto
4.295,-5.751,0,Cyto
-4.225,-5.6817,0,Cyto
-4.145,-5.6817,0,Cyto
-4.065,-5.6817,0,Cyto
-3.985,-5.6817,0,Cyto
-3.905,-5.6817,0,Cyto
-3.825,-5.6817,0,Cyto
-3.745,-5.6817,0,Cyto
-3.665,-5.6817,0,Cyto
-3.585,-5.6817,0,Cyto
-3.505,-5.6817,0,Cyto
3.535,-5.6817,0,Cyto
3.615,-5.6817,0,Cyto
3.695,-5.6817,0,Cyto
3.775,-5.6817,0,Cyto
3.855,-5.6817,0,Cyto
3.935,-5.6817,0,Cyto
4.015,-5.6817,0,Cyto
4.095,-5.6817,0,Cyto
4.175,-5.6817,0,Cyto
4.255,-5.6817,0,Cyto
-4.265,-5.6124,0,Cyto
-4.185,-5.6124,0,Cyto
-4.105,-5.6124,0,Cyto
-4.025,-5.6124,0,Cyto
-3.945,-5.6124,0,Cyto
-3.865,-5.6124,0,Cyto
-3.785,-5.6124,0,Cyto
-3.705,-5.6124,0,Cyto
-3.625,-5.6124,0,Cyto
-3.545,-5.6124,0,Cyto
3.495,-5.6124,0,Cyto
3.575,-5.6124,0,Cyto
3.655,-5.6124,0,Cyto
3.735,-5.6124,0,Cyto
3.815,-5.6124,0,Cyto
3.895,-5.6124,0,Cyto
3.975,-5.6124,0,Cyto
4.055,-5.6124,0,Cyto
4.135,-5.6124,0,Cyto
4.215,-5.6124,0,Cyto
4.295,-5.6124,0,Cyto
-4.225,-5.5432,0,Cyto
-4.145,-5.5432,0,Cyto
-4.065,-5.5432,0,Cyto
-3.985,-5.5432,0,Cyto
-3.905,-5.5432,0,Cyto
-3.825,-5.5432,0,Cyto
-3.745,-5.5432,0,Cyto
-3.665,-5.5432,0,Cyto
-3.585,-5.5432,0,Cyto
-3.505,-5.5432,0,Cyto
3.535,-5.5432,0,Cyto
3.615,-5.5432,0,Cyto
3.695,-5.5432,0,Cyto
3.775,-5.5432,0,Cyto
3.855,-5.5432,0,Cyto
3.935,-5.5432,0,Cyto
4.015,-5.5432,0,Cyto
4.095,-5.5432,0,Cyto
4.175,-5.5432,0,Cyto
4.255,-5.5432,0,Cyto
-4.265,-5.4739,0,Cyto
-4.185,-5.4739,0,Cyto
-4.105,-5.4739,0,Cyto
-4.025,-5.4739,0,Cyto
-3.945,-5.4739,0,Cyto
-3.865,-5.4739,0,Cyto
-3.785,-5.4739,0,Cyto
-3.705,-5.4739,0,Cyto
-3.625,-5.4739,0,Cyto
-3.545,-5.4739,0,Cyto
3.495,-5.4739,0,Cyto
3.575,-5.4739,0,Cyto
3.655,-5.4739,0,Cyto
3.735,-5.4739,0,Cyto
3.815,-5.4739,0,Cyto
3.895,-5.4739,0,Cyto
3.975,-5.4739,0,Cyto
4.055,-5.4739,0,Cyto
4.135,-5.4739,0,Cyto
4.215,-5.4739,0,Cyto
-4.225,-5.4046,0,Cyto
-4.145,-5.4046,0,Cyto
-4.065,-5.4046,0,Cyto
-3.985,-5.4046,0,Cyto
-3.905,-5.4046,0,Cyto
-3.825,-5.4046,0,Cyto
-3.745,-5.4046,0,Cyto
-3.665,-5.4046,0,Cyto
-3.585,-5.4046,0,Cyto
-3.505,-5.4046,0,Cyto
3.535,-5.4046,0,Cyto
3.615,-5.4046,0,Cyto
3.695,-5.4046,0,Cyto
3.775,-5.4046,0,Cyto
3.855,-5.4046,0,Cyto
3.935,-5.4046,0,Cyto
4.015,-5.4046,0,Cyto
4.095,-5.4046,0,Cyto
4.175,-5.4046,0,Cyto
4.255,-5.4046,0,Cyto
-4.265,-5.3353,0,Cyto
-4.185,-5.3353,0,Cyto
-4.105,-5.3353,0,Cyto
-4.025,-5.3353,0,Cyto
-3.945,-5.3353,0,Cyto
-3.865,-5.3353,0,Cyto
-3.785,-5.3353,0,Cyto
-3.705,-5.3353,0,Cyto
-3.625,-5.3353,0,Cyto
-3.545,-5.3353,0,Cyto
-3.465,-5.3353,0,Cyto
3.495,-5.3353,0,Cyto
3.575,-5.3353,0,Cyto
3.655,-5.3353,0,Cyto
3.735,-5.3353,0,Cyto
3.815,-5.3353,0,Cyto
3.895,-5.3353,0,Cyto
3.975,-5.3353,0,Cyto
4.055,-5.3353,0,Cyto
4.135,-5.3353,0,Cyto
4.215,-5.3353,0,Cyto
-4.225,-5.266,0,Cyto
-4.145,-5.266,0,Cyto
-4.065,-5.266,0,Cyto
-3.985,-5.266,0,Cyto
-3.905,-5.266,0,Cyto
-3.825,-5.266,0,Cyto
-3.745,-5.266,0,Cyto
-3.665,-5.266,0,Cyto
-3.585,-5.266,0,Cyto
-3.505,-5.266,0,Cyto
3.455,-5.266,0,Cyto
3.535,-5.266,0,Cyto
3.615,-5.266,0,Cyto
3.695,-5.266,0,Cyto
3.775,-5.266,0,Cyto
3.855,-5.266,0,Cyto
3.935,-5.266,0,Cyto
4.015,-5.266,0,Cyto
4.095,-5.266,0,Cyto
4.175,-5.266,0,Cyto
4.255,-5.266,0,Cyto
-4.185,-5.1967,0,Cyto
-4.105,-5.1967,0,Cyto
-4.025,-5.1967,0,Cyto
-3.945,-5.1967,0,Cyto
-3.865,-5.1967,0,Cyto
-3.785,-5.1967,0,Cyto
-3.705,-5.1967,0,Cyto
-3.625,-5.1967,0,Cyto
-3.545,-5.1967,0,Cyto
-3.465,-5.1967,0,Cyto
3.495,-5.1967,0,Cyto
3.575,-5.1967,0,Cyto
3.655,-5.1967,0,Cyto
3.735,-5.1967,0,Cyto
3.815,-5.1967,0,Cyto
3.895,-5.1967,0,Cyto
3.975,-5.1967,0,Cyto
4.055,-5.1967,0,Cyto
4.135,-5.1967,0,Cyto
4.215,-5.1967,0,Cyto
-4.225,-5.1275,0,Cyto
-4.145,-5.1275,0,Cyto
-4.065,-5.1275,0,Cyto
-3.985,-5.1275,0,Cyto
-3.905,-5.1275,0,Cyto
-3.825,-5.1275,0,Cyto
-3.745,-5.1275,0,Cyto
-3.665,-5.1275,0,Cyto
-3.585,-5.1275,0,Cyto
-3.505,-5.1275,0,Cyto
-3.425,-5.1275,0,Cyto
3.455,-5.1275,0,Cyto
3.535,-5.1275,0,Cyto
3.615,-5.1275,0,Cyto
3.695,-5.1275,0,Cyto
3.775,-5.1275,0,Cyto
3.855,-5.1275,0,Cyto
3.935,-5.1275,0,Cyto
4.015,-5.1275,0,Cyto
4.095,-5.1275,0,Cyto
4.175,-5.1275,0,Cyto
-4.185,-5.0582,0,Cyto
-4.105,-5.0582,0,Cyto
-4.025,-5.0582,0,Cyto
-3.945,-5.0582,0,Cyto
-3.865,-5.0582,0,Cyto
-3.785,-5.0582,0,Cyto
-3.705,-5.0582,0,Cyto
-3.625,-5.0582,0,Cyto
-3.545,-5.0582,0,Cyto
-3.465,-5.0582,0,Cyto
3.415,-5.0582,0,Cyto
3.495,-5.0582,0,Cyto
3.575,-5.0582,0,Cyto
3.655,-5.0582,0,Cyto
3.735,-5.0582,0,Cyto
3.815,-5.0582,0,Cyto
3.895,-5.0582,0,Cyto
3.975,-5.0582,0,Cyto
4.055,-5.0582,0,Cyto
4.135,-5.0582,0,Cyto
4.215,-5.0582,0,Cyto
-4.145,-4.9889,0,Cyto
-4.065,-4.9889,0,Cyto
-3.985,-4.9889,0,Cyto
-3.905,-4.9889,0,Cyto
-3.825,-4.9889,0,Cyto
-3.745,-4.9889,0,Cyto
-3.665,-4.9889,0,Cyto
-3.585,-4.9889,0,Cyto
-3.505,-4.9889,0,Cyto
-3.425,-4.9889,0,Cyto
3.455,-4.9889,0,Cyto
3.535,-4.9889,0,Cyto
3.615,-4.9889,0,Cyto
3.695,-4.9889,0,Cyto
3.775,-4.9889,0,Cyto
3.855,-4.9889,0,Cyto
3.935,-4.9889,0,Cyto
4.015,-4.9889,0,Cyto
4.095,-4.9889,0,Cyto
4.175,-4.9889,0,Cyto
-4.185,-4.9196,0,Cyto
-4.105,-4.9196,0,Cyto
-4.025,-4.9196,0,Cyto
-3.945,-4.9196,0,Cyto
-3.865,-4.9196,0,Cyto
-3.785,-4.9196,0,Cyto
-3.705,-4.9196,0,Cyto
-3.625,-4.9196,0,Cyto
-3.545,-4.9196,0,Cyto
-3.465,-4.9196,0,Cyto
-3.385,-4.9196,0,Cyto
3.415,-4.9196,0,Cyto
3.495,-4.9196,0,Cyto
3.575,-4.9196,0,Cyto
3.655,-4.9196,0,Cyto
3.735,-4.9196,0,Cyto
3.815,-4.9196,0,Cyto
3.895,-4.9196,0,Cyto
3.975,-4.9196,0,Cyto
4.055,-4.9196,0,Cyto
4.135,-4.9196,0,Cyto
-4.145,-4.8503,0,Cyto
-4.065,-4.8503,0,Cyto
-3.985,-4.8503,0,Cyto
-3.905,-4.8503,0,Cyto
-3.825,-4.8503,0,Cyto
-3.745,-4.8503,0,Cyto
-3.665,-4.8503,0,Cyto
-3.585,-4.8503,0,Cyto
-3.505,-4.8503,0,Cyto
-3.425,-4.8503,0,Cyto
3.375,-4.8503,0,Cyto
3.455,-4.8503,0,Cyto
3.535,-4.8503,0,Cyto
3.615,-4.8503,0,Cyto
3.695,-4.8503,0,Cyto
3.775,-4.8503,0,Cyto
3.855,-4.8503,0,Cyto
3.935,-4.8503,0,Cyto
4.015,-4.8503,0,Cyto
4.095,-4.8503,0,Cyto
4.175,-4.8503,0,Cyto
-4.105,-4.7811,0,Cyto
-4.025,-4.7811,0,Cyto
-3.945,-4.7811,0,Cyto
-3.865,-4.7811,0,Cyto
-3.785,-4.7811,0,Cyto
-3.705,-4.7811,0,Cyto
-3.625,-4.7811,0,Cyto
-3.545,-4.7811,0,Cyto
-3.465,-4.7811,0,Cyto
-3.385,-4.7811,0,Cyto
3.335,-4.7811,0,Cyto
3.415,-4.7811,0,Cyto
3.495,-4.7811,0,Cyto
3.575,-4.7811,0,Cyto
3.655,-4.7811,0,Cyto
3.735,-4.7811,0,Cyto
3.815,-4.7811,0,Cyto
3.895,-4.7811,0,Cyto
3.975,-4.7811,0,Cyto
4.055,-4.7811,0,Cyto
4.135,-4.7811,0,Cyto
-4.145,-4.7118,0,Cyto
-4.065,-4.7118,0,Cyto
-3.985,-4.7118,0,Cyto
-3.905,-4.7118,0,Cyto
-3.825,-4.7118,0,Cyto
-3.745,-4.7118,0,Cyto
-3.665,-4.7118,0,Cyto
-3.585,-4.7118,0,Cyto
-3.505,-4.7118,0,Cyto
-3.425,-4.7118,0,Cyto
-3.345,-4.7118,0,Cyto
3.375,-4.7118,0,Cyto
3.455,-4.7118,0,Cyto
3.535,-4.7118,0,Cyto
3.615,-4.7118,0,Cyto
3.695,-4.7118,0,Cyto
3.775,-4.7118,0,Cyto
3.855,-4.7118,0,Cyto
3.935,-4.7118,0,Cyto
4.015,-4.7118,0,Cyto
4.095,-4.7118,0,Cyto
-4.105,-4.6425,0,Cyto
-4.025,-4.6425,0,Cyto
-3.945,-4.6425,0,Cyto
-3.865,-4.6425,0,Cyto
-3.785,-4.6425,0,Cyto
-3.705,-4.6425,0,Cyto
-3.625,-4.6425,0,Cyto
-3.545,-4.6425,0,Cyto
-3.465,-4.6425,0,Cyto
-3.385,-4.6425,0,Cyto
-3.305,-4.6425,0,Cyto
3.335,-4.6425,0,Cyto
3.415,-4.6425,0,Cyto
3.495,-4.6425,0,Cyto
3.575,-4.6425,0,Cyto
3.655,-4.6425,0,Cyto
3.735,-4.6425,0,Cyto
3.815,-4.6425,0,Cyto
3.895,-4.6425,0,Cyto
3.975,-4.6425,0,Cyto
4.055,-4.6425,0,Cyto
-4.065,-4.5732,0,Cyto
-3.985,-4.5732,0,Cyto
-3.905,-4.5732,0,Cyto
-3.825,-4.5732,0,Cyto
-3.745,-4.5732,0,Cyto
-3.665,-4.5732,0,Cyto
-3.585,-4.5732,0,Cyto
-3.505,-4.5732,0,Cyto
-3.425,-4.5732,0,Cyto
-3.345,-4.5732,0,Cyto
-3.265,-4.5732,0,Cyto
3.295,-4.5732,0,Cyto
3.375,-4.5732,0,Cyto
3.455,-4.5732,0,Cyto
3.535,-4.5732,0,Cyto
3.615,-4.5732,0,Cyto
3.695,-4.5732,0,Cyto
3.775,-4.5732,0,Cyto
3.855,-4.5732,0,Cyto
3.935,-4.5732,0,Cyto
4.015,-4.5732,0,Cyto
4.095,-4.5732,0,Cyto
-4.025,-4.5039,0,Cyto
-3.945,-4.5039,0,Cyto
-3.865,-4.5039,0,Cyto
-3.785,-4.5039,0,Cyto
-3.705,-4.5039,0,Cyto
-3.625,-4.5039,0,Cyto
-3.545,-4.5039,0,Cyto
-3.465,-4.5039,0,Cyto
-3.385,-4.5039,0,Cyto
-3.305,-4.5039,0,Cyto
3.255,-4.5039,0,Cyto
3.335,-4.5039,0,Cyto
3.415,-4.5039,0,Cyto
3.495,-4.5039,0,Cyto
3.575,-4.5039,0,Cyto
3.655,-4.5039,0,Cyto
3.735,-4.5039,0,Cyto
3.815,-4.5039,0,Cyto
3.895,-4.5039,0,Cyto
3.975,-4.5039,0,Cyto
4.055,-4.5039,0,Cyto
-4.065,-4.4346,0,Cyto
-3.985,-4.4346,0,Cyto
-3.905,-4.4346,0,Cyto
-3.825,-4.4346,0,Cyto
-3.745,-4.4346,0,Cyto
-3.665,-4.4346,0,Cyto
-3.585,-4.4346,0,Cyto
-3.505,-4.4346,0,Cyto
-3.425,-4.4346,0,Cyto
-3.345,-4.4346,0,Cyto
-3.265,-4.4346,0,Cyto
3.215,-4.4346,0,Cyto
3.295,-4.4346,0,Cyto
3.375,-4.4346,0,Cyto
3.455,-4.4346,0,Cyto
3.535,-4.4346,0,Cyto
3.615,-4.4346,0,Cyto
3.695,-4.4346,0,Cyto
3.775,-4.4346,0,Cyto
3.855,-4.4346,0,Cyto
3.935,-4.4346,0,Cyto
4.015,-4.4346,0,Cyto
-4.025,-4.3654,0,Cyto
-3.945,-4.3654,0,Cyto
-3.865,-4.3654,0,Cyto
-3.785,-4.3654,0,Cyto
-3.705,-4.3654,0,Cyto
-3.625,-4.3654,0,Cyto
-3.545,-4.3654,0,Cyto
-3.465,-4.3654,0,Cyto
-3.385,-4.3654,0,Cyto
-3.305,-4.3654,0,Cyto
-3.225,-4.3654,0,Cyto
3.175,-4.3654,0,Cyto
3.255,-4.3654,0,Cyto
3.335,-4.3654,0,Cyto
3.415,-4.3654,0,Cyto
3.495,-4.3654,0,Cyto
3.575,-4.3654,0,Cyto
3.655,-4.3654,0,Cyto
3.735,-4.3654,0,Cyto
3.815,-4.3654,0,Cyto
3.895,-4.3654,0,Cyto
3.975,-4.3654,0,Cyto
-3.985,-4.2961,0,Cyto
-3.905,-4.2961,0,Cyto
-3.825,-4.2961,0,Cyto
-3.745,-4.2961,0,Cyto
-3.665,-4.2961,0,Cyto
-3.585,-4.2961,0,Cyto
-3.505,-4.2961,0,Cyto
-3.425,-4.2961,0,Cyto
-3.345,-4.2961,0,Cyto
-3.265,-4.2961,0,Cyto
-3.185,-4.2961,0,Cyto
3.215,-4.2961,0,Cyto
3.295,-4.2961,0,Cyto
3.375,-4.2961,0,Cyto
3.455,-4.2961,0,Cyto
3.535,-4.2961,0,Cyto
3.615,-4.2961,0,Cyto
3.695,-4.2961,0,Cyto
3.775,-4.2961,0,Cyto
3.855,-4.2961,0,Cyto
3.935,-4.2961,0,Cyto
-3.945,-4.2268,0,Cyto
-3.865,-4.2268,0,Cyto
-3.785,-4.2268,0,Cyto
-3.705,-4.2268,0,Cyto
-3.625,-4.2268,0,Cyto
-3.545,-4.2268,0,Cyto
-3.465,-4.2268,0,Cyto
-3.385,-4.2268,0,Cyto
-3.305,-4.2268,0,Cyto
-3.225,-4.2268,0,Cyto
-3.145,-4.2268,0,Cyto
3.175,-4.2268,0,Cyto
3.255,-4.2268,0,Cyto
3.335,-4.2268,0,Cyto
3.415,-4.2268,0,Cyto
3.495,-4.2268,0,Cyto
3.575,-4.2268,0,Cyto
3.655,-4.2268,0,Cyto
3.735,-4.2268,0,Cyto
3.815,-4.2268,0,Cyto
3.895,-4.2268,0,Cyto
3.975,-4.2268,0,Cyto
-3.905,-4.1575,0,Cyto
-3.825,-4.1575,0,Cyto
-3.745,-4.1575,0,Cyto
-3.665,-4.1575,0,Cyto
-3.585,-4.1575,0,Cyto
-3.505,-4.1575,0,Cyto
-3.425,-4.1575,0,Cyto
-3.345,-4.1575,0,Cyto
-3.265,-4.1575,0,Cyto
-3.185,-4.1575,0,Cyto
-3.105,-4.1575,0,Cyto
3.135,-4.1575,0,Cyto
3.215,-4.1575,0,Cyto
3.295,-4.1575,0,Cyto
3.375,-4.1575,0,Cyto
3.455,-4.1575,0,Cyto
3.535,-4.1575,0,Cyto
3.615,-4.1575,0,Cyto
3.695,-4.1575,0,Cyto
3.775,-4.1575,0,Cyto
3.855,-4.1575,0,Cyto
3.935,-4.1575,0,Cyto
-3.865,-4.0882,0,Cyto
-3.785,-4.0882,0,Cyto
-3.705,-4.0882,0,Cyto
-3.625,-4.0882,0,Cyto
-3.545,-4.0882,0,Cyto
-3.465,-4.0882,0,Cyto
-3.385,-4.0882,0,Cyto
-3.305,-4.0882,0,Cyto
-3.225,-4.0882,0,Cyto
-3.145,-4.0882,0,Cyto
-3.065,-4.0882,0,Cyto
3.095,-4.0882,0,Cyto
3.175,-4.0882,0,Cyto
3.255,-4.0882,0,Cyto
3.335,-4.0882,0,Cyto
3.415,-4.0882,0,Cyto
3.495,-4.0882,0,Cyto
3.575,-4.0882,0,Cyto
3.655,-4.0882,0,Cyto
3.735,-4.0882,0,Cyto
3.815,-4.0882,0,Cyto
3.895,-4.0882,0,Cyto
-3.825,-4.019,0,Cyto
-3.745,-4.019,0,Cyto
-3.665,-4.019,0,Cyto
-3.585,-4.019,0,Cyto
-3.505,-4.019,0,Cyto
-3.425,-4.019,0,Cyto
-3.345,-4.019,0,Cyto
-3.265,-4.019,0,Cyto
-3.185,-4.019,0,Cyto
-3.105,-4.019,0,Cyto
-3.025,-4.019,0,Cyto
3.055,-4.019,0,Cyto
3.135,-4.019,0,Cyto
3.215,-4.019,0,Cyto
3.295,-4.019,0,Cyto
3.375,-4.019,0,Cyto
3.455,-4.019,0,Cyto
3.535,-4.019,0,Cyto
3.615,-4.019,0,Cyto
3.695,-4.019,0,Cyto
3.775,-4.019,0,Cyto
3.855,-4.019,0,Cyto
-3.785,-3.9497,0,Cyto
-3.705,-3.9497,0,Cyto
-3.625,-3.9497,0,Cyto
-3.545,-3.9497,0,Cyto
-3.465,-3.9497,0,Cyto
-3.385,-3.9497,0,Cyto
-3.305,-3.9497,0,Cyto
-3.225,-3.9497,0,Cyto
-3.145,-3.9497,0,Cyto
-3.065,-3.9497,0,Cyto
-2.985,-3.9497,0,Cyto
3.015,-3.9497,0,Cyto
3.095,-3.9497,0,Cyto
3.175,-3.9497,0,Cyto
3.255,-3.9497,0,Cyto
3.335,-3.9497,0,Cyto
3.415,-3.9497,0,Cyto
3.495,-3.9497,0,Cyto
3.575,-3.9497,0,Cyto
3.655,-3.9497,0,Cyto
3.735,-3.9497,0,Cyto
3.815,-3.9497,0,Cyto
-3.825,-3.8804,0,Cyto
-3.745,-3.8804,0,Cyto
-3.665,-3.8804,0,Cyto
-3.585,-3.8804,0,Cyto
-3.505,-3.8804,0,Cyto
-3.425,-3.8804,0,Cyto
-3.345,-3.8804,0,Cyto
-3.265,-3.8804,0,Cyto
-3.185,-3.8804,0,Cyto
-3.105,-3.8804,0,Cyto
-3.025,-3.8804,0,Cyto
-2.945,-3.8804,0,Cyto
2.895,-3.8804,0,Cyto
2.975,-3.8804,0,Cyto
3.055,-3.8804,0,Cyto
3.135,-3.8804,0,Cyto
3.215,-3.8804,0,Cyto
3.295,-3.8804,0,Cyto
3.375,-3.8804,0,Cyto
3.455,-3.8804,0,Cyto
3.535,-3.8804,0,Cyto
3.615,-3.8804,0,Cyto
3.695,-3.8804,0,Cyto
3.775,-3.8804,0,Cyto
-3.785,-3.8111,0,Cyto
-3.705,-3.8111,0,Cyto
-3.625,-3.8111,0,Cyto
-3.545,-3.8111,0,Cyto
-3.465,-3.8111,0,Cyto
-3.385,-3.8111,0,Cyto
-3.305,-3.8111,0,Cyto
-3.225,-3.8111,0,Cyto
-3.145,-3.8111,0,Cyto
-3.065,-3.8111,0,Cyto
-2.985,-3.8111,0,Cyto
-2.905,-3.8111,0,Cyto
2.855,-3.8111,0,Cyto
2.935,-3.8111,0,Cyto
3.015,-3.8111,0,Cyto
3.095,-3.8111,0,Cyto
3.175,-3.8111,0,Cyto
3.255,-3.8111,0,Cyto
3.335,-3.8111,0,Cyto
3.415,-3.8111,0,Cyto
3.495,-3.8111,0,Cyto
3.575,-3.8111,0,Cyto
3.655,-3.8111,0,Cyto
3.735,-3.8111,0,Cyto
-3.745,-3.7418,0,Cyto
-3.665,-3.7418,0,Cyto
-3.585,-3.7418,0,Cyto
-3.505,-3.7418,0,Cyto
-3.425,-3.7418,0,Cyto
-3.345,-3.7418,0,Cyto
-3.265,-3.7418,0,Cyto
-3.185,-3.7418,0,Cyto
-3.105,-3.7418,0,Cyto
-3.025,-3.7418,0,Cyto
-2.945,-3.7418,0,Cyto
-2.865,-3.7418,0,Cyto
2.815,-3.7418,0,Cyto
2.895,-3.7418,0,Cyto
2.975,-3.7418,0,Cyto
3.055,-3.7418,0,Cyto
3.135,-3.7418,0,Cyto
3.215,-3.7418,0,Cyto
3.295,-3.7418,0,Cyto
3.375,-3.7418,0,Cyto
3.455,-3.7418,0,Cyto
3.535,-3.7418,0,Cyto
3.615,-3.7418,0,Cyto
3.695,-3.7418,0,Cyto
-3.705,-3.6725,0,Cyto
-3.625,-3.6725,0,Cyto
-3.545,-3.6725,0,Cyto
-3.465,-3.6725,0,Cyto
-3.385,-3.6725,0,Cyto
-3.305,-3.6725,0,Cyto
-3.225,-3.6725,0,Cyto
-3.145,-3.6725,0,Cyto
-3.065,-3.6725,0,Cyto
-2.985,-3.6725,0,Cyto
-2.905,-3.6725,0,Cyto
-2.825,-3.6725,0,Cyto
-2.745,-3.6725,0,Cyto
2.775,-3.6725,0,Cyto
2.855,-3.6725,0,Cyto
2.935,-3.6725,0,Cyto
3.015,-3.6725,0,Cyto
3.095,-3.6725,0,Cyto
3.175,-3.6725,0,Cyto
3.255,-3.6725,0,Cyto
3.335,-3.6725,0,Cyto
3.415,-3.6725,0,Cyto
3.495,-3.6725,0,Cyto
3.575,-3.6725,0,Cyto
3.655,-3.6725,0,Cyto
-3.665,-3.6033,0,Cyto
-3.585,-3.6033,0,Cyto
-3.505,-3.6033,0,Cyto
-3.425,-3.6033,0,Cyto
-3.345,-3.6033,0,Cyto
-3.265,-3.6033,0,Cyto
-3.185,-3.6033,0,Cyto
-3.105,-3.6033,0,Cyto
-3.025,-3.6033,0,Cyto
-2.945,-3.6033,0,Cyto
-2.865,-3.6033,0,Cyto
-2.785,-3.6033,0,Cyto
-2.705,-3.6033,0,Cyto
2.735,-3.6033,0,Cyto
2.815,-3.6033,0,Cyto
2.895,-3.6033,0,Cyto
2.975,-3.6033,0,Cyto
3.055,-3.6033,0,Cyto
3.135,-3.6033,0,Cyto
3.215,-3.6033,0,Cyto
3.295,-3.6033,0,Cyto
3.375,-3.6033,0,Cyto
3.455,-3.6033,0,Cyto
3.535,-3.6033,0,Cyto
3.615,-3.6033,0,Cyto
-3.625,-3.534,0,Cyto
-3.545,-3.534,0,Cyto
-3.465,-3.534,0,Cyto
-3.385,-3.534,0,Cyto
-3.305,-3.534,0,Cyto
-3.225,-3.534,0,Cyto
-3.145,-3.534,0,Cyto
-3.065,-3.534,0,Cyto
-2.985,-3.534,0,Cyto
-2.905,-3.534,0,Cyto
-2.825,-3.534,0,Cyto
-2.745,-3.534,0,Cyto
-2.665,-3.534,0,Cyto
2.695,-3.534,0,Cyto
2.775,-3.534,0,Cyto
2.855,-3.534,0,Cyto
2.935,-3.534,0,Cyto
3.015,-3.534,0,Cyto
3.095,-3.534,0,Cyto
3.175,-3.534,0,Cyto
3.255,-3.534,0,Cyto
3.335,-3.534,0,Cyto
3.415,-3.534,0,Cyto
3.495,-3.534,0,Cyto
3.575,-3.534,0,Cyto
-3.505,-3.4647,0,Cyto
-3.425,-3.4647,0,Cyto
-3.345,-3.4647,0,Cyto
-3.265,-3.4647,0,Cyto
-3.185,-3.4647,0,Cyto
-3.105,-3.4647,0,Cyto
-3.025,-3.4647,0,Cyto
-2.945,-3.4647,0,Cyto
-2.865,-3.4647,0,Cyto
-2.785,-3.4647,0,Cyto
-2.705,-3.4647,0,Cyto
-2.625,-3.4647,0,Cyto
2.575,-3.4647,0,Cyto
2.655,-3.4647,0,Cyto
2.735,-3.4647,0,Cyto
2.815,-3.4647,0,Cyto
2.895,-3.4647,0,Cyto
2.975,-3.4647,0,Cyto
3.055,-3.4647,0,Cyto
3.135,-3.4647,0,Cyto
3.215,-3.4647,0,Cyto
3.295,-3.4647,0,Cyto
3.375,-3.4647,0,Cyto
3.455,-3.4647,0,Cyto
3.535,-3.4647,0,Cyto
-3.465,-3.3954,0,Cyto
-3.385,-3.3954,0,Cyto
-3.305,-3.3954,0,Cyto
-3.225,-3.3954,0,Cyto
-3.145,-3.3954,0,Cyto
-3.065,-3.3954,0,Cyto
-2.985,-3.3954,0,Cyto
-2.905,-3.3954,0,Cyto
-2.825,-3.3954,0,Cyto
-2.745,-3.3954,0,Cyto
-2.665,-3.3954,0,Cyto
-2.585,-3.3954,0,Cyto
-2.505,-3.3954,0,Cyto
2.535,-3.3954,0,Cyto
2.615,-3.3954,0,Cyto
2.695,-3.3954,0,Cyto
2.775,-3.3954,0,Cyto
2.855,-3.3954,0,Cyto
2.935,-3.3954,0,Cyto
3.015,-3.3954,0,Cyto
3.095,-3.3954,0,Cyto
3.175,-3.3954,0,Cyto
3.255,-3.3954,0,Cyto
3.335,-3.3954,0,Cyto
3.415,-3.3954,0,Cyto
3.495,-3.3954,0,Cyto
-3.425,-3.3261,0,Cyto
-3.345,-3.3261,0,Cyto
-3.265,-3.3261,0,Cyto
-3.185,-3.3261,0,Cyto
-3.105,-3.3261,0,Cyto
-3.025,-3.3261,0,Cyto
-2.945,-3.3261,0,Cyto
-2.865,-3.3261,0,Cyto
-2.785,-3.3261,0,Cyto
-2.705,-3.3261,0,Cyto
-2.625,-3.3261,0,Cyto
-2.545,-3.3261,0,Cyto
-2.465,-3.3261,0,Cyto
2.495,-3.3261,0,Cyto
2.575,-3.3261,0,Cyto
2.655,-3.3261,0,Cyto
2.735,-3.3261,0,Cyto
2.815,-3.3261,0,Cyto
2.895,-3.3261,0,Cyto
2.975,-3.3261,0,Cyto
3.055,-3.3261,0,Cyto
3.135,-3.3261,0,Cyto
3.215,-3.3261,0,Cyto
3.295,-3.3261,0,Cyto
3.375,-3.3261,0,Cyto
3.455,-3.3261,0,Cyto
-3.385,-3.2568,0,Cyto
-3.305,-3.2568,0,Cyto
-3.225,-3.2568,0,Cyto
-3.145,-3.2568,0,Cyto
-3.065,-3.2568,0,Cyto
-2.985,-3.2568,0,Cyto
-2.905,-3.2568,0,Cyto
-2.825,-3.2568,0,Cyto
-2.745,-3.2568,0,Cyto
-2.665,-3.2568,0,Cyto
-2.585,-3.2568,0,Cyto
-2.505,-3.2568,0,Cyto
-2.425,-3.2568,0,Cyto
2.375,-3.2568,0,Cyto
2.455,-3.2568,0,Cyto
2.535,-3.2568,0,Cyto
2.615,-3.2568,0,Cyto
2.695,-3.2568,0,Cyto
2.775,-3.2568,0,Cyto
2.855,-3.2568,0,Cyto
2.935,-3.2568,0,Cyto
3.015,-3.2568,0,Cyto
3.095,-3.2568,0,Cyto
3.175,-3.2568,0,Cyto
3.255,-3.2568,0,Cyto
3.335,-3.2568,0,Cyto
3.415,-3.2568,0,Cyto
-3.345,-3.1876,0,Cyto
-3.265,-3.1876,0,Cyto
-3.185,-3.1876,0,Cyto
-3.105,-3.1876,0,Cyto
-3.025,-3.1876,0,Cyto
-2.945,-3.1876,0,Cyto
-2.865,-3.1876,0,Cyto
-2.785,-3.1876,0,Cyto
-2.705,-3.1876,0,Cyto
-2.625,-3.1876,0,Cyto
-2.545,-3.1876,0,Cyto
-2.465,-3.1876,0,Cyto
-2.385,-3.1876,0,Cyto
-2.305,-3.1876,0,Cyto
2.335,-3.1876,0,Cyto
2.415,-3.1876,0,Cyto
2.495,-3.1876,0,Cyto
2.575,-3.1876,0,Cyto
2.655,-3.1876,0,Cyto
2.735,-3.1876,0,Cyto
2.815,-3.1876,0,Cyto
2.895,-3.1876,0,Cyto
2.975,-3.1876,0,Cyto
3.055,-3.1876,0,Cyto
3.135,-3.1876,0,Cyto
3.215,-3.1876,0,Cyto
3.295,-3.1876,0,Cyto
3.375,-3.1876,0,Cyto
-3.305,-3.1183,0,Cyto
-3.225,-3.1183,0,Cyto
-3.145,-3.1183,0,Cyto
-3.065,-3.1183,0,Cyto
-2.985,-3.1183,0,Cyto
-2.905,-3.1183,0,Cyto
-2.825,-3.1183,0,Cyto
-2.745,-3.1183,0,Cyto
-2.665,-3.1183,0,Cyto
-2.585,-3.1183,0,Cyto
-2.505,-3.1183,0,Cyto
-2.425,-3.1183,0,Cyto
-2.345,-3.1183,0,Cyto
-2.265,-3.1183,0,Cyto
2.215,-3.1183,0,Cyto
2.295,-3.1183,0,Cyto
2.375,-3.1183,0,Cyto
2.455,-3.1183,0,Cyto
2.535,-3.1183,0,Cyto
2.615,-3.1183,0,Cyto
2.695,-3.1183,0,Cyto
2.775,-3.1183,0,Cyto
2.855,-3.1183,0,Cyto
2.935,-3.1183,0,Cyto
3.015,-3.1183,0,Cyto
3.095,-3.1183,0,Cyto
3.175,-3.1183,0,Cyto
3.255,-3.1183,0,Cyto
-3.265,-3.049,0,Cyto
-3.185,-3.049,0,Cyto
-3.105,-3.049,0,Cyto
-3.025,-3.049,0,Cyto
-2.945,-3.049,0,Cyto
-2.865,-3.049,0,Cyto
-2.785,-3.049,0,Cyto
-2.705,-3.049,0,Cyto
-2.625,-3.049,0,Cyto
-2.545,-3.049,0,Cyto
-2.465,-3.049,0,Cyto
-2.385,-3.049,0,Cyto
-2.305,-3.049,0,Cyto
-2.225,-3.049,0,Cyto
-2.145,-3.049,0,Cyto
2.175,-3.049,0,Cyto
2.255,-3.049,0,Cyto
2.335,-3.049,0,Cyto
2.415,-3.049,0,Cyto
2.495,-3.049,0,Cyto
2.575,-3.049,0,Cyto
2.655,-3.049,0,Cyto
2.735,-3.049,0,Cyto
2.815,-3.049,0,Cyto
2.895,-3.049,0,Cyto
2.975,-3.049,0,Cyto
3.055,-3.049,0,Cyto
3.135,-3.049,0,Cyto
3.215,-3.049,0,Cyto
-3.145,-2.9797,0,Cyto
-3.065,-2.9797,0,Cyto
-2.985,-2.9797,0,Cyto
-2.905,-2.9797,0,Cyto
-2.825,-2.9797,0,Cyto
-2.745,-2.9797,0,Cyto
-2.665,-2.9797,0,Cyto
-2.585,-2.9797,0,Cyto
-2.505,-2.9797,0,Cyto
-2.425,-2.9797,0,Cyto
-2.345,-2.9797,0,Cyto
-2.265,-2.9797,0,Cyto
-2.185,-2.9797,0,Cyto
-2.105,-2.9797,0,Cyto
-2.025,-2.9797,0,Cyto
2.055,-2.9797,0,Cyto
2.135,-2.9797,0,Cyto
2.215,-2.9797,0,Cyto
2.295,-2.9797,0,Cyto
2.375,-2.9797,0,Cyto
2.455,-2.9797,0,Cyto
2.535,-2.9797,0,Cyto
2.615,-2.9797,0,Cyto
2.695,-2.9797,0,Cyto
2.775,-2.9797,0,Cyto
2.855,-2.9797,0,Cyto
2.935,-2.9797,0,Cyto
3.015,-2.9797,0,Cyto
3.095,-2.9797,0,Cyto
3.175,-2.9797,0,Cyto
-3.105,-2.9104,0,Cyto
-3.025,-2.9104,0,Cyto
-2.945,-2.9104,0,Cyto
-2.865,-2.9104,0,Cyto
-2.785,-2.9104,0,Cyto
-2.705,-2.9104,0,Cyto
-2.625,-2.9104,0,Cyto
-2.545,-2.9104,0,Cyto
-2.465,-2.9104,0,Cyto
-2.385,-2.9104,0,Cyto
-2.305,-2.9104,0,Cyto
-2.225,-2.9104,0,Cyto
-2.145,-2.9104,0,Cyto
-2.065,-2.9104,0,Cyto
-1.985,-2.9104,0,Cyto
-1.905,-2.9104,0,Cyto
1.935,-2.9104,0,Cyto
2.015,-2.9104,0,Cyto
2.095,-2.9104,0,Cyto
2.175,-2.9104,0,Cyto
2.255,-2.9104,0,Cyto
2.335,-2.9104,0,Cyto
2.415,-2.9104,0,Cyto
2.495,-2.9104,0,Cyto
2.575,-2.9104,0,Cyto
2.655,-2.9104,0,Cyto
2.735,-2.9104,0,Cyto
2.815,-2.9104,0,Cyto
2.895,-2.9104,0,Cyto
2.975,-2.9104,0,Cyto
3.055,-2.9104,0,Cyto
3.135,-2.9104,0,Cyto
-3.065,-2.8412,0,Cyto
-2.985,-2.8412,0,Cyto
-2.905,-2.8412,0,Cyto
-2.825,-2.8412,0,Cyto
-2.745,-2.8412,0,Cyto
-2.665,-2.8412,0,Cyto
-2.585,-2.8412,0,Cyto
-2.505,-2.8412,0,Cyto
-2.425,-2.8412,0,Cyto
-2.345,-2.8412,0,Cyto
-2.265,-2.8412,0,Cyto
-2.185,-2.8412,0,Cyto
-2.105,-2.8412,0,Cyto
-2.025,-2.8412,0,Cyto
-1.945,-2.8412,0,Cyto
-1.865,-2.8412,0,Cyto
1.815,-2.8412,0,Cyto
1.895,-2.8412,0,Cyto
1.975,-2.8412,0,Cyto
2.055,-2.8412,0,Cyto
2.135,-2.8412,0,Cyto
2.215,-2.8412,0,Cyto
2.295,-2.8412,0,Cyto
2.375,-2.8412,0,Cyto
2.455,-2.8412,0,Cyto
2.535,-2.8412,0,Cyto
2.615,-2.8412,0,Cyto
2.695,-2.8412,0,Cyto
2.775,-2.8412,0,Cyto
2.855,-2.8412,0,Cyto
2.935,-2.8412,0,Cyto
3.015,-2.8412,0,Cyto
-2.945,-2.7719,0,Cyto
-2.865,-2.7719,0,Cyto
-2.785,-2.7719,0,Cyto
-2.705,-2.7719,0,Cyto
-2.625,-2.7719,0,Cyto
-2.545,-2.7719,0,Cyto
-2.465,-2.7719,0,Cyto
-2.385,-2.7719,0,Cyto
-2.305,-2.7719,0,Cyto
-2.225,-2.7719,0,Cyto
-2.145,-2.7719,0,Cyto
-2.065,-2.7719,0,Cyto
-1.985,-2.7719,0,Cyto
-1.905,-2.7719,0,Cyto
-1.825,-2.7719,0,Cyto
-1.745,-2.7719,0,Cyto
1.695,-2.7719,0,Cyto
1.775,-2.7719,0,Cyto
1.855,-2.7719,0,Cyto
1.935,-2.7719,0,Cyto
2.015,-2.7719,0,Cyto
2.095,-2.7719,0,Cyto
2.175,-2.7719,0,Cyto
2.255,-2.7719,0,Cyto
2.335,-2.7719,0,Cyto
2.415,-2.7719,0,Cyto
2.495,-2.7719,0,Cyto
2.575,-2.7719,0,Cyto
2.655,-2.7719,0,Cyto
2.735,-2.7719,0,Cyto
2.815,-2.7719,0,Cyto
2.895,-2.7719,0,Cyto
2.975,-2.7719,0,Cyto
-2.905,-2.7026,0,Cyto
-2.825,-2.7026,0,Cyto
-2.745,-2.7026,0,Cyto
-2.665,-2.7026,0,Cyto
-2.585,-2.7026,0,Cyto
-2.505,-2.7026,0,Cyto
-2.425,-2.7026,0,Cyto
-2.345,-2.7026,0,Cyto
-2.265,-2.7026,0,Cyto
-2.185,-2.7026,0,Cyto
-2.105,-2.7026,0,Cyto
-2.025,-2.7026,0,Cyto
-1.945,-2.7026,0,Cyto
-1.865,-2.7026,0,Cyto
-1.785,-2.7026,0,Cyto
-1.705,-2.7026,0,Cyto
-1.625,-2.7026,0,Cyto
-1.545,-2.7026,0,Cyto
1.575,-2.7026,0,Cyto
1.655,-2.7026,0,Cyto
1.735,-2.7026,0,Cyto
1.815,-2.7026,0,Cyto
1.895,-2.7026,0,Cyto
1.975,-2.7026,0,Cyto
2.055,-2.7026,0,Cyto
2.135,-2.7026,0,Cyto
2.215,-2.7026,0,Cyto
2.295,-2.7026,0,Cyto
2.375,-2.7026,0,Cyto
2.455,-2.7026,0,Cyto
2.535,-2.7026,0,Cyto
2.615,-2.7026,0,Cyto
2.695,-2.7026,0,Cyto
2.775,-2.7026,0,Cyto
2.855,-2.7026,0,Cyto
2.935,-2.7026,0,Cyto
-2.785,-2.6333,0,Cyto
-2.705,-2.6333,0,Cyto
-2.625,-2.6333,0,Cyto
-2.545,-2.6333,0,Cyto
-2.465,-2.6333,0,Cyto
-2.385,-2.6333,0,Cyto
-2.305,-2.6333,0,Cyto
-2.225,-2.6333,0,Cyto
-2.145,-2.6333,0,Cyto
-2.065,-2.6333,0,Cyto
-1.985,-2.6333,0,Cyto
-1.905,-2.6333,0,Cyto
-1.825,-2.6333,0,Cyto
-1.745,-2.6333,0,Cyto
-1.665,-2.6333,0,Cyto
-1.585,-2.6333,0,Cyto
-1.505,-2.6333,0,Cyto
-1.425,-2.6333,0,Cyto
1.455,-2.6333,0,Cyto
1.535,-2.6333,0,Cyto
1.615,-2.6333,0,Cyto
1.695,-2.6333,0,Cyto
1.775,-2.6333,0,Cyto
1.855,-2.6333,0,Cyto
1.935,-2.6333,0,Cyto
2.015,-2.6333,0,Cyto
2.095,-2.6333,0,Cyto
2.175,-2.6333,0,Cyto
2.255,-2.6333,0,Cyto
2.335,-2.6333,0,Cyto
2.415,-2.6333,0,Cyto
2.495,-2.6333,0,Cyto
2.575,-2.6333,0,Cyto
2.655,-2.6333,0,Cyto
2.735,-2.6333,0,Cyto
2.815,-2.6333,0,Cyto
-2.745,-2.564,0,Cyto
-2.665,-2.564,0,Cyto
-2.585,-2.564,0,Cyto
-2.505,-2.564,0,Cyto
-2.425,-2.564,0,Cyto
-2.345,-2.564,0,Cyto
-2.265,-2.564,0,Cyto
-2.185,-2.564,0,Cyto
-2.105,-2.564,0,Cyto
-2.025,-2.564,0,Cyto
-1.945,-2.564,0,Cyto
-1.865,-2.564,0,Cyto
-1.785,-2.564,0,Cyto
-1.705,-2.564,0,Cyto
-1.625,-2.564,0,Cyto
-1.545,-2.564,0,Cyto
-1.465,-2.564,0,Cyto
-1.385,-2.564,0,Cyto
-1.305,-2.564,0,Cyto
-1.225,-2.564,0,Cyto
1.255,-2.564,0,Cyto
1.335,-2.564,0,Cyto
1.415,-2.564,0,Cyto
1.495,-2.564,0,Cyto
1.575,-2.564,0,Cyto
1.655,-2.564,0,Cyto
1.735,-2.564,0,Cyto
1.815,-2.564,0,Cyto
1.895,-2.564,0,Cyto
1.975,-2.564,0,Cyto
2.055,-2.564,0,Cyto
2.135,-2.564,0,Cyto
2.215,-2.564,0,Cyto
2.295,-2.564,0,Cyto
2.375,-2.564,0,Cyto
2.455,-2.564,0,Cyto
2.535,-2.564,0,Cyto
2.615,-2.564,0,Cyto
2.695,-2.564,0,Cyto
2.775,-2.564,0,Cyto
-2.625,-2.4947,0,Cyto
-2.545,-2.4947,0,Cyto
-2.465,-2.4947,0,Cyto
-2.385,-2.4947,0,Cyto
-2.305,-2.4947,0,Cyto
-2.225,-2.4947,0,Cyto
-2.145,-2.4947,0,Cyto
-2.065,-2.4947,0,Cyto
-1.985,-2.4947,0,Cyto
-1.905,-2.4947,0,Cyto
-1.825,-2.4947,0,Cyto
-1.745,-2.4947,0,Cyto
-1.665,-2.4947,0,Cyto
-1.585,-2.4947,0,Cyto
-1.505,-2.4947,0,Cyto
-1.425,-2.4947,0,Cyto
-1.345,-2.4947,0,Cyto
-1.265,-2.4947,0,Cyto
-1.185,-2.4947,0,Cyto
-1.105,-2.4947,0,Cyto
-1.025,-2.4947,0,Cyto
1.055,-2.4947,0,Cyto
1.135,-2.4947,0,Cyto
1.215,-2.4947,0,Cyto
1.295,-2.4947,0,Cyto
1.375,-2.4947,0,Cyto
1.455,-2.4947,0,Cyto
1.535,-2.4947,0,Cyto
1.615,-2.4947,0,Cyto
1.695,-2.4947,0,Cyto
1.775,-2.4947,0,Cyto
1.855,-2.4947,0,Cyto
1.935,-2.4947,0,Cyto
2.015,-2.4947,0,Cyto
2.095,-2.4947,0,Cyto
2.175,-2.4947,0,Cyto
2.255,-2.4947,0,Cyto
2.335,-2.4947,0,Cyto
2.415,-2.4947,0,Cyto
2.495,-2.4947,0,Cyto
2.575,-2.4947,0,Cyto
2.655,-2.4947,0,Cyto
-2.585,-2.4255,0,Cyto
-2.505,-2.4255,0,Cyto
-2.425,-2.4255,0,Cyto
-2.345,-2.4255,0,Cyto
-2.265,-2.4255,0,Cyto
-2.185,-2.4255,0,Cyto
-2.105,-2.4255,0,Cyto
-2.025,-2.4255,0,Cyto
-1.945,-2.4255,0,Cyto
-1.865,-2.4255,0,Cyto
-1.785,-2.4255,0,Cyto
-1.705,-2.4255,0,Cyto
-1.625,-2.4255,0,Cyto
-1.545,-2.4255,0,Cyto
-1.465,-2.4255,0,Cyto
-1.385,-2.4255,0,Cyto
-1.305,-2.4255,0,Cyto
-1.225,-2.4255,0,Cyto
-1.145,-2.4255,0,Cyto
-1.065,-2.4255,0,Cyto
-0.985,-2.4255,0,Cyto
-0.905,-2.4255,0,Cyto
-0.825,-2.4255,0,Cyto
-0.745,-2.4255,0,Cyto
0.775,-2.4255,0,Cyto
0.855,-2.4255,0,Cyto
0.935,-2.4255,0,Cyto
1.015,-2.4255,0,Cyto
1.095,-2.4255,0,Cyto
1.175,-2.4255,0,Cyto
1.255,-2.4255,0,Cyto
1.335,-2.4255,0,Cyto
1.415,-2.4255,0,Cyto
1.495,-2.4255,0,Cyto
1.575,-2.4255,0,Cyto
1.655,-2.4255,0,Cyto
1.735,-2.4255,0,Cyto
1.815,-2.4255,0,Cyto
1.895,-2.4255,0,Cyto
1.975,-2.4255,0,Cyto
2.055,-2.4255,0,Cyto
2.135,-2.4255,0,Cyto
2.215,-2.4255,0,Cyto
2.295,-2.4255,0,Cyto
2.375,-2.4255,0,Cyto
2.455,-2.4255,0,Cyto
2.535,-2.4255,0,Cyto
-2.465,-2.3562,0,Cyto
-2.385,-2.3562,0,Cyto
-2.305,-2.3562,0,Cyto
-2.225,-2.3562,0,Cyto
-2.145,-2.3562,0,Cyto
-2.065,-2.3562,0,Cyto
-1.985,-2.3562,0,Cyto
-1.905,-2.3562,0,Cyto
-1.825,-2.3562,0,Cyto
-1.745,-2.3562,0,Cyto
-1.665,-2.3562,0,Cyto
-1.585,-2.3562,0,Cyto
-1.505,-2.3562,0,Cyto
-1.425,-2.3562,0,Cyto
-1.345,-2.3562,0,Cyto
-1.265,-2.3562,0,Cyto
-1.185,-2.3562,0,Cyto
-1.105,-2.3562,0,Cyto
-1.025,-2.3562,0,Cyto
-0.945,-2.3562,0,Cyto
-0.865,-2.3562,0,Cyto
-0.785,-2.3562,0,Cyto
-0.705,-2.3562,0,Cyto
-0.625,-2.3562,0,Cyto
-0.545,-2.3562,0,Cyto
-0.465,-2.3562,0,Cyto
-0.385,-2.3562,0,Cyto
-0.305,-2.3562,0,Cyto
-0.225,-2.3562,0,Cyto
0.255,-2.3562,0,Cyto
0.335,-2.3562,0,Cyto
0.415,-2.3562,0,Cyto
0.495,-2.3562,0,Cyto
0.575,-2.3562,0,Cyto
0.655,-2.3562,0,Cyto
0.735,-2.3562,0,Cyto
0.815,-2.3562,0,Cyto
0.895,-2.3562,0,Cyto
0.975,-2.3562,0,Cyto
1.055,-2.3562,0,Cyto
1.135,-2.3562,0,Cyto
1.215,-2.3562,0,Cyto
1.295,-2.3562,0,Cyto
1.375,-2.3562,0,Cyto
1.455,-2.3562,0,Cyto
1.535,-2.3562,0,Cyto
1.615,-2.3562,0,Cyto
1.695,-2.3562,0,Cyto
1.775,-2.3562,0,Cyto
1.855,-2.3562,0,Cyto
1.935,-2.3562,0,Cyto
2.015,-2.3562,0,Cyto
2.095,-2.3562,0,Cyto
2.175,-2.3562,0,Cyto
2.255,-2.3562,0,Cyto
2.335,-2.3562,0,Cyto
2.415,-2.3562,0,Cyto
2.495,-2.3562,0,Cyto
-2.345,-2.2869,0,Cyto
-2.265,-2.2869,0,Cyto
-2.185,-2.2869,0,Cyto
-2.105,-2.2869,0,Cyto
-2.025,-2.2869,0,Cyto
-1.945,-2.2869,0,Cyto
-1.865,-2.2869,0,Cyto
-1.785,-2.2869,0,Cyto
-1.705,-2.2869,0,Cyto
-1.625,-2.2869,0,Cyto
-1.545,-2.2869,0,Cyto
-1.465,-2.2869,0,Cyto
-1.385,-2.2869,0,Cyto
-1.305,-2.2869,0,Cyto
-1.225,-2.2869,0,Cyto
-1.145,-2.2869,0,Cyto
-1.065,-2.2869,0,Cyto
-0.985,-2.2869,0,Cyto
-0.905,-2.2869,0,Cyto
-0.825,-2.2869,0,Cyto
-0.745,-2.2869,0,Cyto
-0.665,-2.2869,0,Cyto
-0.585,-2.2869,0,Cyto
-0.505,-2.2869,0,Cyto
-0.425,-2.2869,0,Cyto
-0.345,-2.2869,0,Cyto
-0.265,-2.2869,0,Cyto
-0.185,-2.2869,0,Cyto
-0.105,-2.2869,0,Cyto
-0.025,-2.2869,0,Cyto
0.055,-2.2869,0,Cyto
0.135,-2.2869,0,Cyto
0.215,-2.2869,0,Cyto
0.295,-2.2869,0,Cyto
0.375,-2.2869,0,Cyto
0.455,-2.2869,0,Cyto
0.535,-2.2869,0,Cyto
0.615,-2.2869,0,Cyto
0.695,-2.2869,0,Cyto
0.775,-2.2869,0,Cyto
0.855,-2.2869,0,Cyto
0.935,-2.2869,0,Cyto
1.015,-2.2869,0,Cyto
1.095,-2.2869,0,Cyto
1.175,-2.2869,0,Cyto
1.255,-2.2869,0,Cyto
1.335,-2.2869,0,Cyto
1.415,-2.2869,0,Cyto
1.495,-2.2869,0,Cyto
1.575,-2.2869,0,Cyto
1.655,-2.2869,0,Cyto
1.735,-2.2869,0,Cyto
1.815,-2.2869,0,Cyto
1.895,-2.2869,0,Cyto
1.975,-2.2869,0,Cyto
2.055,-2.2869,0,Cyto
2.135,-2.2869,0,Cyto
2.215,-2.2869,0,Cyto
2.295,-2.2869,0,Cyto
2.375,-2.2869,0,Cyto
-2.305,-2.2176,0,Cyto
-2.225,-2.2176,0,Cyto
-2.145,-2.2176,0,Cyto
-2.065,-2.2176,0,Cyto
-1.985,-2.2176,0,Cyto
-1.905,-2.2176,0,Cyto
-1.825,-2.2176,0,Cyto
-1.745,-2.2176,0,Cyto
-1.665,-2.2176,0,Cyto
-1.585,-2.2176,0,Cyto
-1.505,-2.2176,0,Cyto
-1.425,-2.2176,0,Cyto
-1.345,-2.2176,0,Cyto
-1.265,-2.2176,0,Cyto
-1.185,-2.2176,0,Cyto
-1.105,-2.2176,0,Cyto
-1.025,-2.2176,0,Cyto
-0.945,-2.2176,0,Cyto
-0.865,-2.2176,0,Cyto
-0.785,-2.2176,0,Cyto
-0.705,-2.2176,0,Cyto
-0.625,-2.2176,0,Cyto
-0.545,-2.2176,0,Cyto
-0.465,-2.2176,0,Cyto
-0.385,-2.2176,0,Cyto
-0.305,-2.2176,0,Cyto
-0.225,-2.2176,0,Cyto
-0.145,-2.2176,0,Cyto
-0.065,-2.2176,0,Cyto
0.015,-2.2176,0,Cyto
0.095,-2.2176,0,Cyto
0.175,-2.2176,0,Cyto
0.255,-2.2176,0,Cyto
0.335,-2.2176,0,Cyto
0.415,-2.2176,0,Cyto
0.495,-2.2176,0,Cyto
0.575,-2.2176,0,Cyto
0.655,-2.2176,0,Cyto
0.735,-2.2176,0,Cyto
0.815,-2.2176,0,Cyto
0.895,-2.2176,0,Cyto
0.975,-2.2176,0,Cyto
1.055,-2.2176,0,Cyto
1.135,-2.2176,0,Cyto
1.215,-2.2176,0,Cyto
1.295,-2.2176,0,Cyto
1.375,-2.2176,0,Cyto
1.455,-2.2176,0,Cyto
1.535,-2.2176,0,Cyto
1.615,-2.2176,0,Cyto
1.695,-2.2176,0,Cyto
1.775,-2.2176,0,Cyto
1.855,-2.2176,0,Cyto
1.935,-2.2176,0,Cyto
2.015,-2.2176,0,Cyto
2.095,-2.2176,0,Cyto
2.175,-2.2176,0,Cyto
2.255,-2.2176,0,Cyto
-2.185,-2.1483,0,Cyto
-2.105,-2.1483,0,Cyto
-2.025,-2.1483,0,Cyto
-1.945,-2.1483,0,Cyto
-1.865,-2.1483,0,Cyto
-1.785,-2.1483,0,Cyto
-1.705,-2.1483,0,Cyto
-1.625,-2.1483,0,Cyto
-1.545,-2.1483,0,Cyto
-1.465,-2.1483,0,Cyto
-1.385,-2.1483,0,Cyto
-1.305,-2.1483,0,Cyto
-1.225,-2.1483,0,Cyto
-1.145,-2.1483,0,Cyto
-1.065,-2.1483,0,Cyto
-0.985,-2.1483,0,Cyto
-0.905,-2.1483,0,Cyto
-0.825,-2.1483,0,Cyto
-0.745,-2.1483,0,Cyto
-0.665,-2.1483,0,Cyto
-0.585,-2.1483,0,Cyto
-0.505,-2.1483,0,Cyto
-0.425,-2.1483,0,Cyto
-0.345,-2.1483,0,Cyto
-0.265,-2.1483,0,Cyto
-0.185,-2.1483,0,Cyto
-0.105,-2.1483,0,Cyto
-0.025,-2.1483,0,Cyto
0.055,-2.1483,0,Cyto
0.135,-2.1483,0,Cyto
0.215,-2.1483,0,Cyto
0.295,-2.1483,0,Cyto
0.375,-2.1483,0,Cyto
0.455,-2.1483,0,Cyto
0.535,-2.1483,0,Cyto
0.615,-2.1483,0,Cyto
0.695,-2.1483,0,Cyto
0.775,-2.1483,0,Cyto
0.855,-2.1483,0,Cyto
0.935,-2.1483,0,Cyto
1.015,-2.1483,0,Cyto
1.095,-2.1483,0,Cyto
1.175,-2.1483,0,Cyto
1.255,-2.1483,0,Cyto
1.335,-2.1483,0,Cyto
1.415,-2.1483,0,Cyto
1.495,-2.1483,0,Cyto
1.575,-2.1483,0,Cyto
1.655,-2.1483,0,Cyto
1.735,-2.1483,0,Cyto
1.815,-2.1483,0,Cyto
1.895,-2.1483,0,Cyto
1.975,-2.1483,0,Cyto
2.055,-2.1483,0,Cyto
2.135,-2.1483,0,Cyto
-2.065,-2.0791,0,Cyto
-1.985,-2.0791,0,Cyto
-1.905,-2.0791,0,Cyto
-1.825,-2.0791,0,Cyto
-1.745,-2.0791,0,Cyto
-1.665,-2.0791,0,Cyto
-1.585,-2.0791,0,Cyto
-1.505,-2.0791,0,Cyto
-1.425,-2.0791,0,Cyto
-1.345,-2.0791,0,Cyto
-1.265,-2.0791,0,Cyto
-1.185,-2.0791,0,Cyto
-1.105,-2.0791,0,Cyto
-1.025,-2.0791,0,Cyto
-0.945,-2.0791,0,Cyto
-0.865,-2.0791,0,Cyto
-0.785,-2.0791,0,Cyto
-0.705,-2.0791,0,Cyto
-0.625,-2.0791,0,Cyto
-0.545,-2.0791,0,Cyto
-0.465,-2.0791,0,Cyto
-0.385,-2.0791,0,Cyto
-0.305,-2.0791,0,Cyto
-0.225,-2.0791,0,Cyto
-0.145,-2.0791,0,Cyto
-0.065,-2.0791,0,Cyto
0.015,-2.0791,0,Cyto
0.095,-2.0791,0,Cyto
0.175,-2.0791,0,Cyto
0.255,-2.0791,0,Cyto
0.335,-2.0791,0,Cyto
0.415,-2.0791,0,Cyto
0.495,-2.0791,0,Cyto
0.575,-2.0791,0,Cyto
0.655,-2.0791,0,Cyto
0.735,-2.0791,0,Cyto
0.815,-2.0791,0,Cyto
0.895,-2.0791,0,Cyto
0.975,-2.0791,0,Cyto
1.055,-2.0791,0,Cyto
1.135,-2.0791,0,Cyto
1.215,-2.0791,0,Cyto
1.295,-2.0791,0,Cyto
1.375,-2.0791,0,Cyto
1.455,-2.0791,0,Cyto
1.535,-2.0791,0,Cyto
1.615,-2.0791,0,Cyto
1.695,-2.0791,0,Cyto
1.775,-2.0791,0,Cyto
1.855,-2.0791,0,Cyto
1.935,-2.0791,0,Cyto
2.015,-2.0791,0,Cyto
-1.945,-2.0098,0,Cyto
-1.865,-2.0098,0,Cyto
-1.785,-2.0098,0,Cyto
-1.705,-2.0098,0,Cyto
-1.625,-2.0098,0,Cyto
-1.545,-2.0098,0,Cyto
-1.465,-2.0098,0,Cyto
-1.385,-2.0098,0,Cyto
-1.305,-2.0098,0,Cyto
-1.225,-2.0098,0,Cyto
-1.145,-2.0098,0,Cyto
-1.065,-2.0098,0,Cyto
-0.985,-2.0098,0,Cyto
-0.905,-2.0098,0,Cyto
-0.825,-2.0098,0,Cyto
-0.745,-2.0098,0,Cyto
-0.665,-2.0098,0,Cyto
-0.585,-2.0098,0,Cyto
-0.505,-2.0098,0,Cyto
-0.425,-2.0098,0,Cyto
-0.345,-2.0098,0,Cyto
-0.265,-2.0098,0,Cyto
-0.185,-2.0098,0,Cyto
-0.105,-2.0098,0,Cyto
-0.025,-2.0098,0,Cyto
0.055,-2.0098,0,Cyto
0.135,-2.0098,0,Cyto
0.215,-2.0098,0,Cyto
0.295,-2.0098,0,Cyto
0.375,-2.0098,0,Cyto
0.455,-2.0098,0,Cyto
0.535,-2.0098,0,Cyto
0.615,-2.0098,0,Cyto
0.695,-2.0098,0,Cyto
0.775,-2.0098,0,Cyto
0.855,-2.0098,0,Cyto
0.935,-2.0098,0,Cyto
1.015,-2.0098,0,Cyto
1.095,-2.0098,0,Cyto
1.175,-2.0098,0,Cyto
1.255,-2.0098,0,Cyto
1.335,-2.0098,0,Cyto
1.415,-2.0098,0,Cyto
1.495,-2.0098,0,Cyto
1.575,-2.0098,0,Cyto
1.655,-2.0098,0,Cyto
1.735,-2.0098,0,Cyto
1.815,-2.0098,0,Cyto
1.895,-2.0098,0,Cyto
-1.745,-1.9405,0,Cyto
-1.665,-1.9405,0,Cyto
-1.585,-1.9405,0,Cyto
-1.505,-1.9405,0,Cyto
-1.425,-1.9405,0,Cyto
-1.345,-1.9405,0,Cyto
-1.265,-1.9405,0,Cyto
-1.185,-1.9405,0,Cyto
-1.105,-1.9405,0,Cyto
-1.025,-1.9405,0,Cyto
-0.945,-1.9405,0,Cyto
-0.865,-1.9405,0,Cyto
-0.785,-1.9405,0,Cyto
-0.705,-1.9405,0,Cyto
-0.625,-1.9405,0,Cyto
-0.545,-1.9405,0,Cyto
-0.465,-1.9405,0,Cyto
-0.385,-1.9405,0,Cyto
-0.305,-1.9405,0,Cyto
-0.225,-1.9405,0,Cyto
-0.145,-1.9405,0,Cyto
-0.065,-1.9405,0,Cyto
0.015,-1.9405,0,Cyto
0.095,-1.9405,0,Cyto
0.175,-1.9405,0,Cyto
0.255,-1.9405,0,Cyto
0.335,-1.9405,0,Cyto
0.415,-1.9405,0,Cyto
0.495,-1.9405,0,Cyto
0.575,-1.9405,0,Cyto
0.655,-1.9405,0,Cyto
0.735,-1.9405,0,Cyto
0.815,-1.9405,0,Cyto
0.895,-1.9405,0,Cyto
0.975,-1.9405,0,Cyto
1.055,-1.9405,0,Cyto
1.135,-1.9405,0,Cyto
1.215,-1.9405,0,Cyto
1.295,-1.9405,0,Cyto
1.375,-1.9405,0,Cyto
1.455,-1.9405,0,Cyto
1.535,-1.9405,0,Cyto
1.615,-1.9405,0,Cyto
1.695,-1.9405,0,Cyto
1.775,-1.9405,0,Cyto
-1.625,-1.8712,0,Cyto
-1.545,-1.8712,0,Cyto
-1.465,-1.8712,0,Cyto
-1.385,-1.8712,0,Cyto
-1.305,-1.8712,0,Cyto
-1.225,-1.8712,0,Cyto
-1.145,-1.8712,0,Cyto
-1.065,-1.8712,0,Cyto
-0.985,-1.8712,0,Cyto
-0.905,-1.8712,0,Cyto
-0.825,-1.8712,0,Cyto
-0.745,-1.8712,0,Cyto
-0.665,-1.8712,0,Cyto
-0.585,-1.8712,0,Cyto
-0.505,-1.8712,0,Cyto
-0.425,-1.8712,0,Cyto
-0.345,-1.8712,0,Cyto
-0.265,-1.8712,0,Cyto
-0.185,-1.8712,0,Cyto
-0.105,-1.8712,0,Cyto
-0.025,-1.8712,0,Cyto
0.055,-1.8712,0,Cyto
0.135,-1.8712,0,Cyto
0.215,-1.8712,0,Cyto
0.295,-1.8712,0,Cyto
0.375,-1.8712,0,Cyto
0.455,-1.8712,0,Cyto
0.535,-1.8712,0,Cyto
0.615,-1.8712,0,Cyto
0.695,-1.8712,0,Cyto
0.775,-1.8712,0,Cyto
0.855,-1.8712,0,Cyto
0.935,-1.8712,0,Cyto
1.015,-1.8712,0,Cyto
1.095,-1.8712,0,Cyto
1.175,-1.8712,0,Cyto
1.255,-1.8712,0,Cyto
1.335,-1.8712,0,Cyto
1.415,-1.8712,0,Cyto
1.495,-1.8712,0,Cyto
1.575,-1.8712,0,Cyto
-1.425,-1.8019,0,Cyto
-1.345,-1.8019,0,Cyto
-1.265,-1.8019,0,Cyto
-1.185,-1.8019,0,Cyto
-1.105,-1.8019,0,Cyto
-1.025,-1.8019,0,Cyto
-0.945,-1.8019,0,Cyto
-0.865,-1.8019,0,Cyto
-0.785,-1.8019,0,Cyto
-0.705,-1.8019,0,Cyto
-0.625,-1.8019,0,Cyto
-0.545,-1.8019,0,Cyto
-0.465,-1.8019,0,Cyto
-0.385,-1.8019,0,Cyto
-0.305,-1.8019,0,Cyto
-0.225,-1.8019,0,Cyto
-0.145,-1.8019,0,Cyto
-0.065,-1.8019,0,Cyto
0.015,-1.8019,0,Cyto
0.095,-1.8019,0,Cyto
0.175,-1.8019,0,Cyto
0.255,-1.8019,0,Cyto
0.335,-1.8019,0,Cyto
0.415,-1.8019,0,Cyto
0.495,-1.8019,0,Cyto
0.575,-1.8019,0,Cyto
0.655,-1.8019,0,Cyto
0.735,-1.8019,0,Cyto
0.815,-1.8019,0,Cyto
0.895,-1.8019,0,Cyto
0.975,-1.8019,0,Cyto
1.055,-1.8019,0,Cyto
1.135,-1.8019,0,Cyto
1.215,-1.8019,0,Cyto
1.295,-1.8019,0,Cyto
1.375,-1.8019,0,Cyto
1.455,-1.8019,0,Cyto
-1.225,-1.7326,0,Cyto
-1.145,-1.7326,0,Cyto
-1.065,-1.7326,0,Cyto
-0.985,-1.7326,0,Cyto
-0.905,-1.7326,0,Cyto
-0.825,-1.7326,0,Cyto
-0.745,-1.7326,0,Cyto
-0.665,-1.7326,0,Cyto
-0.585,-1.7326,0,Cyto
-0.505,-1.7326,0,Cyto
-0.425,-1.7326,0,Cyto
-0.345,-1.7326,0,Cyto
-0.265,-1.7326,0,Cyto
-0.185,-1.7326,0,Cyto
-0.105,-1.7326,0,Cyto
-0.025,-1.7326,0,Cyto
0.055,-1.7326,0,Cyto
0.135,-1.7326,0,Cyto
0.215,-1.7326,0,Cyto
0.295,-1.7326,0,Cyto
0.375,-1.7326,0,Cyto
0.455,-1.7326,0,Cyto
0.535,-1.7326,0,Cyto
0.615,-1.7326,0,Cyto
0.695,-1.7326,0,Cyto
0.775,-1.7326,0,Cyto
0.855,-1.7326,0,Cyto
0.935,-1.7326,0,Cyto
1.015,-1.7326,0,Cyto
1.095,-1.7326,0,Cyto
1.175,-1.7326,0,Cyto
1.255,-1.7326,0,Cyto
-0.945,-1.6634,0,Cyto
-0.865,-1.6634,0,Cyto
-0.785,-1.6634,0,Cyto
-0.705,-1.6634,0,Cyto
-0.625,-1.6634,0,Cyto
-0.545,-1.6634,0,Cyto
-0.465,-1.6634,0,Cyto
-0.385,-1.6634,0,Cyto
-0.305,-1.6634,0,Cyto
-0.225,-1.6634,0,Cyto
-0.145,-1.6634,0,Cyto
-0.065,-1.6634,0,Cyto
0.015,-1.6634,0,Cyto
0.095,-1.6634,0,Cyto
0.175,-1.6634,0,Cyto
0.255,-1.6634,0,Cyto
0.335,-1.6634,0,Cyto
0.415,-1.6634,0,Cyto
0.495,-1.6634,0,Cyto
0.575,-1.6634,0,Cyto
0.655,-1.6634,0,Cyto
0.735,-1.6634,0,Cyto
0.815,-1.6634,0,Cyto
0.895,-1.6634,0,Cyto
0.975,-1.6634,0,Cyto
-0.585,-1.5941,0,Cyto
-0.505,-1.5941,0,Cyto
-0.425,-1.5941,0,Cyto
-0.345,-1.5941,0,Cyto
-0.265,-1.5941,0,Cyto
-0.185,-1.5941,0,Cyto
-0.105,-1.5941,0,Cyto
-0.025,-1.5941,0,Cyto
0.055,-1.5941,0,Cyto
0.135,-1.5941,0,Cyto
0.215,-1.5941,0,Cyto
0.295,-1.5941,0,Cyto
0.375,-1.5941,0,Cyto
0.455,-1.5941,0,Cyto
0.535,-1.5941,0,Cyto
0.615,-1.5941,0,Cyto
-0.785,-11.0857,0,Membrana
-0.705,-11.0857,0,Membrana
-0.625,-11.0857,0,Membrana
-0.545,-11.0857,0,Membrana
-0.465,-11.0857,0,Membrana
-0.385,-11.0857,0,Membrana
-0.305,-11.0857,0,Membrana
-0.225,-11.0857,0,Membrana
-0.145,-11.0857,0,Membrana
-0.065,-11.0857,0,Membrana
0.015,-11.0857,0,Membrana
0.095,-11.0857,0,Membrana
0.175,-11.0857,0,Membrana
0.255,-11.0857,0,Membrana
0.335,-11.0857,0,Membrana
0.415,-11.0857,0,Membrana
0.495,-11.0857,0,Membrana
0.575,-11.0857,0,Membrana
0.655,-11.0857,0,Membrana
0.735,-11.0857,0,Membrana
0.815,-11.0857,0,Membrana
-1.145,-11.0164,0,Membrana
-1.065,-11.0164,0,Membrana
-0.985,-11.0164,0,Membrana
-0.905,-11.0164,0,Membrana
-0.825,-11.0164,0,Membrana
-0.745,-11.0164,0,Membrana
-0.665,-11.0164,0,Membrana
-0.585,-11.0164,0,Membrana
-0.505,-11.0164,0,Membrana
-0.425,-11.0164,0,Membrana
-0.345,-11.0164,0,Membrana
-0.265,-11.0164,0,Membrana
-0.185,-11.0164,0,Membrana
-0.105,-11.0164,0,Membrana
-0.025,-11.0164,0,Membrana
0.055,-11.0164,0,Membrana
0.135,-11.0164,0,Membrana
0.215,-11.0164,0,Membrana
0.295,-11.0164,0,Membrana
0.375,-11.0164,0,Membrana
0.455,-11.0164,0,Membrana
0.535,-11.0164,0,Membrana
0.615,-11.0164,0,Membrana
0.695,-11.0164,0,Membrana
0.775,-11.0164,0,Membrana
0.855,-11.0164,0,Membrana
0.935,-11.0164,0,Membrana
1.015,-11.0164,0,Membrana
1.095,-11.0164,0,Membrana
1.175,-11.0164,0,Membrana
-1.425,-10.9472,0,Membrana
-1.345,-10.9472,0,Membrana
-1.265,-10.9472,0,Membrana
-1.185,-10.9472,0,Membrana
-1.105,-10.9472,0,Membrana
-1.025,-10.9472,0,Membrana
-0.945,-10.9472,0,Membrana
-0.865,-10.9472,0,Membrana
-0.785,-10.9472,0,Membrana
-0.705,-10.9472,0,Membrana
-0.625,-10.9472,0,Membrana
-0.545,-10.9472,0,Membrana
-0.465,-10.9472,0,Membrana
-0.385,-10.9472,0,Membrana
-0.305,-10.9472,0,Membrana
-0.225,-10.9472,0,Membrana
-0.145,-10.9472,0,Membrana
-0.065,-10.9472,0,Membrana
0.015,-10.9472,0,Membrana
0.095,-10.9472,0,Membrana
0.175,-10.9472,0,Membrana
0.255,-10.9472,0,Membrana
0.335,-10.9472,0,Membrana
0.415,-10.9472,0,Membrana
0.495,-10.9472,0,Membrana
0.575,-10.9472,0,Membrana
0.655,-10.9472,0,Membrana
0.735,-10.9472,0,Membrana
0.815,-10.9472,0,Membrana
0.895,-10.9472,0,Membrana
0.975,-10.9472,0,Membrana
1.055,-10.9472,0,Membrana
1.135,-10.9472,0,Membrana
1.215,-10.9472,0,Membrana
1.295,-10.9472,0,Membrana
1.375,-10.9472,0,Membrana
1.455,-10.9472,0,Membrana
-1.625,-10.8779,0,Membrana
-1.545,-10.8779,0,Membrana
-1.465,-10.8779,0,Membrana
-1.385,-10.8779,0,Membrana
-1.305,-10.8779,0,Membrana
-1.225,-10.8779,0,Membrana
-1.145,-10.8779,0,Membrana
-1.065,-10.8779,0,Membrana
-0.985,-10.8779,0,Membrana
-0.905,-10.8779,0,Membrana
-0.825,-10.8779,0,Membrana
-0.745,-10.8779,0,Membrana
-0.665,-10.8779,0,Membrana
-0.585,-10.8779,0,Membrana
-0.505,-10.8779,0,Membrana
-0.425,-10.8779,0,Membrana
-0.345,-10.8779,0,Membrana
-0.265,-10.8779,0,Membrana
-0.185,-10.8779,0,Membrana
-0.105,-10.8779,0,Membrana
-0.025,-10.8779,0,Membrana
0.055,-10.8779,0,Membrana
0.135,-10.8779,0,Membrana
0.215,-10.8779,0,Membrana
0.295,-10.8779,0,Membrana
0.375,-10.8779,0,Membrana
0.455,-10.8779,0,Membrana
0.535,-10.8779,0,Membrana
0.615,-10.8779,0,Membrana
0.695,-10.8779,0,Membrana
0.775,-10.8779,0,Membrana
0.855,-10.8779,0,Membrana
0.935,-10.8779,0,Membrana
1.015,-10.8779,0,Membrana
1.095,-10.8779,0,Membrana
1.175,-10.8779,0,Membrana
1.255,-10.8779,0,Membrana
1.335,-10.8779,0,Membrana
1.415,-10.8779,0,Membrana
1.495,-10.8779,0,Membrana
1.575,-10.8779,0,Membrana
1.655,-10.8779,0,Membrana
-1.825,-10.8086,0,Membrana
-1.745,-10.8086,0,Membrana
-1.665,-10.8086,0,Membrana
-1.585,-10.8086,0,Membrana
-1.505,-10.8086,0,Membrana
-1.425,-10.8086,0,Membrana
-1.345,-10.8086,0,Membrana
-1.265,-10.8086,0,Membrana
-1.185,-10.8086,0,Membrana
-1.105,-10.8086,0,Membrana
-1.025,-10.8086,0,Membrana
-0.945,-10.8086,0,Membrana
-0.865,-10.8086,0,Membrana
-0.785,-10.8086,0,Membrana
-0.705,-10.8086,0,Membrana
-0.625,-10.8086,0,Membrana
-0.545,-10.8086,0,Membrana
-0.465,-10.8086,0,Membrana
-0.385,-10.8086,0,Membrana
-0.305,-10.8086,0,Membrana
-0.225,-10.8086,0,Membrana
-0.145,-10.8086,0,Membrana
-0.065,-10.8086,0,Membrana
0.015,-10.8086,0,Membrana
0.095,-10.8086,0,Membrana
0.175,-10.8086,0,Membrana
0.255,-10.8086,0,Membrana
0.335,-10.8086,0,Membrana
0.415,-10.8086,0,Membrana
0.495,-10.8086,0,Membrana
0.575,-10.8086,0,Membrana
0.655,-10.8086,0,Membrana
0.735,-10.8086,0,Membrana
0.815,-10.8086,0,Membrana
0.895,-10.8086,0,Membrana
0.975,-10.8086,0,Membrana
1.055,-10.8086,0,Membrana
1.135,-10.8086,0,Membrana
1.215,-10.8086,0,Membrana
1.295,-10.8086,0,Membrana
1.375,-10.8086,0,Membrana
1.455,-10.8086,0,Membrana
1.535,-10.8086,0,Membrana
1.615,-10.8086,0,Membrana
1.695,-10.8086,0,Membrana
1.775,-10.8086,0,Membrana
1.855,-10.8086,0,Membrana
-2.025,-10.7393,0,Membrana
-1.945,-10.7393,0,Membrana
-1.865,-10.7393,0,Membrana
-1.785,-10.7393,0,Membrana
-1.705,-10.7393,0,Membrana
-1.625,-10.7393,0,Membrana
-1.545,-10.7393,0,Membrana
-1.465,-10.7393,0,Membrana
-1.385,-10.7393,0,Membrana
-1.305,-10.7393,0,Membrana
-1.225,-10.7393,0,Membrana
-1.145,-10.7393,0,Membrana
-1.065,-10.7393,0,Membrana
-0.985,-10.7393,0,Membrana
-0.905,-10.7393,0,Membrana
-0.825,-10.7393,0,Membrana
-0.745,-10.7393,0,Membrana
-0.665,-10.7393,0,Membrana
-0.585,-10.7393,0,Membrana
-0.505,-10.7393,0,Membrana
-0.425,-10.7393,0,Membrana
-0.345,-10.7393,0,Membrana
-0.265,-10.7393,0,Membrana
-0.185,-10.7393,0,Membrana
-0.105,-10.7393,0,Membrana
-0.025,-10.7393,0,Membrana
0.055,-10.7393,0,Membrana
0.135,-10.7393,0,Membrana
0.215,-10.7393,0,Membrana
0.295,-10.7393,0,Membrana
0.375,-10.7393,0,Membrana
0.455,-10.7393,0,Membrana
0.535,-10.7393,0,Membrana
0.615,-10.7393,0,Membrana
0.695,-10.7393,0,Membrana
0.775,-10.7393,0,Membrana
0.855,-10.7393,0,Membrana
0.935,-10.7393,0,Membrana
1.015,-10.7393,0,Membrana
1.095,-10.7393,0,Membrana
1.175,-10.7393,0,Membrana
1.255,-10.7393,0,Membrana
1.335,-10.7393,0,Membrana
1.415,-10.7393,0,Membrana
1.495,-10.7393,0,Membrana
1.575,-10.7393,0,Membrana
1.655,-10.7393,0,Membrana
1.735,-10.7393,0,Membrana
1.815,-10.7393,0,Membrana
1.895,-10.7393,0,Membrana
1.975,-10.7393,0,Membrana
2.055,-10.7393,0,Membrana
-2.145,-10.67,0,Membrana
-2.065,-10.67,0,Membrana
-1.985,-10.67,0,Membrana
-1.905,-10.67,0,Membrana
-1.825,-10.67,0,Membrana
-1.745,-10.67,0,Membrana
-1.665,-10.67,0,Membrana
-1.585,-10.67,0,Membrana
-1.505,-10.67,0,Membrana
-1.425,-10.67,0,Membrana
-1.345,-10.67,0,Membrana
-1.265,-10.67,0,Membrana
-1.185,-10.67,0,Membrana
-1.105,-10.67,0,Membrana
-1.025,-10.67,0,Membrana
-0.945,-10.67,0,Membrana
-0.865,-10.67,0,Membrana
-0.785,-10.67,0,Membrana
-0.705,-10.67,0,Membrana
-0.625,-10.67,0,Membrana
-0.545,-10.67,0,Membrana
-0.465,-10.67,0,Membrana
-0.385,-10.67,0,Membrana
-0.305,-10.67,0,Membrana
-0.225,-10.67,0,Membrana
-0.145,-10.67,0,Membrana
-0.065,-10.67,0,Membrana
0.015,-10.67,0,Membrana
0.095,-10.67,0,Membrana
0.175,-10.67,0,Membrana
0.255,-10.67,0,Membrana
0.335,-10.67,0,Membrana
0.415,-10.67,0,Membrana
0.495,-10.67,0,Membrana
0.575,-10.67,0,Membrana
0.655,-10.67,0,Membrana
0.735,-10.67,0,Membrana
0.815,-10.67,0,Membrana
0.895,-10.67,0,Membrana
0.975,-10.67,0,Membrana
1.055,-10.67,0,Membrana
1.135,-10.67,0,Membrana
1.215,-10.67,0,Membrana
1.295,-10.67,0,Membrana
1.375,-10.67,0,Membrana
1.455,-10.67,0,Membrana
1.535,-10.67,0,Membrana
1.615,-10.67,0,Membrana
1.695,-10.67,0,Membrana
1.775,-10.67,0,Membrana
1.855,-10.67,0,Membrana
1.935,-10.67,0,Membrana
2.015,-10.67,0,Membrana
2.095,-10.67,0,Membrana
2.175,-10.67,0,Membrana
-2.345,-10.6007,0,Membrana
-2.265,-10.6007,0,Membrana
-2.185,-10.6007,0,Membrana
-2.105,-10.6007,0,Membrana
-2.025,-10.6007,0,Membrana
-1.945,-10.6007,0,Membrana
-1.865,-10.6007,0,Membrana
-1.785,-10.6007,0,Membrana
-1.705,-10.6007,0,Membrana
-1.625,-10.6007,0,Membrana
-1.545,-10.6007,0,Membrana
-1.465,-10.6007,0,Membrana
-1.385,-10.6007,0,Membrana
-1.305,-10.6007,0,Membrana
-1.225,-10.6007,0,Membrana
-1.145,-10.6007,0,Membrana
-1.065,-10.6007,0,Membrana
-0.985,-10.6007,0,Membrana
-0.905,-10.6007,0,Membrana
-0.825,-10.6007,0,Membrana
-0.745,-10.6007,0,Membrana
-0.665,-10.6007,0,Membrana
-0.585,-10.6007,0,Membrana
-0.505,-10.6007,0,Membrana
-0.425,-10.6007,0,Membrana
-0.345,-10.6007,0,Membrana
-0.265,-10.6007,0,Membrana
-0.185,-10.6007,0,Membrana
-0.105,-10.6007,0,Membrana
-0.025,-10.6007,0,Membrana
0.055,-10.6007,0,Membrana
0.135,-10.6007,0,Membrana
0.215,-10.6007,0,Membrana
0.295,-10.6007,0,Membrana
0.375,-10.6007,0,Membrana
0.455,-10.6007,0,Membrana
0.535,-10.6007,0,Membrana
0.615,-10.6007,0,Membrana
0.695,-10.6007,0,Membrana
0.775,-10.6007,0,Membrana
0.855,-10.6007,0,Membrana
0.935,-10.6007,0,Membrana
1.015,-10.6007,0,Membrana
1.095,-10.6007,0,Membrana
1.175,-10.6007,0,Membrana
1.255,-10.6007,0,Membrana
1.335,-10.6007,0,Membrana
1.415,-10.6007,0,Membrana
1.495,-10.6007,0,Membrana
1.575,-10.6007,0,Membrana
1.655,-10.6007,0,Membrana
1.735,-10.6007,0,Membrana
1.815,-10.6007,0,Membrana
1.895,-10.6007,0,Membrana
1.975,-10.6007,0,Membrana
2.055,-10.6007,0,Membrana
2.135,-10.6007,0,Membrana
2.215,-10.6007,0,Membrana
2.295,-10.6007,0,Membrana
-2.465,-10.5315,0,Membrana
-2.385,-10.5315,0,Membrana
-2.305,-10.5315,0,Membrana
-2.225,-10.5315,0,Membrana
-2.145,-10.5315,0,Membrana
-2.065,-10.5315,0,Membrana
-1.985,-10.5315,0,Membrana
-1.905,-10.5315,0,Membrana
-1.825,-10.5315,0,Membrana
-1.745,-10.5315,0,Membrana
-1.665,-10.5315,0,Membrana
-1.585,-10.5315,0,Membrana
-1.505,-10.5315,0,Membrana
-1.425,-10.5315,0,Membrana
-1.345,-10.5315,0,Membrana
-1.265,-10.5315,0,Membrana
-1.185,-10.5315,0,Membrana
-1.105,-10.5315,0,Membrana
-1.025,-10.5315,0,Membrana
-0.945,-10.5315,0,Membrana
-0.865,-10.5315,0,Membrana
-0.785,-10.5315,0,Membrana
-0.705,-10.5315,0,Membrana
-0.625,-10.5315,0,Membrana
-0.545,-10.5315,0,Membrana
-0.465,-10.5315,0,Membrana
-0.385,-10.5315,0,Membrana
-0.305,-10.5315,0,Membrana
-0.225,-10.5315,0,Membrana
-0.145,-10.5315,0,Membrana
-0.065,-10.5315,0,Membrana
0.015,-10.5315,0,Membrana
0.095,-10.5315,0,Membrana
0.175,-10.5315,0,Membrana
0.255,-10.5315,0,Membrana
0.335,-10.5315,0,Membrana
0.415,-10.5315,0,Membrana
0.495,-10.5315,0,Membrana
0.575,-10.5315,0,Membrana
0.655,-10.5315,0,Membrana
0.735,-10.5315,0,Membrana
0.815,-10.5315,0,Membrana
0.895,-10.5315,0,Membrana
0.975,-10.5315,0,Membrana
1.055,-10.5315,0,Membrana
1.135,-10.5315,0,Membrana
1.215,-10.5315,0,Membrana
1.295,-10.5315,0,Membrana
1.375,-10.5315,0,Membrana
1.455,-10.5315,0,Membrana
1.535,-10.5315,0,Membrana
1.615,-10.5315,0,Membrana
1.695,-10.5315,0,Membrana
1.775,-10.5315,0,Membrana
1.855,-10.5315,0,Membrana
1.935,-10.5315,0,Membrana
2.015,-10.5315,0,Membrana
2.095,-10.5315,0,Membrana
2.175,-10.5315,0,Membrana
2.255,-10.5315,0,Membrana
2.335,-10.5315,0,Membrana
2.415,-10.5315,0,Membrana
2.495,-10.5315,0,Membrana
-2.585,-10.4622,0,Membrana
-2.505,-10.4622,0,Membrana
-2.425,-10.4622,0,Membrana
-2.345,-10.4622,0,Membrana
-2.265,-10.4622,0,Membrana
-2.185,-10.4622,0,Membrana
-2.105,-10.4622,0,Membrana
-2.025,-10.4622,0,Membrana
-1.945,-10.4622,0,Membrana
-1.865,-10.4622,0,Membrana
-1.785,-10.4622,0,Membrana
-1.705,-10.4622,0,Membrana
-1.625,-10.4622,0,Membrana
-1.545,-10.4622,0,Membrana
-1.465,-10.4622,0,Membrana
-1.385,-10.4622,0,Membrana
-1.305,-10.4622,0,Membrana
-1.225,-10.4622,0,Membrana
-1.145,-10.4622,0,Membrana
-1.065,-10.4622,0,Membrana
-0.985,-10.4622,0,Membrana
-0.905,-10.4622,0,Membrana
-0.825,-10.4622,0,Membrana
-0.745,-10.4622,0,Membrana
-0.665,-10.4622,0,Membrana
-0.585,-10.4622,0,Membrana
-0.505,-10.4622,0,Membrana
-0.425,-10.4622,0,Membrana
-0.345,-10.4622,0,Membrana
-0.265,-10.4622,0,Membrana
-0.185,-10.4622,0,Membrana
-0.105,-10.4622,0,Membrana
-0.025,-10.4622,0,Membrana
0.055,-10.4622,0,Membrana
0.135,-10.4622,0,Membrana
0.215,-10.4622,0,Membrana
0.295,-10.4622,0,Membrana
0.375,-10.4622,0,Membrana
0.455,-10.4622,0,Membrana
0.535,-10.4622,0,Membrana
0.615,-10.4622,0,Membrana
0.695,-10.4622,0,Membrana
0.775,-10.4622,0,Membrana
0.855,-10.4622,0,Membrana
0.935,-10.4622,0,Membrana
1.015,-10.4622,0,Membrana
1.095,-10.4622,0,Membrana
1.175,-10.4622,0,Membrana
1.255,-10.4622,0,Membrana
1.335,-10.4622,0,Membrana
1.415,-10.4622,0,Membrana
1.495,-10.4622,0,Membrana
1.575,-10.4622,0,Membrana
1.655,-10.4622,0,Membrana
1.735,-10.4622,0,Membrana
1.815,-10.4622,0,Membrana
1.895,-10.4622,0,Membrana
1.975,-10.4622,0,Membrana
2.055,-10.4622,0,Membrana
2.135,-10.4622,0,Membrana
2.215,-10.4622,0,Membrana
2.295,-10.4622,0,Membrana
2.375,-10.4622,0,Membrana
2.455,-10.4622,0,Membrana
2.535,-10.4622,0,Membrana
2.615,-10.4622,0,Membrana
-2.705,-10.3929,0,Membrana
-2.625,-10.3929,0,Membrana
-2.545,-10.3929,0,Membrana
-2.465,-10.3929,0,Membrana
-2.385,-10.3929,0,Membrana
-2.305,-10.3929,0,Membrana
-2.225,-10.3929,0,Membrana
-2.145,-10.3929,0,Membrana
-2.065,-10.3929,0,Membrana
-1.985,-10.3929,0,Membrana
-1.905,-10.3929,0,Membrana
-1.825,-10.3929,0,Membrana
-1.745,-10.3929,0,Membrana
-1.665,-10.3929,0,Membrana
-1.585,-10.3929,0,Membrana
-1.505,-10.3929,0,Membrana
-1.425,-10.3929,0,Membrana
-1.345,-10.3929,0,Membrana
-1.265,-10.3929,0,Membrana
-1.185,-10.3929,0,Membrana
-1.105,-10.3929,0,Membrana
-1.025,-10.3929,0,Membrana
-0.945,-10.3929,0,Membrana
-0.865,-10.3929,0,Membrana
-0.785,-10.3929,0,Membrana
-0.705,-10.3929,0,Membrana
-0.625,-10.3929,0,Membrana
-0.545,-10.3929,0,Membrana
-0.465,-10.3929,0,Membrana
-0.385,-10.3929,0,Membrana
-0.305,-10.3929,0,Membrana
-0.225,-10.3929,0,Membrana
-0.145,-10.3929,0,Membrana
-0.065,-10.3929,0,Membrana
0.015,-10.3929,0,Membrana
0.095,-10.3929,0,Membrana
0.175,-10.3929,0,Membrana
0.255,-10.3929,0,Membrana
0.335,-10.3929,0,Membrana
0.415,-10.3929,0,Membrana
0.495,-10.3929,0,Membrana
0.575,-10.3929,0,Membrana
0.655,-10.3929,0,Membrana
0.735,-10.3929,0,Membrana
0.815,-10.3929,0,Membrana
0.895,-10.3929,0,Membrana
0.975,-10.3929,0,Membrana
1.055,-10.3929,0,Membrana
1.135,-10.3929,0,Membrana
1.215,-10.3929,0,Membrana
1.295,-10.3929,0,Membrana
1.375,-10.3929,0,Membrana
1.455,-10.3929,0,Membrana
1.535,-10.3929,0,Membrana
1.615,-10.3929,0,Membrana
1.695,-10.3929,0,Membrana
1.775,-10.3929,0,Membrana
1.855,-10.3929,0,Membrana
1.935,-10.3929,0,Membrana
2.015,-10.3929,0,Membrana
2.095,-10.3929,0,Membrana
2.175,-10.3929,0,Membrana
2.255,-10.3929,0,Membrana
2.335,-10.3929,0,Membrana
2.415,-10.3929,0,Membrana
2.495,-10.3929,0,Membrana
2.575,-10.3929,0,Membrana
2.655,-10.3929,0,Membrana
2.735,-10.3929,0,Membrana
-2.825,-10.3236,0,Membrana
-2.745,-10.3236,0,Membrana
-2.665,-10.3236,0,Membrana
-2.585,-10.3236,0,Membrana
-2.505,-10.3236,0,Membrana
-2.425,-10.3236,0,Membrana
-2.345,-10.3236,0,Membrana
-2.265,-10.3236,0,Membrana
-2.185,-10.3236,0,Membrana
-2.105,-10.3236,0,Membrana
-2.025,-10.3236,0,Membrana
-1.945,-10.3236,0,Membrana
-1.865,-10.3236,0,Membrana
-1.785,-10.3236,0,Membrana
-1.705,-10.3236,0,Membrana
-1.625,-10.3236,0,Membrana
-1.545,-10.3236,0,Membrana
-1.465,-10.3236,0,Membrana
-1.385,-10.3236,0,Membrana
-1.305,-10.3236,0,Membrana
-1.225,-10.3236,0,Membrana
-1.145,-10.3236,0,Membrana
-1.065,-10.3236,0,Membrana
-0.985,-10.3236,0,Membrana
-0.905,-10.3236,0,Membrana
-0.825,-10.3236,0,Membrana
-0.745,-10.3236,0,Membrana
-0.665,-10.3236,0,Membrana
-0.585,-10.3236,0,Membrana
-0.505,-10.3236,0,Membrana
-0.425,-10.3236,0,Membrana
-0.345,-10.3236,0,Membrana
-0.265,-10.3236,0,Membrana
-0.185,-10.3236,0,Membrana
-0.105,-10.3236,0,Membrana
-0.025,-10.3236,0,Membrana
0.055,-10.3236,0,Membrana
0.135,-10.3236,0,Membrana
0.215,-10.3236,0,Membrana
0.295,-10.3236,0,Membrana
0.375,-10.3236,0,Membrana
0.455,-10.3236,0,Membrana
0.535,-10.3236,0,Membrana
0.615,-10.3236,0,Membrana
0.695,-10.3236,0,Membrana
0.775,-10.3236,0,Membrana
0.855,-10.3236,0,Membrana
0.935,-10.3236,0,Membrana
1.015,-10.3236,0,Membrana
1.095,-10.3236,0,Membrana
1.175,-10.3236,0,Membrana
1.255,-10.3236,0,Membrana
1.335,-10.3236,0,Membrana
1.415,-10.3236,0,Membrana
1.495,-10.3236,0,Membrana
1.575,-10.3236,0,Membrana
1.655,-10.3236,0,Membrana
1.735,-10.3236,0,Membrana
1.815,-10.3236,0,Membrana
1.895,-10.3236,0,Membrana
1.975,-10.3236,0,Membrana
2.055,-10.3236,0,Membrana
2.135,-10.3236,0,Membrana
2.215,-10.3236,0,Membrana
2.295,-10.3236,0,Membrana
2.375,-10.3236,0,Membrana
2.455,-10.3236,0,Membrana
2.535,-10.3236,0,Membrana
2.615,-10.3236,0,Membrana
2.695,-10.3236,0,Membrana
2.775,-10.3236,0,Membrana
-2.945,-10.2543,0,Membrana
-2.865,-10.2543,0,Membrana
-2.785,-10.2543,0,Membrana
-2.705,-10.2543,0,Membrana
-2.625,-10.2543,0,Membrana
-2.545,-10.2543,0,Membrana
-2.465,-10.2543,0,Membrana
-2.385,-10.2543,0,Membrana
-2.305,-10.2543,0,Membrana
-2.225,-10.2543,0,Membrana
-2.145,-10.2543,0,Membrana
-2.065,-10.2543,0,Membrana
-1.985,-10.2543,0,Membrana
-1.905,-10.2543,0,Membrana
-1.825,-10.2543,0,Membrana
-1.745,-10.2543,0,Membrana
-1.665,-10.2543,0,Membrana
-1.585,-10.2543,0,Membrana
-1.505,-10.2543,0,Membrana
-1.425,-10.2543,0,Membrana
-1.345,-10.2543,0,Membrana
-1.265,-10.2543,0,Membrana
-1.185,-10.2543,0,Membrana
-1.105,-10.2543,0,Membrana
-1.025,-10.2543,0,Membrana
-0.945,-10.2543,0,Membrana
-0.865,-10.2543,0,Membrana
-0.785,-10.2543,0,Membrana
-0.705,-10.2543,0,Membrana
-0.625,-10.2543,0,Membrana
-0.545,-10.2543,0,Membrana
-0.465,-10.2543,0,Membrana
-0.385,-10.2543,0,Membrana
-0.305,-10.2543,0,Membrana
-0.225,-10.2543,0,Membrana
-0.145,-10.2543,0,Membrana
-0.065,-10.2543,0,Membrana
0.015,-10.2543,0,Membrana
0.095,-10.2543,0,Membrana
0.175,-10.2543,0,Membrana
0.255,-10.2543,0,Membrana
0.335,-10.2543,0,Membrana
0.415,-10.2543,0,Membrana
0.495,-10.2543,0,Membrana
0.575,-10.2543,0,Membrana
0.655,-10.2543,0,Membrana
0.735,-10.2543,0,Membrana
0.815,-10.2543,0,Membrana
0.895,-10.2543,0,Membrana
0.975,-10.2543,0,Membrana
1.055,-10.2543,0,Membrana
1.135,-10.2543,0,Membrana
1.215,-10.2543,0,Membrana
1.295,-10.2543,0,Membrana
1.375,-10.2543,0,Membrana
1.455,-10.2543,0,Membrana
1.535,-10.2543,0,Membrana
1.615,-10.2543,0,Membrana
1.695,-10.2543,0,Membrana
1.775,-10.2543,0,Membrana
1.855,-10.2543,0,Membrana
1.935,-10.2543,0,Membrana
2.015,-10.2543,0,Membrana
2.095,-10.2543,0,Membrana
2.175,-10.2543,0,Membrana
2.255,-10.2543,0,Membrana
2.335,-10.2543,0,Membrana
2.415,-10.2543,0,Membrana
2.495,-10.2543,0,Membrana
2.575,-10.2543,0,Membrana
2.655,-10.2543,0,Membrana
2.735,-10.2543,0,Membrana
2.815,-10.2543,0,Membrana
2.895,-10.2543,0,Membrana
-2.985,-10.1851,0,Membrana
-2.905,-10.1851,0,Membrana
-2.825,-10.1851,0,Membrana
-2.745,-10.1851,0,Membrana
-2.665,-10.1851,0,Membrana
-2.585,-10.1851,0,Membrana
-2.505,-10.1851,0,Membrana
-2.425,-10.1851,0,Membrana
-2.345,-10.1851,0,Membrana
-2.265,-10.1851,0,Membrana
-2.185,-10.1851,0,Membrana
-2.105,-10.1851,0,Membrana
-2.025,-10.1851,0,Membrana
-1.945,-10.1851,0,Membrana
-1.865,-10.1851,0,Membrana
-1.785,-10.1851,0,Membrana
-1.705,-10.1851,0,Membrana
-1.625,-10.1851,0,Membrana
-1.545,-10.1851,0,Membrana
-1.465,-10.1851,0,Membrana
-1.385,-10.1851,0,Membrana
-1.305,-10.1851,0,Membrana
-1.225,-10.1851,0,Membrana
-1.145,-10.1851,0,Membrana
-1.065,-10.1851,0,Membrana
-0.985,-10.1851,0,Membrana
-0.905,-10.1851,0,Membrana
-0.825,-10.1851,0,Membrana
-0.745,-10.1851,0,Membrana
-0.665,-10.1851,0,Membrana
-0.585,-10.1851,0,Membrana
-0.505,-10.1851,0,Membrana
-0.425,-10.1851,0,Membrana
-0.345,-10.1851,0,Membrana
-0.265,-10.1851,0,Membrana
-0.185,-10.1851,0,Membrana
-0.105,-10.1851,0,Membrana
-0.025,-10.1851,0,Membrana
0.055,-10.1851,0,Membrana
0.135,-10.1851,0,Membrana
0.215,-10.1851,0,Membrana
0.295,-10.1851,0,Membrana
0.375,-10.1851,0,Membrana
0.455,-10.1851,0,Membrana
0.535,-10.1851,0,Membrana
0.615,-10.1851,0,Membrana
0.695,-10.1851,0,Membrana
0.775,-10.1851,0,Membrana
0.855,-10.1851,0,Membrana
0.935,-10.1851,0,Membrana
1.015,-10.1851,0,Membrana
1.095,-10.1851,0,Membrana
1.175,-10.1851,0,Membrana
1.255,-10.1851,0,Membrana
1.335,-10.1851,0,Membrana
1.415,-10.1851,0,Membrana
1.495,-10.1851,0,Membrana
1.575,-10.1851,0,Membrana
1.655,-10.1851,0,Membrana
1.735,-10.1851,0,Membrana
1.815,-10.1851,0,Membrana
1.895,-10.1851,0,Membrana
1.975,-10.1851,0,Membrana
2.055,-10.1851,0,Membrana
2.135,-10.1851,0,Membrana
2.215,-10.1851,0,Membrana
2.295,-10.1851,0,Membrana
2.375,-10.1851,0,Membrana
2.455,-10.1851,0,Membrana
2.535,-10.1851,0,Membrana
2.615,-10.1851,0,Membrana
2.695,-10.1851,0,Membrana
2.775,-10.1851,0,Membrana
2.855,-10.1851,0,Membrana
2.935,-10.1851,0,Membrana
3.015,-10.1851,0,Membrana
-3.105,-10.1158,0,Membrana
-3.025,-10.1158,0,Membrana
-2.945,-10.1158,0,Membrana
-2.865,-10.1158,0,Membrana
-2.785,-10.1158,0,Membrana
-2.705,-10.1158,0,Membrana
-2.625,-10.1158,0,Membrana
-2.545,-10.1158,0,Membrana
-2.465,-10.1158,0,Membrana
-2.385,-10.1158,0,Membrana
-2.305,-10.1158,0,Membrana
-2.225,-10.1158,0,Membrana
-2.145,-10.1158,0,Membrana
-2.065,-10.1158,0,Membrana
-1.985,-10.1158,0,Membrana
-1.905,-10.1158,0,Membrana
-1.825,-10.1158,0,Membrana
-1.745,-10.1158,0,Membrana
-1.665,-10.1158,0,Membrana
-1.585,-10.1158,0,Membrana
-1.505,-10.1158,0,Membrana
-1.425,-10.1158,0,Membrana
-1.345,-10.1158,0,Membrana
-1.265,-10.1158,0,Membrana
-1.185,-10.1158,0,Membrana
-1.105,-10.1158,0,Membrana
-1.025,-10.1158,0,Membrana
-0.945,-10.1158,0,Membrana
-0.865,-10.1158,0,Membrana
-0.785,-10.1158,0,Membrana
-0.705,-10.1158,0,Membrana
-0.625,-10.1158,0,Membrana
0.655,-10.1158,0,Membrana
0.735,-10.1158,0,Membrana
0.815,-10.1158,0,Membrana
0.895,-10.1158,0,Membrana
0.975,-10.1158,0,Membrana
1.055,-10.1158,0,Membrana
1.135,-10.1158,0,Membrana
1.215,-10.1158,0,Membrana
1.295,-10.1158,0,Membrana
1.375,-10.1158,0,Membrana
1.455,-10.1158,0,Membrana
1.535,-10.1158,0,Membrana
1.615,-10.1158,0,Membrana
1.695,-10.1158,0,Membrana
1.775,-10.1158,0,Membrana
1.855,-10.1158,0,Membrana
1.935,-10.1158,0,Membrana
2.015,-10.1158,0,Membrana
2.095,-10.1158,0,Membrana
2.175,-10.1158,0,Membrana
2.255,-10.1158,0,Membrana
2.335,-10.1158,0,Membrana
2.415,-10.1158,0,Membrana
2.495,-10.1158,0,Membrana
2.575,-10.1158,0,Membrana
2.655,-10.1158,0,Membrana
2.735,-10.1158,0,Membrana
2.815,-10.1158,0,Membrana
2.895,-10.1158,0,Membrana
2.975,-10.1158,0,Membrana
3.055,-10.1158,0,Membrana
3.135,-10.1158,0,Membrana
-3.225,-10.0465,0,Membrana
-3.145,-10.0465,0,Membrana
-3.065,-10.0465,0,Membrana
-2.985,-10.0465,0,Membrana
-2.905,-10.0465,0,Membrana
-2.825,-10.0465,0,Membrana
-2.745,-10.0465,0,Membrana
-2.665,-10.0465,0,Membrana
-2.585,-10.0465,0,Membrana
-2.505,-10.0465,0,Membrana
-2.425,-10.0465,0,Membrana
-2.345,-10.0465,0,Membrana
-2.265,-10.0465,0,Membrana
-2.185,-10.0465,0,Membrana
-2.105,-10.0465,0,Membrana
-2.025,-10.0465,0,Membrana
-1.945,-10.0465,0,Membrana
-1.865,-10.0465,0,Membrana
-1.785,-10.0465,0,Membrana
-1.705,-10.0465,0,Membrana
-1.625,-10.0465,0,Membrana
-1.545,-10.0465,0,Membrana
-1.465,-10.0465,0,Membrana
-1.385,-10.0465,0,Membrana
-1.305,-10.0465,0,Membrana
-1.225,-10.0465,0,Membrana
-1.145,-10.0465,0,Membrana
-1.065,-10.0465,0,Membrana
-0.985,-10.0465,0,Membrana
1.015,-10.0465,0,Membrana
1.095,-10.0465,0,Membrana
1.175,-10.0465,0,Membrana
1.255,-10.0465,0,Membrana
1.335,-10.0465,0,Membrana
1.415,-10.0465,0,Membrana
1.495,-10.0465,0,Membrana
1.575,-10.0465,0,Membrana
1.655,-10.0465,0,Membrana
1.735,-10.0465,0,Membrana
1.815,-10.0465,0,Membrana
1.895,-10.0465,0,Membrana
1.975,-10.0465,0,Membrana
2.055,-10.0465,0,Membrana
2.135,-10.0465,0,Membrana
2.215,-10.0465,0,Membrana
2.295,-10.0465,0,Membrana
2.375,-10.0465,0,Membrana
2.455,-10.0465,0,Membrana
2.535,-10.0465,0,Membrana
2.615,-10.0465,0,Membrana
2.695,-10.0465,0,Membrana
2.775,-10.0465,0,Membrana
2.855,-10.0465,0,Membrana
2.935,-10.0465,0,Membrana
3.015,-10.0465,0,Membrana
3.095,-10.0465,0,Membrana
3.175,-10.0465,0,Membrana
-3.265,-9.9772,0,Membrana
-3.185,-9.9772,0,Membrana
-3.105,-9.9772,0,Membrana
-3.025,-9.9772,0,Membrana
-2.945,-9.9772,0,Membrana
-2.865,-9.9772,0,Membrana
-2.785,-9.9772,0,Membrana
-2.705,-9.9772,0,Membrana
-2.625,-9.9772,0,Membrana
-2.545,-9.9772,0,Membrana
-2.465,-9.9772,0,Membrana
-2.385,-9.9772,0,Membrana
-2.305,-9.9772,0,Membrana
-2.225,-9.9772,0,Membrana
-2.145,-9.9772,0,Membrana
-2.065,-9.9772,0,Membrana
-1.985,-9.9772,0,Membrana
-1.905,-9.9772,0,Membrana
-1.825,-9.9772,0,Membrana
-1.745,-9.9772,0,Membrana
-1.665,-9.9772,0,Membrana
-1.585,-9.9772,0,Membrana
-1.505,-9.9772,0,Membrana
-1.425,-9.9772,0,Membrana
-1.345,-9.9772,0,Membrana
-1.265,-9.9772,0,Membrana
1.295,-9.9772,0,Membrana
1.375,-9.9772,0,Membrana
1.455,-9.9772,0,Membrana
1.535,-9.9772,0,Membrana
1.615,-9.9772,0,Membrana
1.695,-9.9772,0,Membrana
1.775,-9.9772,0,Membrana
1.855,-9.9772,0,Membrana
1.935,-9.9772,0,Membrana
2.015,-9.9772,0,Membrana
2.095,-9.9772,0,Membrana
2.175,-9.9772,0,Membrana
2.255,-9.9772,0,Membrana
2.335,-9.9772,0,Membrana
2.415,-9.9772,0,Membrana
2.495,-9.9772,0,Membrana
2.575,-9.9772,0,Membrana
2.655,-9.9772,0,Membrana
2.735,-9.9772,0,Membrana
2.815,-9.9772,0,Membrana
2.895,-9.9772,0,Membrana
2.975,-9.9772,0,Membrana
3.055,-9.9772,0,Membrana
3.135,-9.9772,0,Membrana
3.215,-9.9772,0,Membrana
3.295,-9.9772,0,Membrana
-3.385,-9.9079,0,Membrana
-3.305,-9.9079,0,Membrana
-3.225,-9.9079,0,Membrana
-3.145,-9.9079,0,Membrana
-3.065,-9.9079,0,Membrana
-2.985,-9.9079,0,Membrana
-2.905,-9.9079,0,Membrana
-2.825,-9.9079,0,Membrana
-2.745,-9.9079,0,Membrana
-2.665,-9.9079,0,Membrana
-2.585,-9.9079,0,Membrana
-2.505,-9.9079,0,Membrana
-2.425,-9.9079,0,Membrana
-2.345,-9.9079,0,Membrana
-2.265,-9.9079,0,Membrana
-2.185,-9.9079,0,Membrana
-2.105,-9.9079,0,Membrana
-2.025,-9.9079,0,Membrana
-1.945,-9.9079,0,Membrana
-1.865,-9.9079,0,Membrana
-1.785,-9.9079,0,Membrana
-1.705,-9.9079,0,Membrana
-1.625,-9.9079,0,Membrana
-1.545,-9.9079,0,Membrana
-1.465,-9.9079,0,Membrana
1.495,-9.9079,0,Membrana
1.575,-9.9079,0,Membrana
1.655,-9.9079,0,Membrana
1.735,-9.9079,0,Membrana
1.815,-9.9079,0,Membrana
1.895,-9.9079,0,Membrana
1.975,-9.9079,0,Membrana
2.055,-9.9079,0,Membrana
2.135,-9.9079,0,Membrana
2.215,-9.9079,0,Membrana
2.295,-9.9079,0,Membrana
2.375,-9.9079,0,Membrana
2.455,-9.9079,0,Membrana
2.535,-9.9079,0,Membrana
2.615,-9.9079,0,Membrana
2.695,-9.9079,0,Membrana
2.775,-9.9079,0,Membrana
2.855,-9.9079,0,Membrana
2.935,-9.9079,0,Membrana
3.015,-9.9079,0,Membrana
3.095,-9.9079,0,Membrana
3.175,-9.9079,0,Membrana
3.255,-9.9079,0,Membrana
3.335,-9.9079,0,Membrana
3.415,-9.9079,0,Membrana
-3.425,-9.8386,0,Membrana
-3.345,-9.8386,0,Membrana
-3.265,-9.8386,0,Membrana
-3.185,-9.8386,0,Membrana
-3.105,-9.8386,0,Membrana
-3.025,-9.8386,0,Membrana
-2.945,-9.8386,0,Membrana
-2.865,-9.8386,0,Membrana
-2.785,-9.8386,0,Membrana
-2.705,-9.8386,0,Membrana
-2.625,-9.8386,0,Membrana
-2.545,-9.8386,0,Membrana
-2.465,-9.8386,0,Membrana
-2.385,-9.8386,0,Membrana
-2.305,-9.8386,0,Membrana
-2.225,-9.8386,0,Membrana
-2.145,-9.8386,0,Membrana
-2.065,-9.8386,0,Membrana
-1.985,-9.8386,0,Membrana
-1.905,-9.8386,0,Membrana
-1.825,-9.8386,0,Membrana
-1.745,-9.8386,0,Membrana
-1.665,-9.8386,0,Membrana
1.695,-9.8386,0,Membrana
1.775,-9.8386,0,Membrana
1.855,-9.8386,0,Membrana
1.935,-9.8386,0,Membrana
2.015,-9.8386,0,Membrana
2.095,-9.8386,0,Membrana
2.175,-9.8386,0,Membrana
2.255,-9.8386,0,Membrana
2.335,-9.8386,0,Membrana
2.415,-9.8386,0,Membrana
2.495,-9.8386,0,Membrana
2.575,-9.8386,0,Membrana
2.655,-9.8386,0,Membrana
2.735,-9.8386,0,Membrana
2.815,-9.8386,0,Membrana
2.895,-9.8386,0,Membrana
2.975,-9.8386,0,Membrana
3.055,-9.8386,0,Membrana
3.135,-9.8386,0,Membrana
3.215,-9.8386,0,Membrana
3.295,-9.8386,0,Membrana
3.375,-9.8386,0,Membrana
3.455,-9.8386,0,Membrana
-3.545,-9.7694,0,Membrana
-3.465,-9.7694,0,Membrana
-3.385,-9.7694,0,Membrana
-3.305,-9.7694,0,Membrana
-3.225,-9.7694,0,Membrana
-3.145,-9.7694,0,Membrana
-3.065,-9.7694,0,Membrana
-2.985,-9.7694,0,Membrana
-2.905,-9.7694,0,Membrana
-2.825,-9.7694,0,Membrana
-2.745,-9.7694,0,Membrana
-2.665,-9.7694,0,Membrana
-2.585,-9.7694,0,Membrana
-2.505,-9.7694,0,Membrana
-2.425,-9.7694,0,Membrana
-2.345,-9.7694,0,Membrana
-2.265,-9.7694,0,Membrana
-2.185,-9.7694,0,Membrana
-2.105,-9.7694,0,Membrana
-2.025,-9.7694,0,Membrana
-1.945,-9.7694,0,Membrana
-1.865,-9.7694,0,Membrana
-1.785,-9.7694,0,Membrana
1.815,-9.7694,0,Membrana
1.895,-9.7694,0,Membrana
1.975,-9.7694,0,Membrana
2.055,-9.7694,0,Membrana
2.135,-9.7694,0,Membrana
2.215,-9.7694,0,Membrana
2.295,-9.7694,0,Membrana
2.375,-9.7694,0,Membrana
2.455,-9.7694,0,Membrana
2.535,-9.7694,0,Membrana
2.615,-9.7694,0,Membrana
2.695,-9.7694,0,Membrana
2.775,-9.7694,0,Membrana
2.855,-9.7694,0,Membrana
2.935,-9.7694,0,Membrana
3.015,-9.7694,0,Membrana
3.095,-9.7694,0,Membrana
3.175,-9.7694,0,Membrana
3.255,-9.7694,0,Membrana
3.335,-9.7694,0,Membrana
3.415,-9.7694,0,Membrana
3.495,-9.7694,0,Membrana
3.575,-9.7694,0,Membrana
-3.585,-9.7001,0,Membrana
-3.505,-9.7001,0,Membrana
-3.425,-9.7001,0,Membrana
-3.345,-9.7001,0,Membrana
-3.265,-9.7001,0,Membrana
-3.185,-9.7001,0,Membrana
-3.105,-9.7001,0,Membrana
-3.025,-9.7001,0,Membrana
-2.945,-9.7001,0,Membrana
-2.865,-9.7001,0,Membrana
-2.785,-9.7001,0,Membrana
-2.705,-9.7001,0,Membrana
-2.625,-9.7001,0,Membrana
-2.545,-9.7001,0,Membrana
-2.465,-9.7001,0,Membrana
-2.385,-9.7001,0,Membrana
-2.305,-9.7001,0,Membrana
-2.225,-9.7001,0,Membrana
-2.145,-9.7001,0,Membrana
-2.065,-9.7001,0,Membrana
-1.985,-9.7001,0,Membrana
1.935,-9.7001,0,Membrana
2.015,-9.7001,0,Membrana
2.095,-9.7001,0,Membrana
2.175,-9.7001,0,Membrana
2.255,-9.7001,0,Membrana
2.335,-9.7001,0,Membrana
2.415,-9.7001,0,Membrana
2.495,-9.7001,0,Membrana
2.575,-9.7001,0,Membrana
2.655,-9.7001,0,Membrana
2.735,-9.7001,0,Membrana
2.815,-9.7001,0,Membrana
2.895,-9.7001,0,Membrana
2.975,-9.7001,0,Membrana
3.055,-9.7001,0,Membrana
3.135,-9.7001,0,Membrana
3.215,-9.7001,0,Membrana
3.295,-9.7001,0,Membrana
3.375,-9.7001,0,Membrana
3.455,-9.7001,0,Membrana
3.535,-9.7001,0,Membrana
3.615,-9.7001,0,Membrana
-3.705,-9.6308,0,Membrana
-3.625,-9.6308,0,Membrana
-3.545,-9.6308,0,Membrana
-3.465,-9.6308,0,Membrana
-3.385,-9.6308,0,Membrana
-3.305,-9.6308,0,Membrana
-3.225,-9.6308,0,Membrana
-3.145,-9.6308,0,Membrana
-3.065,-9.6308,0,Membrana
-2.985,-9.6308,0,Membrana
-2.905,-9.6308,0,Membrana
-2.825,-9.6308,0,Membrana
-2.745,-9.6308,0,Membrana
-2.665,-9.6308,0,Membrana
-2.585,-9.6308,0,Membrana
-2.505,-9.6308,0,Membrana
-2.425,-9.6308,0,Membrana
-2.345,-9.6308,0,Membrana
-2.265,-9.6308,0,Membrana
-2.185,-9.6308,0,Membrana
-2.105,-9.6308,0,Membrana
2.135,-9.6308,0,Membrana
2.215,-9.6308,0,Membrana
2.295,-9.6308,0,Membrana
2.375,-9.6308,0,Membrana
2.455,-9.6308,0,Membrana
2.535,-9.6308,0,Membrana
2.615,-9.6308,0,Membrana
2.695,-9.6308,0,Membrana
2.775,-9.6308,0,Membrana
2.855,-9.6308,0,Membrana
2.935,-9.6308,0,Membrana
3.015,-9.6308,0,Membrana
3.095,-9.6308,0,Membrana
3.175,-9.6308,0,Membrana
3.255,-9.6308,0,Membrana
3.335,-9.6308,0,Membrana
3.415,-9.6308,0,Membrana
3.495,-9.6308,0,Membrana
3.575,-9.6308,0,Membrana
3.655,-9.6308,0,Membrana
-3.745,-9.5615,0,Membrana
-3.665,-9.5615,0,Membrana
-3.585,-9.5615,0,Membrana
-3.505,-9.5615,0,Membrana
-3.425,-9.5615,0,Membrana
-3.345,-9.5615,0,Membrana
-3.265,-9.5615,0,Membrana
-3.185,-9.5615,0,Membrana
-3.105,-9.5615,0,Membrana
-3.025,-9.5615,0,Membrana
-2.945,-9.5615,0,Membrana
-2.865,-9.5615,0,Membrana
-2.785,-9.5615,0,Membrana
-2.705,-9.5615,0,Membrana
-2.625,-9.5615,0,Membrana
-2.545,-9.5615,0,Membrana
-2.465,-9.5615,0,Membrana
-2.385,-9.5615,0,Membrana
-2.305,-9.5615,0,Membrana
-2.225,-9.5615,0,Membrana
2.255,-9.5615,0,Membrana
2.335,-9.5615,0,Membrana
2.415,-9.5615,0,Membrana
2.495,-9.5615,0,Membrana
2.575,-9.5615,0,Membrana
2.655,-9.5615,0,Membrana
2.735,-9.5615,0,Membrana
2.815,-9.5615,0,Membrana
2.895,-9.5615,0,Membrana
2.975,-9.5615,0,Membrana
3.055,-9.5615,0,Membrana
3.135,-9.5615,0,Membrana
3.215,-9.5615,0,Membrana
3.295,-9.5615,0,Membrana
3.375,-9.5615,0,Membrana
3.455,-9.5615,0,Membrana
3.535,-9.5615,0,Membrana
3.615,-9.5615,0,Membrana
3.695,-9.5615,0,Membrana
3.775,-9.5615,0,Membrana
-3.785,-9.4922,0,Membrana
-3.705,-9.4922,0,Membrana
-3.625,-9.4922,0,Membrana
-3.545,-9.4922,0,Membrana
-3.465,-9.4922,0,Membrana
-3.385,-9.4922,0,Membrana
-3.305,-9.4922,0,Membrana
-3.225,-9.4922,0,Membrana
-3.145,-9.4922,0,Membrana
-3.065,-9.4922,0,Membrana
-2.985,-9.4922,0,Membrana
-2.905,-9.4922,0,Membrana
-2.825,-9.4922,0,Membrana
-2.745,-9.4922,0,Membrana
-2.665,-9.4922,0,Membrana
-2.585,-9.4922,0,Membrana
-2.505,-9.4922,0,Membrana
-2.425,-9.4922,0,Membrana
-2.345,-9.4922,0,Membrana
2.375,-9.4922,0,Membrana
2.455,-9.4922,0,Membrana
2.535,-9.4922,0,Membrana
2.615,-9.4922,0,Membrana
2.695,-9.4922,0,Membrana
2.775,-9.4922,0,Membrana
2.855,-9.4922,0,Membrana
2.935,-9.4922,0,Membrana
3.015,-9.4922,0,Membrana
3.095,-9.4922,0,Membrana
3.175,-9.4922,0,Membrana
3.255,-9.4922,0,Membrana
3.335,-9.4922,0,Membrana
3.415,-9.4922,0,Membrana
3.495,-9.4922,0,Membrana
3.575,-9.4922,0,Membrana
3.655,-9.4922,0,Membrana
3.735,-9.4922,0,Membrana
3.815,-9.4922,0,Membrana
-3.905,-9.4229,0,Membrana
-3.825,-9.4229,0,Membrana
-3.745,-9.4229,0,Membrana
-3.665,-9.4229,0,Membrana
-3.585,-9.4229,0,Membrana
-3.505,-9.4229,0,Membrana
-3.425,-9.4229,0,Membrana
-3.345,-9.4229,0,Membrana
-3.265,-9.4229,0,Membrana
-3.185,-9.4229,0,Membrana
-3.105,-9.4229,0,Membrana
-3.025,-9.4229,0,Membrana
-2.945,-9.4229,0,Membrana
-2.865,-9.4229,0,Membrana
-2.785,-9.4229,0,Membrana
-2.705,-9.4229,0,Membrana
-2.625,-9.4229,0,Membrana
-2.545,-9.4229,0,Membrana
-2.465,-9.4229,0,Membrana
2.415,-9.4229,0,Membrana
2.495,-9.4229,0,Membrana
2.575,-9.4229,0,Membrana
2.655,-9.4229,0,Membrana
2.735,-9.4229,0,Membrana
2.815,-9.4229,0,Membrana
2.895,-9.4229,0,Membrana
2.975,-9.4229,0,Membrana
3.055,-9.4229,0,Membrana
3.135,-9.4229,0,Membrana
3.215,-9.4229,0,Membrana
3.295,-9.4229,0,Membrana
3.375,-9.4229,0,Membrana
3.455,-9.4229,0,Membrana
3.535,-9.4229,0,Membrana
3.615,-9.4229,0,Membrana
3.695,-9.4229,0,Membrana
3.775,-9.4229,0,Membrana
3.855,-9.4229,0,Membrana
-3.945,-9.3537,0,Membrana
-3.865,-9.3537,0,Membrana
-3.785,-9.3537,0,Membrana
-3.705,-9.3537,0,Membrana
-3.625,-9.3537,0,Membrana
-3.545,-9.3537,0,Membrana
-3.465,-9.3537,0,Membrana
-3.385,-9.3537,0,Membrana
-3.305,-9.3537,0,Membrana
-3.225,-9.3537,0,Membrana
-3.145,-9.3537,0,Membrana
-3.065,-9.3537,0,Membrana
-2.985,-9.3537,0,Membrana
-2.905,-9.3537,0,Membrana
-2.825,-9.3537,0,Membrana
-2.745,-9.3537,0,Membrana
-2.665,-9.3537,0,Membrana
-2.585,-9.3537,0,Membrana
-2.505,-9.3537,0,Membrana
2.535,-9.3537,0,Membrana
2.615,-9.3537,0,Membrana
2.695,-9.3537,0,Membrana
2.775,-9.3537,0,Membrana
2.855,-9.3537,0,Membrana
2.935,-9.3537,0,Membrana
3.015,-9.3537,0,Membrana
3.095,-9.3537,0,Membrana
3.175,-9.3537,0,Membrana
3.255,-9.3537,0,Membrana
3.335,-9.3537,0,Membrana
3.415,-9.3537,0,Membrana
3.495,-9.3537,0,Membrana
3.575,-9.3537,0,Membrana
3.655,-9.3537,0,Membrana
3.735,-9.3537,0,Membrana
3.815,-9.3537,0,Membrana
3.895,-9.3537,0,Membrana
3.975,-9.3537,0,Membrana
-3.985,-9.2844,0,Membrana
-3.905,-9.2844,0,Membrana
-3.825,-9.2844,0,Membrana
-3.745,-9.2844,0,Membrana
-3.665,-9.2844,0,Membrana
-3.585,-9.2844,0,Membrana
-3.505,-9.2844,0,Membrana
-3.425,-9.2844,0,Membrana
-3.345,-9.2844,0,Membrana
-3.265,-9.2844,0,Membrana
-3.185,-9.2844,0,Membrana
-3.105,-9.2844,0,Membrana
-3.025,-9.2844,0,Membrana
-2.945,-9.2844,0,Membrana
-2.865,-9.2844,0,Membrana
-2.785,-9.2844,0,Membrana
-2.705,-9.2844,0,Membrana
-2.625,-9.2844,0,Membrana
2.655,-9.2844,0,Membrana
2.735,-9.2844,0,Membrana
2.815,-9.2844,0,Membrana
2.895,-9.2844,0,Membrana
2.975,-9.2844,0,Membrana
3.055,-9.2844,0,Membrana
3.135,-9.2844,0,Membrana
3.215,-9.2844,0,Membrana
3.295,-9.2844,0,Membrana
3.375,-9.2844,0,Membrana
3.455,-9.2844,0,Membrana
3.535,-9.2844,0,Membrana
3.615,-9.2844,0,Membrana
3.695,-9.2844,0,Membrana
3.775,-9.2844,0,Membrana
3.855,-9.2844,0,Membrana
3.935,-9.2844,0,Membrana
4.015,-9.2844,0,Membrana
-4.025,-9.2151,0,Membrana
-3.945,-9.2151,0,Membrana
-3.865,-9.2151,0,Membrana
-3.785,-9.2151,0,Membrana
-3.705,-9.2151,0,Membrana
-3.625,-9.2151,0,Membrana
-3.545,-9.2151,0,Membrana
-3.465,-9.2151,0,Membrana
-3.385,-9.2151,0,Membrana
-3.305,-9.2151,0,Membrana
-3.225,-9.2151,0,Membrana
-3.145,-9.2151,0,Membrana
-3.065,-9.2151,0,Membrana
-2.985,-9.2151,0,Membrana
-2.905,-9.2151,0,Membrana
-2.825,-9.2151,0,Membrana
-2.745,-9.2151,0,Membrana
2.695,-9.2151,0,Membrana
2.775,-9.2151,0,Membrana
2.855,-9.2151,0,Membrana
2.935,-9.2151,0,Membrana
3.015,-9.2151,0,Membrana
3.095,-9.2151,0,Membrana
3.175,-9.2151,0,Membrana
3.255,-9.2151,0,Membrana
3.335,-9.2151,0,Membrana
3.415,-9.2151,0,Membrana
3.495,-9.2151,0,Membrana
3.575,-9.2151,0,Membrana
3.655,-9.2151,0,Membrana
3.735,-9.2151,0,Membrana
3.815,-9.2151,0,Membrana
3.895,-9.2151,0,Membrana
3.975,-9.2151,0,Membrana
4.055,-9.2151,0,Membrana
-4.145,-9.1458,0,Membrana
-4.065,-9.1458,0,Membrana
-3.985,-9.1458,0,Membrana
-3.905,-9.1458,0,Membrana
-3.825,-9.1458,0,Membrana
-3.745,-9.1458,0,Membrana
-3.665,-9.1458,0,Membrana
-3.585,-9.1458,0,Membrana
-3.505,-9.1458,0,Membrana
-3.425,-9.1458,0,Membrana
-3.345,-9.1458,0,Membrana
-3.265,-9.1458,0,Membrana
-3.185,-9.1458,0,Membrana
-3.105,-9.1458,0,Membrana
-3.025,-9.1458,0,Membrana
-2.945,-9.1458,0,Membrana
-2.865,-9.1458,0,Membrana
-2.785,-9.1458,0,Membrana
2.815,-9.1458,0,Membrana
2.895,-9.1458,0,Membrana
2.975,-9.1458,0,Membrana
3.055,-9.1458,0,Membrana
3.135,-9.1458,0,Membrana
3.215,-9.1458,0,Membrana
3.295,-9.1458,0,Membrana
3.375,-9.1458,0,Membrana
3.455,-9.1458,0,Membrana
3.535,-9.1458,0,Membrana
3.615,-9.1458,0,Membrana
3.695,-9.1458,0,Membrana
3.775,-9.1458,0,Membrana
3.855,-9.1458,0,Membrana
3.935,-9.1458,0,Membrana
4.015,-9.1458,0,Membrana
4.095,-9.1458,0,Membrana
-4.185,-9.0765,0,Membrana
-4.105,-9.0765,0,Membrana
-4.025,-9.0765,0,Membrana
-3.945,-9.0765,0,Membrana
-3.865,-9.0765,0,Membrana
-3.785,-9.0765,0,Membrana
-3.705,-9.0765,0,Membrana
-3.625,-9.0765,0,Membrana
-3.545,-9.0765,0,Membrana
-3.465,-9.0765,0,Membrana
-3.385,-9.0765,0,Membrana
-3.305,-9.0765,0,Membrana
-3.225,-9.0765,0,Membrana
-3.145,-9.0765,0,Membrana
-3.065,-9.0765,0,Membrana
-2.985,-9.0765,0,Membrana
-2.905,-9.0765,0,Membrana
2.855,-9.0765,0,Membrana
2.935,-9.0765,0,Membrana
3.015,-9.0765,0,Membrana
3.095,-9.0765,0,Membrana
3.175,-9.0765,0,Membrana
3.255,-9.0765,0,Membrana
3.335,-9.0765,0,Membrana
3.415,-9.0765,0,Membrana
3.495,-9.0765,0,Membrana
3.575,-9.0765,0,Membrana
3.655,-9.0765,0,Membrana
3.735,-9.0765,0,Membrana
3.815,-9.0765,0,Membrana
3.895,-9.0765,0,Membrana
3.975,-9.0765,0,Membrana
4.055,-9.0765,0,Membrana
4.135,-9.0765,0,Membrana
-4.225,-9.0073,0,Membrana
-4.145,-9.0073,0,Membrana
-4.065,-9.0073,0,Membrana
-3.985,-9.0073,0,Membrana
-3.905,-9.0073,0,Membrana
-3.825,-9.0073,0,Membrana
-3.745,-9.0073,0,Membrana
-3.665,-9.0073,0,Membrana
-3.585,-9.0073,0,Membrana
-3.505,-9.0073,0,Membrana
-3.425,-9.0073,0,Membrana
-3.345,-9.0073,0,Membrana
-3.265,-9.0073,0,Membrana
-3.185,-9.0073,0,Membrana
-3.105,-9.0073,0,Membrana
-3.025,-9.0073,0,Membrana
-2.945,-9.0073,0,Membrana
2.975,-9.0073,0,Membrana
3.055,-9.0073,0,Membrana
3.135,-9.0073,0,Membrana
3.215,-9.0073,0,Membrana
3.295,-9.0073,0,Membrana
3.375,-9.0073,0,Membrana
3.455,-9.0073,0,Membrana
3.535,-9.0073,0,Membrana
3.615,-9.0073,0,Membrana
3.695,-9.0073,0,Membrana
3.775,-9.0073,0,Membrana
3.855,-9.0073,0,Membrana
3.935,-9.0073,0,Membrana
4.015,-9.0073,0,Membrana
4.095,-9.0073,0,Membrana
4.175,-9.0073,0,Membrana
4.255,-9.0073,0,Membrana
-4.265,-8.938,0,Membrana
-4.185,-8.938,0,Membrana
-4.105,-8.938,0,Membrana
-4.025,-8.938,0,Membrana
-3.945,-8.938,0,Membrana
-3.865,-8.938,0,Membrana
-3.785,-8.938,0,Membrana
-3.705,-8.938,0,Membrana
-3.625,-8.938,0,Membrana
-3.545,-8.938,0,Membrana
-3.465,-8.938,0,Membrana
-3.385,-8.938,0,Membrana
-3.305,-8.938,0,Membrana
-3.225,-8.938,0,Membrana
-3.145,-8.938,0,Membrana
-3.065,-8.938,0,Membrana
3.015,-8.938,0,Membrana
3.095,-8.938,0,Membrana
3.175,-8.938,0,Membrana
3.255,-8.938,0,Membrana
3.335,-8.938,0,Membrana
3.415,-8.938,0,Membrana
3.495,-8.938,0,Membrana
3.575,-8.938,0,Membrana
3.655,-8.938,0,Membrana
3.735,-8.938,0,Membrana
3.815,-8.938,0,Membrana
3.895,-8.938,0,Membrana
3.975,-8.938,0,Membrana
4.055,-8.938,0,Membrana
4.135,-8.938,0,Membrana
4.215,-8.938,0,Membrana
4.295,-8.938,0,Membrana
-4.305,-8.8687,0,Membrana
-4.225,-8.8687,0,Membrana
-4.145,-8.8687,0,Membrana
-4.065,-8.8687,0,Membrana
-3.985,-8.8687,0,Membrana
-3.905,-8.8687,0,Membrana
-3.825,-8.8687,0,Membrana
-3.745,-8.8687,0,Membrana
-3.665,-8.8687,0,Membrana
-3.585,-8.8687,0,Membrana
-3.505,-8.8687,0,Membrana
-3.425,-8.8687,0,Membrana
-3.345,-8.8687,0,Membrana
-3.265,-8.8687,0,Membrana
-3.185,-8.8687,0,Membrana
-3.105,-8.8687,0,Membrana
3.135,-8.8687,0,Membrana
3.215,-8.8687,0,Membrana
3.295,-8.8687,0,Membrana
3.375,-8.8687,0,Membrana
3.455,-8.8687,0,Membrana
3.535,-8.8687,0,Membrana
3.615,-8.8687,0,Membrana
3.695,-8.8687,0,Membrana
3.775,-8.8687,0,Membrana
3.855,-8.8687,0,Membrana
3.935,-8.8687,0,Membrana
4.015,-8.8687,0,Membrana
4.095,-8.8687,0,Membrana
4.175,-8.8687,0,Membrana
4.255,-8.8687,0,Membrana
4.335,-8.8687,0,Membrana
-4.345,-8.7994,0,Membrana
-4.265,-8.7994,0,Membrana
-4.185,-8.7994,0,Membrana
-4.105,-8.7994,0,Membrana
-4.025,-8.7994,0,Membrana
-3.945,-8.7994,0,Membrana
-3.865,-8.7994,0,Membrana
-3.785,-8.7994,0,Membrana
-3.705,-8.7994,0,Membrana
-3.625,-8.7994,0,Membrana
-3.545,-8.7994,0,Membrana
-3.465,-8.7994,0,Membrana
-3.385,-8.7994,0,Membrana
-3.305,-8.7994,0,Membrana
-3.225,-8.7994,0,Membrana
-3.145,-8.7994,0,Membrana
3.175,-8.7994,0,Membrana
3.255,-8.7994,0,Membrana
3.335,-8.7994,0,Membrana
3.415,-8.7994,0,Membrana
3.495,-8.7994,0,Membrana
3.575,-8.7994,0,Membrana
3.655,-8.7994,0,Membrana
3.735,-8.7994,0,Membrana
3.815,-8.7994,0,Membrana
3.895,-8.7994,0,Membrana
3.975,-8.7994,0,Membrana
4.055,-8.7994,0,Membrana
4.135,-8.7994,0,Membrana
4.215,-8.7994,0,Membrana
4.295,-8.7994,0,Membrana
4.375,-8.7994,0,Membrana
-4.385,-8.7301,0,Membrana
-4.305,-8.7301,0,Membrana
-4.225,-8.7301,0,Membrana
-4.145,-8.7301,0,Membrana
-4.065,-8.7301,0,Membrana
-3.985,-8.7301,0,Membrana
-3.905,-8.7301,0,Membrana
-3.825,-8.7301,0,Membrana
-3.745,-8.7301,0,Membrana
-3.665,-8.7301,0,Membrana
-3.585,-8.7301,0,Membrana
-3.505,-8.7301,0,Membrana
-3.425,-8.7301,0,Membrana
-3.345,-8.7301,0,Membrana
-3.265,-8.7301,0,Membrana
3.215,-8.7301,0,Membrana
3.295,-8.7301,0,Membrana
3.375,-8.7301,0,Membrana
3.455,-8.7301,0,Membrana
3.535,-8.7301,0,Membrana
3.615,-8.7301,0,Membrana
3.695,-8.7301,0,Membrana
3.775,-8.7301,0,Membrana
3.855,-8.7301,0,Membrana
3.935,-8.7301,0,Membrana
4.015,-8.7301,0,Membrana
4.095,-8.7301,0,Membrana
4.175,-8.7301,0,Membrana
4.255,-8.7301,0,Membrana
4.335,-8.7301,0,Membrana
4.415,-8.7301,0,Membrana
-4.425,-8.6608,0,Membrana
-4.345,-8.6608,0,Membrana
-4.265,-8.6608,0,Membrana
-4.185,-8.6608,0,Membrana
-4.105,-8.6608,0,Membrana
-4.025,-8.6608,0,Membrana
-3.945,-8.6608,0,Membrana
-3.865,-8.6608,0,Membrana
-3.785,-8.6608,0,Membrana
-3.705,-8.6608,0,Membrana
-3.625,-8.6608,0,Membrana
-3.545,-8.6608,0,Membrana
-3.465,-8.6608,0,Membrana
-3.385,-8.6608,0,Membrana
-3.305,-8.6608,0,Membrana
3.335,-8.6608,0,Membrana
3.415,-8.6608,0,Membrana
3.495,-8.6608,0,Membrana
3.575,-8.6608,0,Membrana
3.655,-8.6608,0,Membrana
3.735,-8.6608,0,Membrana
3.815,-8.6608,0,Membrana
3.895,-8.6608,0,Membrana
3.975,-8.6608,0,Membrana
4.055,-8.6608,0,Membrana
4.135,-8.6608,0,Membrana
4.215,-8.6608,0,Membrana
4.295,-8.6608,0,Membrana
4.375,-8.6608,0,Membrana
4.455,-8.6608,0,Membrana
-4.465,-8.5916,0,Membrana
-4.385,-8.5916,0,Membrana
-4.305,-8.5916,0,Membrana
-4.225,-8.5916,0,Membrana
-4.145,-8.5916,0,Membrana
-4.065,-8.5916,0,Membrana
-3.985,-8.5916,0,Membrana
-3.905,-8.5916,0,Membrana
-3.825,-8.5916,0,Membrana
-3.745,-8.5916,0,Membrana
-3.665,-8.5916,0,Membrana
-3.585,-8.5916,0,Membrana
-3.505,-8.5916,0,Membrana
-3.425,-8.5916,0,Membrana
-3.345,-8.5916,0,Membrana
3.375,-8.5916,0,Membrana
3.455,-8.5916,0,Membrana
3.535,-8.5916,0,Membrana
3.615,-8.5916,0,Membrana
3.695,-8.5916,0,Membrana
3.775,-8.5916,0,Membrana
3.855,-8.5916,0,Membrana
3.935,-8.5916,0,Membrana
4.015,-8.5916,0,Membrana
4.095,-8.5916,0,Membrana
4.175,-8.5916,0,Membrana
4.255,-8.5916,0,Membrana
4.335,-8.5916,0,Membrana
4.415,-8.5916,0,Membrana
4.495,-8.5916,0,Membrana
-4.505,-8.5223,0,Membrana
-4.425,-8.5223,0,Membrana
-4.345,-8.5223,0,Membrana
-4.265,-8.5223,0,Membrana
-4.185,-8.5223,0,Membrana
-4.105,-8.5223,0,Membrana
-4.025,-8.5223,0,Membrana
-3.945,-8.5223,0,Membrana
-3.865,-8.5223,0,Membrana
-3.785,-8.5223,0,Membrana
-3.705,-8.5223,0,Membrana
-3.625,-8.5223,0,Membrana
-3.545,-8.5223,0,Membrana
-3.465,-8.5223,0,Membrana
-3.385,-8.5223,0,Membrana
3.415,-8.5223,0,Membrana
3.495,-8.5223,0,Membrana
3.575,-8.5223,0,Membrana
3.655,-8.5223,0,Membrana
3.735,-8.5223,0,Membrana
3.815,-8.5223,0,Membrana
3.895,-8.5223,0,Membrana
3.975,-8.5223,0,Membrana
4.055,-8.5223,0,Membrana
4.135,-8.5223,0,Membrana
4.215,-8.5223,0,Membrana
4.295,-8.5223,0,Membrana
4.375,-8.5223,0,Membrana
4.455,-8.5223,0,Membrana
4.535,-8.5223,0,Membrana
-4.545,-8.453,0,Membrana
-4.465,-8.453,0,Membrana
-4.385,-8.453,0,Membrana
-4.305,-8.453,0,Membrana
-4.225,-8.453,0,Membrana
-4.145,-8.453,0,Membrana
-4.065,-8.453,0,Membrana
-3.985,-8.453,0,Membrana
-3.905,-8.453,0,Membrana
-3.825,-8.453,0,Membrana
-3.745,-8.453,0,Membrana
-3.665,-8.453,0,Membrana
-3.585,-8.453,0,Membrana
-3.505,-8.453,0,Membrana
3.455,-8.453,0,Membrana
3.535,-8.453,0,Membrana
3.615,-8.453,0,Membrana
3.695,-8.453,0,Membrana
3.775,-8.453,0,Membrana
3.855,-8.453,0,Membrana
3.935,-8.453,0,Membrana
4.015,-8.453,0,Membrana
4.095,-8.453,0,Membrana
4.175,-8.453,0,Membrana
4.255,-8.453,0,Membrana
4.335,-8.453,0,Membrana
4.415,-8.453,0,Membrana
4.495,-8.453,0,Membrana
4.575,-8.453,0,Membrana
-4.585,-8.3837,0,Membrana
-4.505,-8.3837,0,Membrana
-4.425,-8.3837,0,Membrana
-4.345,-8.3837,0,Membrana
-4.265,-8.3837,0,Membrana
-4.185,-8.3837,0,Membrana
-4.105,-8.3837,0,Membrana
-4.025,-8.3837,0,Membrana
-3.945,-8.3837,0,Membrana
-3.865,-8.3837,0,Membrana
-3.785,-8.3837,0,Membrana
-3.705,-8.3837,0,Membrana
-3.625,-8.3837,0,Membrana
-3.545,-8.3837,0,Membrana
3.495,-8.3837,0,Membrana
3.575,-8.3837,0,Membrana
3.655,-8.3837,0,Membrana
3.735,-8.3837,0,Membrana
3.815,-8.3837,0,Membrana
3.895,-8.3837,0,Membrana
3.975,-8.3837,0,Membrana
4.055,-8.3837,0,Membrana
4.135,-8.3837,0,Membrana
4.215,-8.3837,0,Membrana
4.295,-8.3837,0,Membrana
4.375,-8.3837,0,Membrana
4.455,-8.3837,0,Membrana
4.535,-8.3837,0,Membrana
4.615,-8.3837,0,Membrana
-4.625,-8.3144,0,Membrana
-4.545,-8.3144,0,Membrana
-4.465,-8.3144,0,Membrana
-4.385,-8.3144,0,Membrana
-4.305,-8.3144,0,Membrana
-4.225,-8.3144,0,Membrana
-4.145,-8.3144,0,Membrana
-4.065,-8.3144,0,Membrana
-3.985,-8.3144,0,Membrana
-3.905,-8.3144,0,Membrana
-3.825,-8.3144,0,Membrana
-3.745,-8.3144,0,Membrana
-3.665,-8.3144,0,Membrana
-3.585,-8.3144,0,Membrana
3.535,-8.3144,0,Membrana
3.615,-8.3144,0,Membrana
3.695,-8.3144,0,Membrana
3.775,-8.3144,0,Membrana
3.855,-8.3144,0,Membrana
3.935,-8.3144,0,Membrana
4.015,-8.3144,0,Membrana
4.095,-8.3144,0,Membrana
4.175,-8.3144,0,Membrana
4.255,-8.3144,0,Membrana
4.335,-8.3144,0,Membrana
4.415,-8.3144,0,Membrana
4.495,-8.3144,0,Membrana
4.575,-8.3144,0,Membrana
4.655,-8.3144,0,Membrana
-4.665,-8.2452,0,Membrana
-4.585,-8.2452,0,Membrana
-4.505,-8.2452,0,Membrana
-4.425,-8.2452,0,Membrana
-4.345,-8.2452,0,Membrana
-4.265,-8.2452,0,Membrana
-4.185,-8.2452,0,Membrana
-4.105,-8.2452,0,Membrana
-4.025,-8.2452,0,Membrana
-3.945,-8.2452,0,Membrana
-3.865,-8.2452,0,Membrana
-3.785,-8.2452,0,Membrana
-3.705,-8.2452,0,Membrana
-3.625,-8.2452,0,Membrana
3.655,-8.2452,0,Membrana
3.735,-8.2452,0,Membrana
3.815,-8.2452,0,Membrana
3.895,-8.2452,0,Membrana
3.975,-8.2452,0,Membrana
4.055,-8.2452,0,Membrana
4.135,-8.2452,0,Membrana
4.215,-8.2452,0,Membrana
4.295,-8.2452,0,Membrana
4.375,-8.2452,0,Membrana
4.455,-8.2452,0,Membrana
4.535,-8.2452,0,Membrana
4.615,-8.2452,0,Membrana
4.695,-8.2452,0,Membrana
-4.705,-8.1759,0,Membrana
-4.625,-8.1759,0,Membrana
-4.545,-8.1759,0,Membrana
-4.465,-8.1759,0,Membrana
-4.385,-8.1759,0,Membrana
-4.305,-8.1759,0,Membrana
-4.225,-8.1759,0,Membrana
-4.145,-8.1759,0,Membrana
-4.065,-8.1759,0,Membrana
-3.985,-8.1759,0,Membrana
-3.905,-8.1759,0,Membrana
-3.825,-8.1759,0,Membrana
-3.745,-8.1759,0,Membrana
-3.665,-8.1759,0,Membrana
3.695,-8.1759,0,Membrana
3.775,-8.1759,0,Membrana
3.855,-8.1759,0,Membrana
3.935,-8.1759,0,Membrana
4.015,-8.1759,0,Membrana
4.095,-8.1759,0,Membrana
4.175,-8.1759,0,Membrana
4.255,-8.1759,0,Membrana
4.335,-8.1759,0,Membrana
4.415,-8.1759,0,Membrana
4.495,-8.1759,0,Membrana
4.575,-8.1759,0,Membrana
4.655,-8.1759,0,Membrana
4.735,-8.1759,0,Membrana
-4.745,-8.1066,0,Membrana
-4.665,-8.1066,0,Membrana
-4.585,-8.1066,0,Membrana
-4.505,-8.1066,0,Membrana
-4.425,-8.1066,0,Membrana
-4.345,-8.1066,0,Membrana
-4.265,-8.1066,0,Membrana
-4.185,-8.1066,0,Membrana
-4.105,-8.1066,0,Membrana
-4.025,-8.1066,0,Membrana
-3.945,-8.1066,0,Membrana
-3.865,-8.1066,0,Membrana
-3.785,-8.1066,0,Membrana
-3.705,-8.1066,0,Membrana
3.735,-8.1066,0,Membrana
3.815,-8.1066,0,Membrana
3.895,-8.1066,0,Membrana
3.975,-8.1066,0,Membrana
4.055,-8.1066,0,Membrana
4.135,-8.1066,0,Membrana
4.215,-8.1066,0,Membrana
4.295,-8.1066,0,Membrana
4.375,-8.1066,0,Membrana
4.455,-8.1066,0,Membrana
4.535,-8.1066,0,Membrana
4.615,-8.1066,0,Membrana
4.695,-8.1066,0,Membrana
4.775,-8.1066,0,Membrana
-4.785,-8.0373,0,Membrana
-4.705,-8.0373,0,Membrana
-4.625,-8.0373,0,Membrana
-4.545,-8.0373,0,Membrana
-4.465,-8.0373,0,Membrana
-4.385,-8.0373,0,Membrana
-4.305,-8.0373,0,Membrana
-4.225,-8.0373,0,Membrana
-4.145,-8.0373,0,Membrana
-4.065,-8.0373,0,Membrana
-3.985,-8.0373,0,Membrana
-3.905,-8.0373,0,Membrana
-3.825,-8.0373,0,Membrana
-3.745,-8.0373,0,Membrana
3.775,-8.0373,0,Membrana
3.855,-8.0373,0,Membrana
3.935,-8.0373,0,Membrana
4.015,-8.0373,0,Membrana
4.095,-8.0373,0,Membrana
4.175,-8.0373,0,Membrana
4.255,-8.0373,0,Membrana
4.335,-8.0373,0,Membrana
4.415,-8.0373,0,Membrana
4.495,-8.0373,0,Membrana
4.575,-8.0373,0,Membrana
4.655,-8.0373,0,Membrana
4.735,-8.0373,0,Membrana
4.815,-8.0373,0,Membrana
-4.825,-7.968,0,Membrana
-4.745,-7.968,0,Membrana
-4.665,-7.968,0,Membrana
-4.585,-7.968,0,Membrana
-4.505,-7.968,0,Membrana
-4.425,-7.968,0,Membrana
-4.345,-7.968,0,Membrana
-4.265,-7.968,0,Membrana
-4.185,-7.968,0,Membrana
-4.105,-7.968,0,Membrana
-4.025,-7.968,0,Membrana
-3.945,-7.968,0,Membrana
-3.865,-7.968,0,Membrana
-3.785,-7.968,0,Membrana
3.815,-7.968,0,Membrana
3.895,-7.968,0,Membrana
3.975,-7.968,0,Membrana
4.055,-7.968,0,Membrana
4.135,-7.968,0,Membrana
4.215,-7.968,0,Membrana
4.295,-7.968,0,Membrana
4.375,-7.968,0,Membrana
4.455,-7.968,0,Membrana
4.535,-7.968,0,Membrana
4.615,-7.968,0,Membrana
4.695,-7.968,0,Membrana
4.775,-7.968,0,Membrana
4.855,-7.968,0,Membrana
-4.865,-7.8987,0,Membrana
-4.785,-7.8987,0,Membrana
-4.705,-7.8987,0,Membrana
-4.625,-7.8987,0,Membrana
-4.545,-7.8987,0,Membrana
-4.465,-7.8987,0,Membrana
-4.385,-7.8987,0,Membrana
-4.305,-7.8987,0,Membrana
-4.225,-7.8987,0,Membrana
-4.145,-7.8987,0,Membrana
-4.065,-7.8987,0,Membrana
-3.985,-7.8987,0,Membrana
-3.905,-7.8987,0,Membrana
-3.825,-7.8987,0,Membrana
3.855,-7.8987,0,Membrana
3.935,-7.8987,0,Membrana
4.015,-7.8987,0,Membrana
4.095,-7.8987,0,Membrana
4.175,-7.8987,0,Membrana
4.255,-7.8987,0,Membrana
4.335,-7.8987,0,Membrana
4.415,-7.8987,0,Membrana
4.495,-7.8987,0,Membrana
4.575,-7.8987,0,Membrana
4.655,-7.8987,0,Membrana
4.735,-7.8987,0,Membrana
4.815,-7.8987,0,Membrana
-4.905,-7.8295,0,Membrana
-4.825,-7.8295,0,Membrana
-4.745,-7.8295,0,Membrana
-4.665,-7.8295,0,Membrana
-4.585,-7.8295,0,Membrana
-4.505,-7.8295,0,Membrana
-4.425,-7.8295,0,Membrana
-4.345,-7.8295,0,Membrana
-4.265,-7.8295,0,Membrana
-4.185,-7.8295,0,Membrana
-4.105,-7.8295,0,Membrana
-4.025,-7.8295,0,Membrana
-3.945,-7.8295,0,Membrana
-3.865,-7.8295,0,Membrana
3.895,-7.8295,0,Membrana
3.975,-7.8295,0,Membrana
4.055,-7.8295,0,Membrana
4.135,-7.8295,0,Membrana
4.215,-7.8295,0,Membrana
4.295,-7.8295,0,Membrana
4.375,-7.8295,0,Membrana
4.455,-7.8295,0,Membrana
4.535,-7.8295,0,Membrana
4.615,-7.8295,0,Membrana
4.695,-7.8295,0,Membrana
4.775,-7.8295,0,Membrana
4.855,-7.8295,0,Membrana
-4.945,-7.7602,0,Membrana
-4.865,-7.7602,0,Membrana
-4.785,-7.7602,0,Membrana
-4.705,-7.7602,0,Membrana
-4.625,-7.7602,0,Membrana
-4.545,-7.7602,0,Membrana
-4.465,-7.7602,0,Membrana
-4.385,-7.7602,0,Membrana
-4.305,-7.7602,0,Membrana
-4.225,-7.7602,0,Membrana
-4.145,-7.7602,0,Membrana
-4.065,-7.7602,0,Membrana
-3.985,-7.7602,0,Membrana
-3.905,-7.7602,0,Membrana
3.935,-7.7602,0,Membrana
4.015,-7.7602,0,Membrana
4.095,-7.7602,0,Membrana
4.175,-7.7602,0,Membrana
4.255,-7.7602,0,Membrana
4.335,-7.7602,0,Membrana
4.415,-7.7602,0,Membrana
4.495,-7.7602,0,Membrana
4.575,-7.7602,0,Membrana
4.655,-7.7602,0,Membrana
4.735,-7.7602,0,Membrana
4.815,-7.7602,0,Membrana
4.895,-7.7602,0,Membrana
-4.905,-7.6909,0,Membrana
-4.825,-7.6909,0,Membrana
-4.745,-7.6909,0,Membrana
-4.665,-7.6909,0,Membrana
-4.585,-7.6909,0,Membrana
-4.505,-7.6909,0,Membrana
-4.425,-7.6909,0,Membrana
-4.345,-7.6909,0,Membrana
-4.265,-7.6909,0,Membrana
-4.185,-7.6909,0,Membrana
-4.105,-7.6909,0,Membrana
-4.025,-7.6909,0,Membrana
-3.945,-7.6909,0,Membrana
3.895,-7.6909,0,Membrana
3.975,-7.6909,0,Membrana
4.055,-7.6909,0,Membrana
4.135,-7.6909,0,Membrana
4.215,-7.6909,0,Membrana
4.295,-7.6909,0,Membrana
4.375,-7.6909,0,Membrana
4.455,-7.6909,0,Membrana
4.535,-7.6909,0,Membrana
4.615,-7.6909,0,Membrana
4.695,-7.6909,0,Membrana
4.775,-7.6909,0,Membrana
4.855,-7.6909,0,Membrana
4.935,-7.6909,0,Membrana
-4.945,-7.6216,0,Membrana
-4.865,-7.6216,0,Membrana
-4.785,-7.6216,0,Membrana
-4.705,-7.6216,0,Membrana
-4.625,-7.6216,0,Membrana
-4.545,-7.6216,0,Membrana
-4.465,-7.6216,0,Membrana
-4.385,-7.6216,0,Membrana
-4.305,-7.6216,0,Membrana
-4.225,-7.6216,0,Membrana
-4.145,-7.6216,0,Membrana
-4.065,-7.6216,0,Membrana
-3.985,-7.6216,0,Membrana
3.935,-7.6216,0,Membrana
4.015,-7.6216,0,Membrana
4.095,-7.6216,0,Membrana
4.175,-7.6216,0,Membrana
4.255,-7.6216,0,Membrana
4.335,-7.6216,0,Membrana
4.415,-7.6216,0,Membrana
4.495,-7.6216,0,Membrana
4.575,-7.6216,0,Membrana
4.655,-7.6216,0,Membrana
4.735,-7.6216,0,Membrana
4.815,-7.6216,0,Membrana
4.895,-7.6216,0,Membrana
4.975,-7.6216,0,Membrana
-4.985,-7.5523,0,Membrana
-4.905,-7.5523,0,Membrana
-4.825,-7.5523,0,Membrana
-4.745,-7.5523,0,Membrana
-4.665,-7.5523,0,Membrana
-4.585,-7.5523,0,Membrana
-4.505,-7.5523,0,Membrana
-4.425,-7.5523,0,Membrana
-4.345,-7.5523,0,Membrana
-4.265,-7.5523,0,Membrana
-4.185,-7.5523,0,Membrana
-4.105,-7.5523,0,Membrana
-4.025,-7.5523,0,Membrana
3.975,-7.5523,0,Membrana
4.055,-7.5523,0,Membrana
4.135,-7.5523,0,Membrana
4.215,-7.5523,0,Membrana
4.295,-7.5523,0,Membrana
4.375,-7.5523,0,Membrana
4.455,-7.5523,0,Membrana
4.535,-7.5523,0,Membrana
4.615,-7.5523,0,Membrana
4.695,-7.5523,0,Membrana
4.775,-7.5523,0,Membrana
4.855,-7.5523,0,Membrana
4.935,-7.5523,0,Membrana
5.015,-7.5523,0,Membrana
-5.025,-7.4831,0,Membrana
-4.945,-7.4831,0,Membrana
-4.865,-7.4831,0,Membrana
-4.785,-7.4831,0,Membrana
-4.705,-7.4831,0,Membrana
-4.625,-7.4831,0,Membrana
-4.545,-7.4831,0,Membrana
-4.465,-7.4831,0,Membrana
-4.385,-7.4831,0,Membrana
-4.305,-7.4831,0,Membrana
-4.225,-7.4831,0,Membrana
-4.145,-7.4831,0,Membrana
-4.065,-7.4831,0,Membrana
-3.985,-7.4831,0,Membrana
4.015,-7.4831,0,Membrana
4.095,-7.4831,0,Membrana
4.175,-7.4831,0,Membrana
4.255,-7.4831,0,Membrana
4.335,-7.4831,0,Membrana
4.415,-7.4831,0,Membrana
4.495,-7.4831,0,Membrana
4.575,-7.4831,0,Membrana
4.655,-7.4831,0,Membrana
4.735,-7.4831,0,Membrana
4.815,-7.4831,0,Membrana
4.895,-7.4831,0,Membrana
4.975,-7.4831,0,Membrana
-5.065,-7.4138,0,Membrana
-4.985,-7.4138,0,Membrana
-4.905,-7.4138,0,Membrana
-4.825,-7.4138,0,Membrana
-4.745,-7.4138,0,Membrana
-4.665,-7.4138,0,Membrana
-4.585,-7.4138,0,Membrana
-4.505,-7.4138,0,Membrana
-4.425,-7.4138,0,Membrana
-4.345,-7.4138,0,Membrana
-4.265,-7.4138,0,Membrana
-4.185,-7.4138,0,Membrana
-4.105,-7.4138,0,Membrana
-4.025,-7.4138,0,Membrana
4.055,-7.4138,0,Membrana
4.135,-7.4138,0,Membrana
4.215,-7.4138,0,Membrana
4.295,-7.4138,0,Membrana
4.375,-7.4138,0,Membrana
4.455,-7.4138,0,Membrana
4.535,-7.4138,0,Membrana
4.615,-7.4138,0,Membrana
4.695,-7.4138,0,Membrana
4.775,-7.4138,0,Membrana
4.855,-7.4138,0,Membrana
4.935,-7.4138,0,Membrana
5.015,-7.4138,0,Membrana
-5.025,-7.3445,0,Membrana
-4.945,-7.3445,0,Membrana
-4.865,-7.3445,0,Membrana
-4.785,-7.3445,0,Membrana
-4.705,-7.3445,0,Membrana
-4.625,-7.3445,0,Membrana
-4.545,-7.3445,0,Membrana
-4.465,-7.3445,0,Membrana
-4.385,-7.3445,0,Membrana
-4.305,-7.3445,0,Membrana
-4.225,-7.3445,0,Membrana
-4.145,-7.3445,0,Membrana
-4.065,-7.3445,0,Membrana
4.095,-7.3445,0,Membrana
4.175,-7.3445,0,Membrana
4.255,-7.3445,0,Membrana
4.335,-7.3445,0,Membrana
4.415,-7.3445,0,Membrana
4.495,-7.3445,0,Membrana
4.575,-7.3445,0,Membrana
4.655,-7.3445,0,Membrana
4.735,-7.3445,0,Membrana
4.815,-7.3445,0,Membrana
4.895,-7.3445,0,Membrana
4.975,-7.3445,0,Membrana
5.055,-7.3445,0,Membrana
-5.065,-7.2752,0,Membrana
-4.985,-7.2752,0,Membrana
-4.905,-7.2752,0,Membrana
-4.825,-7.2752,0,Membrana
-4.745,-7.2752,0,Membrana
-4.665,-7.2752,0,Membrana
-4.585,-7.2752,0,Membrana
-4.505,-7.2752,0,Membrana
-4.425,-7.2752,0,Membrana
-4.345,-7.2752,0,Membrana
-4.265,-7.2752,0,Membrana
-4.185,-7.2752,0,Membrana
-4.105,-7.2752,0,Membrana
4.135,-7.2752,0,Membrana
4.215,-7.2752,0,Membrana
4.295,-7.2752,0,Membrana
4.375,-7.2752,0,Membrana
4.455,-7.2752,0,Membrana
4.535,-7.2752,0,Membrana
4.615,-7.2752,0,Membrana
4.695,-7.2752,0,Membrana
4.775,-7.2752,0,Membrana
4.855,-7.2752,0,Membrana
4.935,-7.2752,0,Membrana
5.015,-7.2752,0,Membrana
5.095,-7.2752,0,Membrana
-5.105,-7.2059,0,Membrana
-5.025,-7.2059,0,Membrana
-4.945,-7.2059,0,Membrana
-4.865,-7.2059,0,Membrana
-4.785,-7.2059,0,Membrana
-4.705,-7.2059,0,Membrana
-4.625,-7.2059,0,Membrana
-4.545,-7.2059,0,Membrana
-4.465,-7.2059,0,Membrana
-4.385,-7.2059,0,Membrana
-4.305,-7.2059,0,Membrana
-4.225,-7.2059,0,Membrana
-4.145,-7.2059,0,Membrana
4.095,-7.2059,0,Membrana
4.175,-7.2059,0,Membrana
4.255,-7.2059,0,Membrana
4.335,-7.2059,0,Membrana
4.415,-7.2059,0,Membrana
4.495,-7.2059,0,Membrana
4.575,-7.2059,0,Membrana
4.655,-7.2059,0,Membrana
4.735,-7.2059,0,Membrana
4.815,-7.2059,0,Membrana
4.895,-7.2059,0,Membrana
4.975,-7.2059,0,Membrana
5.055,-7.2059,0,Membrana
-5.145,-7.1366,0,Membrana
-5.065,-7.1366,0,Membrana
-4.985,-7.1366,0,Membrana
-4.905,-7.1366,0,Membrana
-4.825,-7.1366,0,Membrana
-4.745,-7.1366,0,Membrana
-4.665,-7.1366,0,Membrana
-4.585,-7.1366,0,Membrana
-4.505,-7.1366,0,Membrana
-4.425,-7.1366,0,Membrana
-4.345,-7.1366,0,Membrana
-4.265,-7.1366,0,Membrana
-4.185,-7.1366,0,Membrana
4.135,-7.1366,0,Membrana
4.215,-7.1366,0,Membrana
4.295,-7.1366,0,Membrana
4.375,-7.1366,0,Membrana
4.455,-7.1366,0,Membrana
4.535,-7.1366,0,Membrana
4.615,-7.1366,0,Membrana
4.695,-7.1366,0,Membrana
4.775,-7.1366,0,Membrana
4.855,-7.1366,0,Membrana
4.935,-7.1366,0,Membrana
5.015,-7.1366,0,Membrana
5.095,-7.1366,0,Membrana
-5.105,-7.0674,0,Membrana
-5.025,-7.0674,0,Membrana
-4.945,-7.0674,0,Membrana
-4.865,-7.0674,0,Membrana
-4.785,-7.0674,0,Membrana
-4.705,-7.0674,0,Membrana
-4.625,-7.0674,0,Membrana
-4.545,-7.0674,0,Membrana
-4.465,-7.0674,0,Membrana
-4.385,-7.0674,0,Membrana
-4.305,-7.0674,0,Membrana
-4.225,-7.0674,0,Membrana
-4.145,-7.0674,0,Membrana
4.175,-7.0674,0,Membrana
4.255,-7.0674,0,Membrana
4.335,-7.0674,0,Membrana
4.415,-7.0674,0,Membrana
4.495,-7.0674,0,Membrana
4.575,-7.0674,0,Membrana
4.655,-7.0674,0,Membrana
4.735,-7.0674,0,Membrana
4.815,-7.0674,0,Membrana
4.895,-7.0674,0,Membrana
4.975,-7.0674,0,Membrana
5.055,-7.0674,0,Membrana
5.135,-7.0674,0,Membrana
-5.145,-6.9981,0,Membrana
-5.065,-6.9981,0,Membrana
-4.985,-6.9981,0,Membrana
-4.905,-6.9981,0,Membrana
-4.825,-6.9981,0,Membrana
-4.745,-6.9981,0,Membrana
-4.665,-6.9981,0,Membrana
-4.585,-6.9981,0,Membrana
-4.505,-6.9981,0,Membrana
-4.425,-6.9981,0,Membrana
-4.345,-6.9981,0,Membrana
-4.265,-6.9981,0,Membrana
-4.185,-6.9981,0,Membrana
4.215,-6.9981,0,Membrana
4.295,-6.9981,0,Membrana
4.375,-6.9981,0,Membrana
4.455,-6.9981,0,Membrana
4.535,-6.9981,0,Membrana
4.615,-6.9981,0,Membrana
4.695,-6.9981,0,Membrana
4.775,-6.9981,0,Membrana
4.855,-6.9981,0,Membrana
4.935,-6.9981,0,Membrana
5.015,-6.9981,0,Membrana
5.095,-6.9981,0,Membrana
5.175,-6.9981,0,Membrana
-5.185,-6.9288,0,Membrana
-5.105,-6.9288,0,Membrana
-5.025,-6.9288,0,Membrana
-4.945,-6.9288,0,Membrana
-4.865,-6.9288,0,Membrana
-4.785,-6.9288,0,Membrana
-4.705,-6.9288,0,Membrana
-4.625,-6.9288,0,Membrana
-4.545,-6.9288,0,Membrana
-4.465,-6.9288,0,Membrana
-4.385,-6.9288,0,Membrana
-4.305,-6.9288,0,Membrana
-4.225,-6.9288,0,Membrana
4.175,-6.9288,0,Membrana
4.255,-6.9288,0,Membrana
4.335,-6.9288,0,Membrana
4.415,-6.9288,0,Membrana
4.495,-6.9288,0,Membrana
4.575,-6.9288,0,Membrana
4.655,-6.9288,0,Membrana
4.735,-6.9288,0,Membrana
4.815,-6.9288,0,Membrana
4.895,-6.9288,0,Membrana
4.975,-6.9288,0,Membrana
5.055,-6.9288,0,Membrana
5.135,-6.9288,0,Membrana
-5.145,-6.8595,0,Membrana
-5.065,-6.8595,0,Membrana
-4.985,-6.8595,0,Membrana
-4.905,-6.8595,0,Membrana
-4.825,-6.8595,0,Membrana
-4.745,-6.8595,0,Membrana
-4.665,-6.8595,0,Membrana
-4.585,-6.8595,0,Membrana
-4.505,-6.8595,0,Membrana
-4.425,-6.8595,0,Membrana
-4.345,-6.8595,0,Membrana
-4.265,-6.8595,0,Membrana
-4.185,-6.8595,0,Membrana
4.215,-6.8595,0,Membrana
4.295,-6.8595,0,Membrana
4.375,-6.8595,0,Membrana
4.455,-6.8595,0,Membrana
4.535,-6.8595,0,Membrana
4.615,-6.8595,0,Membrana
4.695,-6.8595,0,Membrana
4.775,-6.8595,0,Membrana
4.855,-6.8595,0,Membrana
4.935,-6.8595,0,Membrana
5.015,-6.8595,0,Membrana
5.095,-6.8595,0,Membrana
5.175,-6.8595,0,Membrana
-5.185,-6.7902,0,Membrana
-5.105,-6.7902,0,Membrana
-5.025,-6.7902,0,Membrana
-4.945,-6.7902,0,Membrana
-4.865,-6.7902,0,Membrana
-4.785,-6.7902,0,Membrana
-4.705,-6.7902,0,Membrana
-4.625,-6.7902,0,Membrana
-4.545,-6.7902,0,Membrana
-4.465,-6.7902,0,Membrana
-4.385,-6.7902,0,Membrana
-4.305,-6.7902,0,Membrana
-4.225,-6.7902,0,Membrana
4.255,-6.7902,0,Membrana
4.335,-6.7902,0,Membrana
4.415,-6.7902,0,Membrana
4.495,-6.7902,0,Membrana
4.575,-6.7902,0,Membrana
4.655,-6.7902,0,Membrana
4.735,-6.7902,0,Membrana
4.815,-6.7902,0,Membrana
4.895,-6.7902,0,Membrana
4.975,-6.7902,0,Membrana
5.055,-6.7902,0,Membrana
5.135,-6.7902,0,Membrana
5.215,-6.7902,0,Membrana
-5.225,-6.7209,0,Membrana
-5.145,-6.7209,0,Membrana
-5.065,-6.7209,0,Membrana
-4.985,-6.7209,0,Membrana
-4.905,-6.7209,0,Membrana
-4.825,-6.7209,0,Membrana
-4.745,-6.7209,0,Membrana
-4.665,-6.7209,0,Membrana
-4.585,-6.7209,0,Membrana
-4.505,-6.7209,0,Membrana
-4.425,-6.7209,0,Membrana
-4.345,-6.7209,0,Membrana
-4.265,-6.7209,0,Membrana
4.295,-6.7209,0,Membrana
4.375,-6.7209,0,Membrana
4.455,-6.7209,0,Membrana
4.535,-6.7209,0,Membrana
4.615,-6.7209,0,Membrana
4.695,-6.7209,0,Membrana
4.775,-6.7209,0,Membrana
4.855,-6.7209,0,Membrana
4.935,-6.7209,0,Membrana
5.015,-6.7209,0,Membrana
5.095,-6.7209,0,Membrana
5.175,-6.7209,0,Membrana
-5.185,-6.6517,0,Membrana
-5.105,-6.6517,0,Membrana
-5.025,-6.6517,0,Membrana
-4.945,-6.6517,0,Membrana
-4.865,-6.6517,0,Membrana
-4.785,-6.6517,0,Membrana
-4.705,-6.6517,0,Membrana
-4.625,-6.6517,0,Membrana
-4.545,-6.6517,0,Membrana
-4.465,-6.6517,0,Membrana
-4.385,-6.6517,0,Membrana
-4.305,-6.6517,0,Membrana
4.255,-6.6517,0,Membrana
4.335,-6.6517,0,Membrana
4.415,-6.6517,0,Membrana
4.495,-6.6517,0,Membrana
4.575,-6.6517,0,Membrana
4.655,-6.6517,0,Membrana
4.735,-6.6517,0,Membrana
4.815,-6.6517,0,Membrana
4.895,-6.6517,0,Membrana
4.975,-6.6517,0,Membrana
5.055,-6.6517,0,Membrana
5.135,-6.6517,0,Membrana
5.215,-6.6517,0,Membrana
-5.225,-6.5824,0,Membrana
-5.145,-6.5824,0,Membrana
-5.065,-6.5824,0,Membrana
-4.985,-6.5824,0,Membrana
-4.905,-6.5824,0,Membrana
-4.825,-6.5824,0,Membrana
-4.745,-6.5824,0,Membrana
-4.665,-6.5824,0,Membrana
-4.585,-6.5824,0,Membrana
-4.505,-6.5824,0,Membrana
-4.425,-6.5824,0,Membrana
-4.345,-6.5824,0,Membrana
-4.265,-6.5824,0,Membrana
4.295,-6.5824,0,Membrana
4.375,-6.5824,0,Membrana
4.455,-6.5824,0,Membrana
4.535,-6.5824,0,Membrana
4.615,-6.5824,0,Membrana
4.695,-6.5824,0,Membrana
4.775,-6.5824,0,Membrana
4.855,-6.5824,0,Membrana
4.935,-6.5824,0,Membrana
5.015,-6.5824,0,Membrana
5.095,-6.5824,0,Membrana
5.175,-6.5824,0,Membrana
-5.185,-6.5131,0,Membrana
-5.105,-6.5131,0,Membrana
-5.025,-6.5131,0,Membrana
-4.945,-6.5131,0,Membrana
-4.865,-6.5131,0,Membrana
-4.785,-6.5131,0,Membrana
-4.705,-6.5131,0,Membrana
-4.625,-6.5131,0,Membrana
-4.545,-6.5131,0,Membrana
-4.465,-6.5131,0,Membrana
-4.385,-6.5131,0,Membrana
-4.305,-6.5131,0,Membrana
4.255,-6.5131,0,Membrana
4.335,-6.5131,0,Membrana
4.415,-6.5131,0,Membrana
4.495,-6.5131,0,Membrana
4.575,-6.5131,0,Membrana
4.655,-6.5131,0,Membrana
4.735,-6.5131,0,Membrana
4.815,-6.5131,0,Membrana
4.895,-6.5131,0,Membrana
4.975,-6.5131,0,Membrana
5.055,-6.5131,0,Membrana
5.135,-6.5131,0,Membrana
5.215,-6.5131,0,Membrana
-5.225,-6.4438,0,Membrana
-5.145,-6.4438,0,Membrana
-5.065,-6.4438,0,Membrana
-4.985,-6.4438,0,Membrana
-4.905,-6.4438,0,Membrana
-4.825,-6.4438,0,Membrana
-4.745,-6.4438,0,Membrana
-4.665,-6.4438,0,Membrana
-4.585,-6.4438,0,Membrana
-4.505,-6.4438,0,Membrana
-4.425,-6.4438,0,Membrana
-4.345,-6.4438,0,Membrana
-4.265,-6.4438,0,Membrana
4.295,-6.4438,0,Membrana
4.375,-6.4438,0,Membrana
4.455,-6.4438,0,Membrana
4.535,-6.4438,0,Membrana
4.615,-6.4438,0,Membrana
4.695,-6.4438,0,Membrana
4.775,-6.4438,0,Membrana
4.855,-6.4438,0,Membrana
4.935,-6.4438,0,Membrana
5.015,-6.4438,0,Membrana
5.095,-6.4438,0,Membrana
5.175,-6.4438,0,Membrana
5.255,-6.4438,0,Membrana
-5.265,-6.3745,0,Membrana
-5.185,-6.3745,0,Membrana
-5.105,-6.3745,0,Membrana
-5.025,-6.3745,0,Membrana
-4.945,-6.3745,0,Membrana
-4.865,-6.3745,0,Membrana
-4.785,-6.3745,0,Membrana
-4.705,-6.3745,0,Membrana
-4.625,-6.3745,0,Membrana
-4.545,-6.3745,0,Membrana
-4.465,-6.3745,0,Membrana
-4.385,-6.3745,0,Membrana
-4.305,-6.3745,0,Membrana
4.335,-6.3745,0,Membrana
4.415,-6.3745,0,Membrana
4.495,-6.3745,0,Membrana
4.575,-6.3745,0,Membrana
4.655,-6.3745,0,Membrana
4.735,-6.3745,0,Membrana
4.815,-6.3745,0,Membrana
4.895,-6.3745,0,Membrana
4.975,-6.3745,0,Membrana
5.055,-6.3745,0,Membrana
5.135,-6.3745,0,Membrana
5.215,-6.3745,0,Membrana
-5.225,-6.3053,0,Membrana
-5.145,-6.3053,0,Membrana
-5.065,-6.3053,0,Membrana
-4.985,-6.3053,0,Membrana
-4.905,-6.3053,0,Membrana
-4.825,-6.3053,0,Membrana
-4.745,-6.3053,0,Membrana
-4.665,-6.3053,0,Membrana
-4.585,-6.3053,0,Membrana
-4.505,-6.3053,0,Membrana
-4.425,-6.3053,0,Membrana
-4.345,-6.3053,0,Membrana
4.295,-6.3053,0,Membrana
4.375,-6.3053,0,Membrana
4.455,-6.3053,0,Membrana
4.535,-6.3053,0,Membrana
4.615,-6.3053,0,Membrana
4.695,-6.3053,0,Membrana
4.775,-6.3053,0,Membrana
4.855,-6.3053,0,Membrana
4.935,-6.3053,0,Membrana
5.015,-6.3053,0,Membrana
5.095,-6.3053,0,Membrana
5.175,-6.3053,0,Membrana
5.255,-6.3053,0,Membrana
-5.265,-6.236,0,Membrana
-5.185,-6.236,0,Membrana
-5.105,-6.236,0,Membrana
-5.025,-6.236,0,Membrana
-4.945,-6.236,0,Membrana
-4.865,-6.236,0,Membrana
-4.785,-6.236,0,Membrana
-4.705,-6.236,0,Membrana
-4.625,-6.236,0,Membrana
-4.545,-6.236,0,Membrana
-4.465,-6.236,0,Membrana
-4.385,-6.236,0,Membrana
-4.305,-6.236,0,Membrana
4.335,-6.236,0,Membrana
4.415,-6.236,0,Membrana
4.495,-6.236,0,Membrana
4.575,-6.236,0,Membrana
4.655,-6.236,0,Membrana
4.735,-6.236,0,Membrana
4.815,-6.236,0,Membrana
4.895,-6.236,0,Membrana
4.975,-6.236,0,Membrana
5.055,-6.236,0,Membrana
5.135,-6.236,0,Membrana
5.215,-6.236,0,Membrana
-5.225,-6.1667,0,Membrana
-5.145,-6.1667,0,Membrana
-5.065,-6.1667,0,Membrana
-4.985,-6.1667,0,Membrana
-4.905,-6.1667,0,Membrana
-4.825,-6.1667,0,Membrana
-4.745,-6.1667,0,Membrana
-4.665,-6.1667,0,Membrana
-4.585,-6.1667,0,Membrana
-4.505,-6.1667,0,Membrana
-4.425,-6.1667,0,Membrana
-4.345,-6.1667,0,Membrana
4.295,-6.1667,0,Membrana
4.375,-6.1667,0,Membrana
4.455,-6.1667,0,Membrana
4.535,-6.1667,0,Membrana
4.615,-6.1667,0,Membrana
4.695,-6.1667,0,Membrana
4.775,-6.1667,0,Membrana
4.855,-6.1667,0,Membrana
4.935,-6.1667,0,Membrana
5.015,-6.1667,0,Membrana
5.095,-6.1667,0,Membrana
5.175,-6.1667,0,Membrana
5.255,-6.1667,0,Membrana
-5.265,-6.0974,0,Membrana
-5.185,-6.0974,0,Membrana
-5.105,-6.0974,0,Membrana
-5.025,-6.0974,0,Membrana
-4.945,-6.0974,0,Membrana
-4.865,-6.0974,0,Membrana
-4.785,-6.0974,0,Membrana
-4.705,-6.0974,0,Membrana
-4.625,-6.0974,0,Membrana
-4.545,-6.0974,0,Membrana
-4.465,-6.0974,0,Membrana
-4.385,-6.0974,0,Membrana
-4.305,-6.0974,0,Membrana
4.335,-6.0974,0,Membrana
4.415,-6.0974,0,Membrana
4.495,-6.0974,0,Membrana
4.575,-6.0974,0,Membrana
4.655,-6.0974,0,Membrana
4.735,-6.0974,0,Membrana
4.815,-6.0974,0,Membrana
4.895,-6.0974,0,Membrana
4.975,-6.0974,0,Membrana
5.055,-6.0974,0,Membrana
5.135,-6.0974,0,Membrana
5.215,-6.0974,0,Membrana
5.295,-6.0974,0,Membrana
-5.225,-6.0281,0,Membrana
-5.145,-6.0281,0,Membrana
-5.065,-6.0281,0,Membrana
-4.985,-6.0281,0,Membrana
-4.905,-6.0281,0,Membrana
-4.825,-6.0281,0,Membrana
-4.745,-6.0281,0,Membrana
-4.665,-6.0281,0,Membrana
-4.585,-6.0281,0,Membrana
-4.505,-6.0281,0,Membrana
-4.425,-6.0281,0,Membrana
-4.345,-6.0281,0,Membrana
4.375,-6.0281,0,Membrana
4.455,-6.0281,0,Membrana
4.535,-6.0281,0,Membrana
4.615,-6.0281,0,Membrana
4.695,-6.0281,0,Membrana
4.775,-6.0281,0,Membrana
4.855,-6.0281,0,Membrana
4.935,-6.0281,0,Membrana
5.015,-6.0281,0,Membrana
5.095,-6.0281,0,Membrana
5.175,-6.0281,0,Membrana
5.255,-6.0281,0,Membrana
-5.265,-5.9588,0,Membrana
-5.185,-5.9588,0,Membrana
-5.105,-5.9588,0,Membrana
-5.025,-5.9588,0,Membrana
-4.945,-5.9588,0,Membrana
-4.865,-5.9588,0,Membrana
-4.785,-5.9588,0,Membrana
-4.705,-5.9588,0,Membrana
-4.625,-5.9588,0,Membrana
-4.545,-5.9588,0,Membrana
-4.465,-5.9588,0,Membrana
-4.385,-5.9588,0,Membrana
-4.305,-5.9588,0,Membrana
4.335,-5.9588,0,Membrana
4.415,-5.9588,0,Membrana
4.495,-5.9588,0,Membrana
4.575,-5.9588,0,Membrana
4.655,-5.9588,0,Membrana
4.735,-5.9588,0,Membrana
4.815,-5.9588,0,Membrana
4.895,-5.9588,0,Membrana
4.975,-5.9588,0,Membrana
5.055,-5.9588,0,Membrana
5.135,-5.9588,0,Membrana
5.215,-5.9588,0,Membrana
5.295,-5.9588,0,Membrana
-5.225,-5.8896,0,Membrana
-5.145,-5.8896,0,Membrana
-5.065,-5.8896,0,Membrana
-4.985,-5.8896,0,Membrana
-4.905,-5.8896,0,Membrana
-4.825,-5.8896,0,Membrana
-4.745,-5.8896,0,Membrana
-4.665,-5.8896,0,Membrana
-4.585,-5.8896,0,Membrana
-4.505,-5.8896,0,Membrana
-4.425,-5.8896,0,Membrana
-4.345,-5.8896,0,Membrana
4.375,-5.8896,0,Membrana
4.455,-5.8896,0,Membrana
4.535,-5.8896,0,Membrana
4.615,-5.8896,0,Membrana
4.695,-5.8896,0,Membrana
4.775,-5.8896,0,Membrana
4.855,-5.8896,0,Membrana
4.935,-5.8896,0,Membrana
5.015,-5.8896,0,Membrana
5.095,-5.8896,0,Membrana
5.175,-5.8896,0,Membrana
5.255,-5.8896,0,Membrana
-5.265,-5.8203,0,Membrana
-5.185,-5.8203,0,Membrana
-5.105,-5.8203,0,Membrana
-5.025,-5.8203,0,Membrana
-4.945,-5.8203,0,Membrana
-4.865,-5.8203,0,Membrana
-4.785,-5.8203,0,Membrana
-4.705,-5.8203,0,Membrana
-4.625,-5.8203,0,Membrana
-4.545,-5.8203,0,Membrana
-4.465,-5.8203,0,Membrana
-4.385,-5.8203,0,Membrana
-4.305,-5.8203,0,Membrana
4.335,-5.8203,0,Membrana
4.415,-5.8203,0,Membrana
4.495,-5.8203,0,Membrana
4.575,-5.8203,0,Membrana
4.655,-5.8203,0,Membrana
4.735,-5.8203,0,Membrana
4.815,-5.8203,0,Membrana
4.895,-5.8203,0,Membrana
4.975,-5.8203,0,Membrana
5.055,-5.8203,0,Membrana
5.135,-5.8203,0,Membrana
5.215,-5.8203,0,Membrana
5.295,-5.8203,0,Membrana
-5.225,-5.751,0,Membrana
-5.145,-5.751,0,Membrana
-5.065,-5.751,0,Membrana
-4.985,-5.751,0,Membrana
-4.905,-5.751,0,Membrana
-4.825,-5.751,0,Membrana
-4.745,-5.751,0,Membrana
-4.665,-5.751,0,Membrana
-4.585,-5.751,0,Membrana
-4.505,-5.751,0,Membrana
-4.425,-5.751,0,Membrana
-4.345,-5.751,0,Membrana
4.375,-5.751,0,Membrana
4.455,-5.751,0,Membrana
4.535,-5.751,0,Membrana
4.615,-5.751,0,Membrana
4.695,-5.751,0,Membrana
4.775,-5.751,0,Membrana
4.855,-5.751,0,Membrana
4.935,-5.751,0,Membrana
5.015,-5.751,0,Membrana
5.095,-5.751,0,Membrana
5.175,-5.751,0,Membrana
5.255,-5.751,0,Membrana
-5.265,-5.6817,0,Membrana
-5.185,-5.6817,0,Membrana
-5.105,-5.6817,0,Membrana
-5.025,-5.6817,0,Membrana
-4.945,-5.6817,0,Membrana
-4.865,-5.6817,0,Membrana
-4.785,-5.6817,0,Membrana
-4.705,-5.6817,0,Membrana
-4.625,-5.6817,0,Membrana
-4.545,-5.6817,0,Membrana
-4.465,-5.6817,0,Membrana
-4.385,-5.6817,0,Membrana
-4.305,-5.6817,0,Membrana
4.335,-5.6817,0,Membrana
4.415,-5.6817,0,Membrana
4.495,-5.6817,0,Membrana
4.575,-5.6817,0,Membrana
4.655,-5.6817,0,Membrana
4.735,-5.6817,0,Membrana
4.815,-5.6817,0,Membrana
4.895,-5.6817,0,Membrana
4.975,-5.6817,0,Membrana
5.055,-5.6817,0,Membrana
5.135,-5.6817,0,Membrana
5.215,-5.6817,0,Membrana
5.295,-5.6817,0,Membrana
-5.225,-5.6124,0,Membrana
-5.145,-5.6124,0,Membrana
-5.065,-5.6124,0,Membrana
-4.985,-5.6124,0,Membrana
-4.905,-5.6124,0,Membrana
-4.825,-5.6124,0,Membrana
-4.745,-5.6124,0,Membrana
-4.665,-5.6124,0,Membrana
-4.585,-5.6124,0,Membrana
-4.505,-5.6124,0,Membrana
-4.425,-5.6124,0,Membrana
-4.345,-5.6124,0,Membrana
4.375,-5.6124,0,Membrana
4.455,-5.6124,0,Membrana
4.535,-5.6124,0,Membrana
4.615,-5.6124,0,Membrana
4.695,-5.6124,0,Membrana
4.775,-5.6124,0,Membrana
4.855,-5.6124,0,Membrana
4.935,-5.6124,0,Membrana
5.015,-5.6124,0,Membrana
5.095,-5.6124,0,Membrana
5.175,-5.6124,0,Membrana
5.255,-5.6124,0,Membrana
-5.265,-5.5432,0,Membrana
-5.185,-5.5432,0,Membrana
-5.105,-5.5432,0,Membrana
-5.025,-5.5432,0,Membrana
-4.945,-5.5432,0,Membrana
-4.865,-5.5432,0,Membrana
-4.785,-5.5432,0,Membrana
-4.705,-5.5432,0,Membrana
-4.625,-5.5432,0,Membrana
-4.545,-5.5432,0,Membrana
-4.465,-5.5432,0,Membrana
-4.385,-5.5432,0,Membrana
-4.305,-5.5432,0,Membrana
4.335,-5.5432,0,Membrana
4.415,-5.5432,0,Membrana
4.495,-5.5432,0,Membrana
4.575,-5.5432,0,Membrana
4.655,-5.5432,0,Membrana
4.735,-5.5432,0,Membrana
4.815,-5.5432,0,Membrana
4.895,-5.5432,0,Membrana
4.975,-5.5432,0,Membrana
5.055,-5.5432,0,Membrana
5.135,-5.5432,0,Membrana
5.215,-5.5432,0,Membrana
5.295,-5.5432,0,Membrana
-5.225,-5.4739,0,Membrana
-5.145,-5.4739,0,Membrana
-5.065,-5.4739,0,Membrana
-4.985,-5.4739,0,Membrana
-4.905,-5.4739,0,Membrana
-4.825,-5.4739,0,Membrana
-4.745,-5.4739,0,Membrana
-4.665,-5.4739,0,Membrana
-4.585,-5.4739,0,Membrana
-4.505,-5.4739,0,Membrana
-4.425,-5.4739,0,Membrana
-4.345,-5.4739,0,Membrana
4.295,-5.4739,0,Membrana
4.375,-5.4739,0,Membrana
4.455,-5.4739,0,Membrana
4.535,-5.4739,0,Membrana
4.615,-5.4739,0,Membrana
4.695,-5.4739,0,Membrana
4.775,-5.4739,0,Membrana
4.855,-5.4739,0,Membrana
4.935,-5.4739,0,Membrana
5.015,-5.4739,0,Membrana
5.095,-5.4739,0,Membrana
5.175,-5.4739,0,Membrana
5.255,-5.4739,0,Membrana
-5.265,-5.4046,0,Membrana
-5.185,-5.4046,0,Membrana
-5.105,-5.4046,0,Membrana
-5.025,-5.4046,0,Membrana
-4.945,-5.4046,0,Membrana
-4.865,-5.4046,0,Membrana
-4.785,-5.4046,0,Membrana
-4.705,-5.4046,0,Membrana
-4.625,-5.4046,0,Membrana
-4.545,-5.4046,0,Membrana
-4.465,-5.4046,0,Membrana
-4.385,-5.4046,0,Membrana
-4.305,-5.4046,0,Membrana
4.335,-5.4046,0,Membrana
4.415,-5.4046,0,Membrana
4.495,-5.4046,0,Membrana
4.575,-5.4046,0,Membrana
4.655,-5.4046,0,Membrana
4.735,-5.4046,0,Membrana
4.815,-5.4046,0,Membrana
4.895,-5.4046,0,Membrana
4.975,-5.4046,0,Membrana
5.055,-5.4046,0,Membrana
5.135,-5.4046,0,Membrana
5.215,-5.4046,0,Membrana
-5.225,-5.3353,0,Membrana
-5.145,-5.3353,0,Membrana
-5.065,-5.3353,0,Membrana
-4.985,-5.3353,0,Membrana
-4.905,-5.3353,0,Membrana
-4.825,-5.3353,0,Membrana
-4.745,-5.3353,0,Membrana
-4.665,-5.3353,0,Membrana
-4.585,-5.3353,0,Membrana
-4.505,-5.3353,0,Membrana
-4.425,-5.3353,0,Membrana
-4.345,-5.3353,0,Membrana
4.295,-5.3353,0,Membrana
4.375,-5.3353,0,Membrana
4.455,-5.3353,0,Membrana
4.535,-5.3353,0,Membrana
4.615,-5.3353,0,Membrana
4.695,-5.3353,0,Membrana
4.775,-5.3353,0,Membrana
4.855,-5.3353,0,Membrana
4.935,-5.3353,0,Membrana
5.015,-5.3353,0,Membrana
5.095,-5.3353,0,Membrana
5.175,-5.3353,0,Membrana
5.255,-5.3353,0,Membrana
-5.265,-5.266,0,Membrana
-5.185,-5.266,0,Membrana
-5.105,-5.266,0,Membrana
-5.025,-5.266,0,Membrana
-4.945,-5.266,0,Membrana
-4.865,-5.266,0,Membrana
-4.785,-5.266,0,Membrana
-4.705,-5.266,0,Membrana
-4.625,-5.266,0,Membrana
-4.545,-5.266,0,Membrana
-4.465,-5.266,0,Membrana
-4.385,-5.266,0,Membrana
-4.305,-5.266,0,Membrana
4.335,-5.266,0,Membrana
4.415,-5.266,0,Membrana
4.495,-5.266,0,Membrana
4.575,-5.266,0,Membrana
4.655,-5.266,0,Membrana
4.735,-5.266,0,Membrana
4.815,-5.266,0,Membrana
4.895,-5.266,0,Membrana
4.975,-5.266,0,Membrana
5.055,-5.266,0,Membrana
5.135,-5.266,0,Membrana
5.215,-5.266,0,Membrana
-5.225,-5.1967,0,Membrana
-5.145,-5.1967,0,Membrana
-5.065,-5.1967,0,Membrana
-4.985,-5.1967,0,Membrana
-4.905,-5.1967,0,Membrana
-4.825,-5.1967,0,Membrana
-4.745,-5.1967,0,Membrana
-4.665,-5.1967,0,Membrana
-4.585,-5.1967,0,Membrana
-4.505,-5.1967,0,Membrana
-4.425,-5.1967,0,Membrana
-4.345,-5.1967,0,Membrana
-4.265,-5.1967,0,Membrana
4.295,-5.1967,0,Membrana
4.375,-5.1967,0,Membrana
4.455,-5.1967,0,Membrana
4.535,-5.1967,0,Membrana
4.615,-5.1967,0,Membrana
4.695,-5.1967,0,Membrana
4.775,-5.1967,0,Membrana
4.855,-5.1967,0,Membrana
4.935,-5.1967,0,Membrana
5.015,-5.1967,0,Membrana
5.095,-5.1967,0,Membrana
5.175,-5.1967,0,Membrana
5.255,-5.1967,0,Membrana
-5.185,-5.1275,0,Membrana
-5.105,-5.1275,0,Membrana
-5.025,-5.1275,0,Membrana
-4.945,-5.1275,0,Membrana
-4.865,-5.1275,0,Membrana
-4.785,-5.1275,0,Membrana
-4.705,-5.1275,0,Membrana
-4.625,-5.1275,0,Membrana
-4.545,-5.1275,0,Membrana
-4.465,-5.1275,0,Membrana
-4.385,-5.1275,0,Membrana
-4.305,-5.1275,0,Membrana
4.255,-5.1275,0,Membrana
4.335,-5.1275,0,Membrana
4.415,-5.1275,0,Membrana
4.495,-5.1275,0,Membrana
4.575,-5.1275,0,Membrana
4.655,-5.1275,0,Membrana
4.735,-5.1275,0,Membrana
4.815,-5.1275,0,Membrana
4.895,-5.1275,0,Membrana
4.975,-5.1275,0,Membrana
5.055,-5.1275,0,Membrana
5.135,-5.1275,0,Membrana
5.215,-5.1275,0,Membrana
-5.225,-5.0582,0,Membrana
-5.145,-5.0582,0,Membrana
-5.065,-5.0582,0,Membrana
-4.985,-5.0582,0,Membrana
-4.905,-5.0582,0,Membrana
-4.825,-5.0582,0,Membrana
-4.745,-5.0582,0,Membrana
-4.665,-5.0582,0,Membrana
-4.585,-5.0582,0,Membrana
-4.505,-5.0582,0,Membrana
-4.425,-5.0582,0,Membrana
-4.345,-5.0582,0,Membrana
-4.265,-5.0582,0,Membrana
4.295,-5.0582,0,Membrana
4.375,-5.0582,0,Membrana
4.455,-5.0582,0,Membrana
4.535,-5.0582,0,Membrana
4.615,-5.0582,0,Membrana
4.695,-5.0582,0,Membrana
4.775,-5.0582,0,Membrana
4.855,-5.0582,0,Membrana
4.935,-5.0582,0,Membrana
5.015,-5.0582,0,Membrana
5.095,-5.0582,0,Membrana
5.175,-5.0582,0,Membrana
-5.185,-4.9889,0,Membrana
-5.105,-4.9889,0,Membrana
-5.025,-4.9889,0,Membrana
-4.945,-4.9889,0,Membrana
-4.865,-4.9889,0,Membrana
-4.785,-4.9889,0,Membrana
-4.705,-4.9889,0,Membrana
-4.625,-4.9889,0,Membrana
-4.545,-4.9889,0,Membrana
-4.465,-4.9889,0,Membrana
-4.385,-4.9889,0,Membrana
-4.305,-4.9889,0,Membrana
-4.225,-4.9889,0,Membrana
4.255,-4.9889,0,Membrana
4.335,-4.9889,0,Membrana
4.415,-4.9889,0,Membrana
4.495,-4.9889,0,Membrana
4.575,-4.9889,0,Membrana
4.655,-4.9889,0,Membrana
4.735,-4.9889,0,Membrana
4.815,-4.9889,0,Membrana
4.895,-4.9889,0,Membrana
4.975,-4.9889,0,Membrana
5.055,-4.9889,0,Membrana
5.135,-4.9889,0,Membrana
5.215,-4.9889,0,Membrana
-5.145,-4.9196,0,Membrana
-5.065,-4.9196,0,Membrana
-4.985,-4.9196,0,Membrana
-4.905,-4.9196,0,Membrana
-4.825,-4.9196,0,Membrana
-4.745,-4.9196,0,Membrana
-4.665,-4.9196,0,Membrana
-4.585,-4.9196,0,Membrana
-4.505,-4.9196,0,Membrana
-4.425,-4.9196,0,Membrana
-4.345,-4.9196,0,Membrana
-4.265,-4.9196,0,Membrana
4.215,-4.9196,0,Membrana
4.295,-4.9196,0,Membrana
4.375,-4.9196,0,Membrana
4.455,-4.9196,0,Membrana
4.535,-4.9196,0,Membrana
4.615,-4.9196,0,Membrana
4.695,-4.9196,0,Membrana
4.775,-4.9196,0,Membrana
4.855,-4.9196,0,Membrana
4.935,-4.9196,0,Membrana
5.015,-4.9196,0,Membrana
5.095,-4.9196,0,Membrana
5.175,-4.9196,0,Membrana
-5.185,-4.8503,0,Membrana
-5.105,-4.8503,0,Membrana
-5.025,-4.8503,0,Membrana
-4.945,-4.8503,0,Membrana
-4.865,-4.8503,0,Membrana
-4.785,-4.8503,0,Membrana
-4.705,-4.8503,0,Membrana
-4.625,-4.8503,0,Membrana
-4.545,-4.8503,0,Membrana
-4.465,-4.8503,0,Membrana
-4.385,-4.8503,0,Membrana
-4.305,-4.8503,0,Membrana
-4.225,-4.8503,0,Membrana
4.255,-4.8503,0,Membrana
4.335,-4.8503,0,Membrana
4.415,-4.8503,0,Membrana
4.495,-4.8503,0,Membrana
4.575,-4.8503,0,Membrana
4.655,-4.8503,0,Membrana
4.735,-4.8503,0,Membrana
4.815,-4.8503,0,Membrana
4.895,-4.8503,0,Membrana
4.975,-4.8503,0,Membrana
5.055,-4.8503,0,Membrana
5.135,-4.8503,0,Membrana
-5.145,-4.7811,0,Membrana
-5.065,-4.7811,0,Membrana
-4.985,-4.7811,0,Membrana
-4.905,-4.7811,0,Membrana
-4.825,-4.7811,0,Membrana
-4.745,-4.7811,0,Membrana
-4.665,-4.7811,0,Membrana
-4.585,-4.7811,0,Membrana
-4.505,-4.7811,0,Membrana
-4.425,-4.7811,0,Membrana
-4.345,-4.7811,0,Membrana
-4.265,-4.7811,0,Membrana
-4.185,-4.7811,0,Membrana
4.215,-4.7811,0,Membrana
4.295,-4.7811,0,Membrana
4.375,-4.7811,0,Membrana
4.455,-4.7811,0,Membrana
4.535,-4.7811,0,Membrana
4.615,-4.7811,0,Membrana
4.695,-4.7811,0,Membrana
4.775,-4.7811,0,Membrana
4.855,-4.7811,0,Membrana
4.935,-4.7811,0,Membrana
5.015,-4.7811,0,Membrana
5.095,-4.7811,0,Membrana
5.175,-4.7811,0,Membrana
-5.105,-4.7118,0,Membrana
-5.025,-4.7118,0,Membrana
-4.945,-4.7118,0,Membrana
-4.865,-4.7118,0,Membrana
-4.785,-4.7118,0,Membrana
-4.705,-4.7118,0,Membrana
-4.625,-4.7118,0,Membrana
-4.545,-4.7118,0,Membrana
-4.465,-4.7118,0,Membrana
-4.385,-4.7118,0,Membrana
-4.305,-4.7118,0,Membrana
-4.225,-4.7118,0,Membrana
4.175,-4.7118,0,Membrana
4.255,-4.7118,0,Membrana
4.335,-4.7118,0,Membrana
4.415,-4.7118,0,Membrana
4.495,-4.7118,0,Membrana
4.575,-4.7118,0,Membrana
4.655,-4.7118,0,Membrana
4.735,-4.7118,0,Membrana
4.815,-4.7118,0,Membrana
4.895,-4.7118,0,Membrana
4.975,-4.7118,0,Membrana
5.055,-4.7118,0,Membrana
5.135,-4.7118,0,Membrana
-5.145,-4.6425,0,Membrana
-5.065,-4.6425,0,Membrana
-4.985,-4.6425,0,Membrana
-4.905,-4.6425,0,Membrana
-4.825,-4.6425,0,Membrana
-4.745,-4.6425,0,Membrana
-4.665,-4.6425,0,Membrana
-4.585,-4.6425,0,Membrana
-4.505,-4.6425,0,Membrana
-4.425,-4.6425,0,Membrana
-4.345,-4.6425,0,Membrana
-4.265,-4.6425,0,Membrana
-4.185,-4.6425,0,Membrana
4.135,-4.6425,0,Membrana
4.215,-4.6425,0,Membrana
4.295,-4.6425,0,Membrana
4.375,-4.6425,0,Membrana
4.455,-4.6425,0,Membrana
4.535,-4.6425,0,Membrana
4.615,-4.6425,0,Membrana
4.695,-4.6425,0,Membrana
4.775,-4.6425,0,Membrana
4.855,-4.6425,0,Membrana
4.935,-4.6425,0,Membrana
5.015,-4.6425,0,Membrana
5.095,-4.6425,0,Membrana
-5.105,-4.5732,0,Membrana
-5.025,-4.5732,0,Membrana
-4.945,-4.5732,0,Membrana
-4.865,-4.5732,0,Membrana
-4.785,-4.5732,0,Membrana
-4.705,-4.5732,0,Membrana
-4.625,-4.5732,0,Membrana
-4.545,-4.5732,0,Membrana
-4.465,-4.5732,0,Membrana
-4.385,-4.5732,0,Membrana
-4.305,-4.5732,0,Membrana
-4.225,-4.5732,0,Membrana
-4.145,-4.5732,0,Membrana
4.175,-4.5732,0,Membrana
4.255,-4.5732,0,Membrana
4.335,-4.5732,0,Membrana
4.415,-4.5732,0,Membrana
4.495,-4.5732,0,Membrana
4.575,-4.5732,0,Membrana
4.655,-4.5732,0,Membrana
4.735,-4.5732,0,Membrana
4.815,-4.5732,0,Membrana
4.895,-4.5732,0,Membrana
4.975,-4.5732,0,Membrana
5.055,-4.5732,0,Membrana
5.135,-4.5732,0,Membrana
-5.065,-4.5039,0,Membrana
-4.985,-4.5039,0,Membrana
-4.905,-4.5039,0,Membrana
-4.825,-4.5039,0,Membrana
-4.745,-4.5039,0,Membrana
-4.665,-4.5039,0,Membrana
-4.585,-4.5039,0,Membrana
-4.505,-4.5039,0,Membrana
-4.425,-4.5039,0,Membrana
-4.345,-4.5039,0,Membrana
-4.265,-4.5039,0,Membrana
-4.185,-4.5039,0,Membrana
-4.105,-4.5039,0,Membrana
4.135,-4.5039,0,Membrana
4.215,-4.5039,0,Membrana
4.295,-4.5039,0,Membrana
4.375,-4.5039,0,Membrana
4.455,-4.5039,0,Membrana
4.535,-4.5039,0,Membrana
4.615,-4.5039,0,Membrana
4.695,-4.5039,0,Membrana
4.775,-4.5039,0,Membrana
4.855,-4.5039,0,Membrana
4.935,-4.5039,0,Membrana
5.015,-4.5039,0,Membrana
5.095,-4.5039,0,Membrana
-5.105,-4.4346,0,Membrana
-5.025,-4.4346,0,Membrana
-4.945,-4.4346,0,Membrana
-4.865,-4.4346,0,Membrana
-4.785,-4.4346,0,Membrana
-4.705,-4.4346,0,Membrana
-4.625,-4.4346,0,Membrana
-4.545,-4.4346,0,Membrana
-4.465,-4.4346,0,Membrana
-4.385,-4.4346,0,Membrana
-4.305,-4.4346,0,Membrana
-4.225,-4.4346,0,Membrana
-4.145,-4.4346,0,Membrana
4.095,-4.4346,0,Membrana
4.175,-4.4346,0,Membrana
4.255,-4.4346,0,Membrana
4.335,-4.4346,0,Membrana
4.415,-4.4346,0,Membrana
4.495,-4.4346,0,Membrana
4.575,-4.4346,0,Membrana
4.655,-4.4346,0,Membrana
4.735,-4.4346,0,Membrana
4.815,-4.4346,0,Membrana
4.895,-4.4346,0,Membrana
4.975,-4.4346,0,Membrana
5.055,-4.4346,0,Membrana
-5.065,-4.3654,0,Membrana
-4.985,-4.3654,0,Membrana
-4.905,-4.3654,0,Membrana
-4.825,-4.3654,0,Membrana
-4.745,-4.3654,0,Membrana
-4.665,-4.3654,0,Membrana
-4.585,-4.3654,0,Membrana
-4.505,-4.3654,0,Membrana
-4.425,-4.3654,0,Membrana
-4.345,-4.3654,0,Membrana
-4.265,-4.3654,0,Membrana
-4.185,-4.3654,0,Membrana
-4.105,-4.3654,0,Membrana
4.055,-4.3654,0,Membrana
4.135,-4.3654,0,Membrana
4.215,-4.3654,0,Membrana
4.295,-4.3654,0,Membrana
4.375,-4.3654,0,Membrana
4.455,-4.3654,0,Membrana
4.535,-4.3654,0,Membrana
4.615,-4.3654,0,Membrana
4.695,-4.3654,0,Membrana
4.775,-4.3654,0,Membrana
4.855,-4.3654,0,Membrana
4.935,-4.3654,0,Membrana
5.015,-4.3654,0,Membrana
-5.025,-4.2961,0,Membrana
-4.945,-4.2961,0,Membrana
-4.865,-4.2961,0,Membrana
-4.785,-4.2961,0,Membrana
-4.705,-4.2961,0,Membrana
-4.625,-4.2961,0,Membrana
-4.545,-4.2961,0,Membrana
-4.465,-4.2961,0,Membrana
-4.385,-4.2961,0,Membrana
-4.305,-4.2961,0,Membrana
-4.225,-4.2961,0,Membrana
-4.145,-4.2961,0,Membrana
-4.065,-4.2961,0,Membrana
4.015,-4.2961,0,Membrana
4.095,-4.2961,0,Membrana
4.175,-4.2961,0,Membrana
4.255,-4.2961,0,Membrana
4.335,-4.2961,0,Membrana
4.415,-4.2961,0,Membrana
4.495,-4.2961,0,Membrana
4.575,-4.2961,0,Membrana
4.655,-4.2961,0,Membrana
4.735,-4.2961,0,Membrana
4.815,-4.2961,0,Membrana
4.895,-4.2961,0,Membrana
4.975,-4.2961,0,Membrana
5.055,-4.2961,0,Membrana
-4.985,-4.2268,0,Membrana
-4.905,-4.2268,0,Membrana
-4.825,-4.2268,0,Membrana
-4.745,-4.2268,0,Membrana
-4.665,-4.2268,0,Membrana
-4.585,-4.2268,0,Membrana
-4.505,-4.2268,0,Membrana
-4.425,-4.2268,0,Membrana
-4.345,-4.2268,0,Membrana
-4.265,-4.2268,0,Membrana
-4.185,-4.2268,0,Membrana
-4.105,-4.2268,0,Membrana
-4.025,-4.2268,0,Membrana
4.055,-4.2268,0,Membrana
4.135,-4.2268,0,Membrana
4.215,-4.2268,0,Membrana
4.295,-4.2268,0,Membrana
4.375,-4.2268,0,Membrana
4.455,-4.2268,0,Membrana
4.535,-4.2268,0,Membrana
4.615,-4.2268,0,Membrana
4.695,-4.2268,0,Membrana
4.775,-4.2268,0,Membrana
4.855,-4.2268,0,Membrana
4.935,-4.2268,0,Membrana
5.015,-4.2268,0,Membrana
-5.025,-4.1575,0,Membrana
-4.945,-4.1575,0,Membrana
-4.865,-4.1575,0,Membrana
-4.785,-4.1575,0,Membrana
-4.705,-4.1575,0,Membrana
-4.625,-4.1575,0,Membrana
-4.545,-4.1575,0,Membrana
-4.465,-4.1575,0,Membrana
-4.385,-4.1575,0,Membrana
-4.305,-4.1575,0,Membrana
-4.225,-4.1575,0,Membrana
-4.145,-4.1575,0,Membrana
-4.065,-4.1575,0,Membrana
-3.985,-4.1575,0,Membrana
4.015,-4.1575,0,Membrana
4.095,-4.1575,0,Membrana
4.175,-4.1575,0,Membrana
4.255,-4.1575,0,Membrana
4.335,-4.1575,0,Membrana
4.415,-4.1575,0,Membrana
4.495,-4.1575,0,Membrana
4.575,-4.1575,0,Membrana
4.655,-4.1575,0,Membrana
4.735,-4.1575,0,Membrana
4.815,-4.1575,0,Membrana
4.895,-4.1575,0,Membrana
4.975,-4.1575,0,Membrana
-4.985,-4.0882,0,Membrana
-4.905,-4.0882,0,Membrana
-4.825,-4.0882,0,Membrana
-4.745,-4.0882,0,Membrana
-4.665,-4.0882,0,Membrana
-4.585,-4.0882,0,Membrana
-4.505,-4.0882,0,Membrana
-4.425,-4.0882,0,Membrana
-4.345,-4.0882,0,Membrana
-4.265,-4.0882,0,Membrana
-4.185,-4.0882,0,Membrana
-4.105,-4.0882,0,Membrana
-4.025,-4.0882,0,Membrana
-3.945,-4.0882,0,Membrana
3.975,-4.0882,0,Membrana
4.055,-4.0882,0,Membrana
4.135,-4.0882,0,Membrana
4.215,-4.0882,0,Membrana
4.295,-4.0882,0,Membrana
4.375,-4.0882,0,Membrana
4.455,-4.0882,0,Membrana
4.535,-4.0882,0,Membrana
4.615,-4.0882,0,Membrana
4.695,-4.0882,0,Membrana
4.775,-4.0882,0,Membrana
4.855,-4.0882,0,Membrana
4.935,-4.0882,0,Membrana
-4.945,-4.019,0,Membrana
-4.865,-4.019,0,Membrana
-4.785,-4.019,0,Membrana
-4.705,-4.019,0,Membrana
-4.625,-4.019,0,Membrana
-4.545,-4.019,0,Membrana
-4.465,-4.019,0,Membrana
-4.385,-4.019,0,Membrana
-4.305,-4.019,0,Membrana
-4.225,-4.019,0,Membrana
-4.145,-4.019,0,Membrana
-4.065,-4.019,0,Membrana
-3.985,-4.019,0,Membrana
-3.905,-4.019,0,Membrana
3.935,-4.019,0,Membrana
4.015,-4.019,0,Membrana
4.095,-4.019,0,Membrana
4.175,-4.019,0,Membrana
4.255,-4.019,0,Membrana
4.335,-4.019,0,Membrana
4.415,-4.019,0,Membrana
4.495,-4.019,0,Membrana
4.575,-4.019,0,Membrana
4.655,-4.019,0,Membrana
4.735,-4.019,0,Membrana
4.815,-4.019,0,Membrana
4.895,-4.019,0,Membrana
4.975,-4.019,0,Membrana
-4.905,-3.9497,0,Membrana
-4.825,-3.9497,0,Membrana
-4.745,-3.9497,0,Membrana
-4.665,-3.9497,0,Membrana
-4.585,-3.9497,0,Membrana
-4.505,-3.9497,0,Membrana
-4.425,-3.9497,0,Membrana
-4.345,-3.9497,0,Membrana
-4.265,-3.9497,0,Membrana
-4.185,-3.9497,0,Membrana
-4.105,-3.9497,0,Membrana
-4.025,-3.9497,0,Membrana
-3.945,-3.9497,0,Membrana
-3.865,-3.9497,0,Membrana
3.895,-3.9497,0,Membrana
3.975,-3.9497,0,Membrana
4.055,-3.9497,0,Membrana
4.135,-3.9497,0,Membrana
4.215,-3.9497,0,Membrana
4.295,-3.9497,0,Membrana
4.375,-3.9497,0,Membrana
4.455,-3.9497,0,Membrana
4.535,-3.9497,0,Membrana
4.615,-3.9497,0,Membrana
4.695,-3.9497,0,Membrana
4.775,-3.9497,0,Membrana
4.855,-3.9497,0,Membrana
4.935,-3.9497,0,Membrana
-4.865,-3.8804,0,Membrana
-4.785,-3.8804,0,Membrana
-4.705,-3.8804,0,Membrana
-4.625,-3.8804,0,Membrana
-4.545,-3.8804,0,Membrana
-4.465,-3.8804,0,Membrana
-4.385,-3.8804,0,Membrana
-4.305,-3.8804,0,Membrana
-4.225,-3.8804,0,Membrana
-4.145,-3.8804,0,Membrana
-4.065,-3.8804,0,Membrana
-3.985,-3.8804,0,Membrana
-3.905,-3.8804,0,Membrana
3.855,-3.8804,0,Membrana
3.935,-3.8804,0,Membrana
4.015,-3.8804,0,Membrana
4.095,-3.8804,0,Membrana
4.175,-3.8804,0,Membrana
4.255,-3.8804,0,Membrana
4.335,-3.8804,0,Membrana
4.415,-3.8804,0,Membrana
4.495,-3.8804,0,Membrana
4.575,-3.8804,0,Membrana
4.655,-3.8804,0,Membrana
4.735,-3.8804,0,Membrana
4.815,-3.8804,0,Membrana
4.895,-3.8804,0,Membrana
-4.825,-3.8111,0,Membrana
-4.745,-3.8111,0,Membrana
-4.665,-3.8111,0,Membrana
-4.585,-3.8111,0,Membrana
-4.505,-3.8111,0,Membrana
-4.425,-3.8111,0,Membrana
-4.345,-3.8111,0,Membrana
-4.265,-3.8111,0,Membrana
-4.185,-3.8111,0,Membrana
-4.105,-3.8111,0,Membrana
-4.025,-3.8111,0,Membrana
-3.945,-3.8111,0,Membrana
-3.865,-3.8111,0,Membrana
3.815,-3.8111,0,Membrana
3.895,-3.8111,0,Membrana
3.975,-3.8111,0,Membrana
4.055,-3.8111,0,Membrana
4.135,-3.8111,0,Membrana
4.215,-3.8111,0,Membrana
4.295,-3.8111,0,Membrana
4.375,-3.8111,0,Membrana
4.455,-3.8111,0,Membrana
4.535,-3.8111,0,Membrana
4.615,-3.8111,0,Membrana
4.695,-3.8111,0,Membrana
4.775,-3.8111,0,Membrana
4.855,-3.8111,0,Membrana
-4.865,-3.7418,0,Membrana
-4.785,-3.7418,0,Membrana
-4.705,-3.7418,0,Membrana
-4.625,-3.7418,0,Membrana
-4.545,-3.7418,0,Membrana
-4.465,-3.7418,0,Membrana
-4.385,-3.7418,0,Membrana
-4.305,-3.7418,0,Membrana
-4.225,-3.7418,0,Membrana
-4.145,-3.7418,0,Membrana
-4.065,-3.7418,0,Membrana
-3.985,-3.7418,0,Membrana
-3.905,-3.7418,0,Membrana
-3.825,-3.7418,0,Membrana
3.775,-3.7418,0,Membrana
3.855,-3.7418,0,Membrana
3.935,-3.7418,0,Membrana
4.015,-3.7418,0,Membrana
4.095,-3.7418,0,Membrana
4.175,-3.7418,0,Membrana
4.255,-3.7418,0,Membrana
4.335,-3.7418,0,Membrana
4.415,-3.7418,0,Membrana
4.495,-3.7418,0,Membrana
4.575,-3.7418,0,Membrana
4.655,-3.7418,0,Membrana
4.735,-3.7418,0,Membrana
4.815,-3.7418,0,Membrana
-4.825,-3.6725,0,Membrana
-4.745,-3.6725,0,Membrana
-4.665,-3.6725,0,Membrana
-4.585,-3.6725,0,Membrana
-4.505,-3.6725,0,Membrana
-4.425,-3.6725,0,Membrana
-4.345,-3.6725,0,Membrana
-4.265,-3.6725,0,Membrana
-4.185,-3.6725,0,Membrana
-4.105,-3.6725,0,Membrana
-4.025,-3.6725,0,Membrana
-3.945,-3.6725,0,Membrana
-3.865,-3.6725,0,Membrana
-3.785,-3.6725,0,Membrana
3.735,-3.6725,0,Membrana
3.815,-3.6725,0,Membrana
3.895,-3.6725,0,Membrana
3.975,-3.6725,0,Membrana
4.055,-3.6725,0,Membrana
4.135,-3.6725,0,Membrana
4.215,-3.6725,0,Membrana
4.295,-3.6725,0,Membrana
4.375,-3.6725,0,Membrana
4.455,-3.6725,0,Membrana
4.535,-3.6725,0,Membrana
4.615,-3.6725,0,Membrana
4.695,-3.6725,0,Membrana
4.775,-3.6725,0,Membrana
-4.785,-3.6033,0,Membrana
-4.705,-3.6033,0,Membrana
-4.625,-3.6033,0,Membrana
-4.545,-3.6033,0,Membrana
-4.465,-3.6033,0,Membrana
-4.385,-3.6033,0,Membrana
-4.305,-3.6033,0,Membrana
-4.225,-3.6033,0,Membrana
-4.145,-3.6033,0,Membrana
-4.065,-3.6033,0,Membrana
-3.985,-3.6033,0,Membrana
-3.905,-3.6033,0,Membrana
-3.825,-3.6033,0,Membrana
-3.745,-3.6033,0,Membrana
3.695,-3.6033,0,Membrana
3.775,-3.6033,0,Membrana
3.855,-3.6033,0,Membrana
3.935,-3.6033,0,Membrana
4.015,-3.6033,0,Membrana
4.095,-3.6033,0,Membrana
4.175,-3.6033,0,Membrana
4.255,-3.6033,0,Membrana
4.335,-3.6033,0,Membrana
4.415,-3.6033,0,Membrana
4.495,-3.6033,0,Membrana
4.575,-3.6033,0,Membrana
4.655,-3.6033,0,Membrana
4.735,-3.6033,0,Membrana
-4.745,-3.534,0,Membrana
-4.665,-3.534,0,Membrana
-4.585,-3.534,0,Membrana
-4.505,-3.534,0,Membrana
-4.425,-3.534,0,Membrana
-4.345,-3.534,0,Membrana
-4.265,-3.534,0,Membrana
-4.185,-3.534,0,Membrana
-4.105,-3.534,0,Membrana
-4.025,-3.534,0,Membrana
-3.945,-3.534,0,Membrana
-3.865,-3.534,0,Membrana
-3.785,-3.534,0,Membrana
-3.705,-3.534,0,Membrana
3.655,-3.534,0,Membrana
3.735,-3.534,0,Membrana
3.815,-3.534,0,Membrana
3.895,-3.534,0,Membrana
3.975,-3.534,0,Membrana
4.055,-3.534,0,Membrana
4.135,-3.534,0,Membrana
4.215,-3.534,0,Membrana
4.295,-3.534,0,Membrana
4.375,-3.534,0,Membrana
4.455,-3.534,0,Membrana
4.535,-3.534,0,Membrana
4.615,-3.534,0,Membrana
4.695,-3.534,0,Membrana
-4.705,-3.4647,0,Membrana
-4.625,-3.4647,0,Membrana
-4.545,-3.4647,0,Membrana
-4.465,-3.4647,0,Membrana
-4.385,-3.4647,0,Membrana
-4.305,-3.4647,0,Membrana
-4.225,-3.4647,0,Membrana
-4.145,-3.4647,0,Membrana
-4.065,-3.4647,0,Membrana
-3.985,-3.4647,0,Membrana
-3.905,-3.4647,0,Membrana
-3.825,-3.4647,0,Membrana
-3.745,-3.4647,0,Membrana
-3.665,-3.4647,0,Membrana
-3.585,-3.4647,0,Membrana
3.615,-3.4647,0,Membrana
3.695,-3.4647,0,Membrana
3.775,-3.4647,0,Membrana
3.855,-3.4647,0,Membrana
3.935,-3.4647,0,Membrana
4.015,-3.4647,0,Membrana
4.095,-3.4647,0,Membrana
4.175,-3.4647,0,Membrana
4.255,-3.4647,0,Membrana
4.335,-3.4647,0,Membrana
4.415,-3.4647,0,Membrana
4.495,-3.4647,0,Membrana
4.575,-3.4647,0,Membrana
4.655,-3.4647,0,Membrana
4.735,-3.4647,0,Membrana
-4.665,-3.3954,0,Membrana
-4.585,-3.3954,0,Membrana
-4.505,-3.3954,0,Membrana
-4.425,-3.3954,0,Membrana
-4.345,-3.3954,0,Membrana
-4.265,-3.3954,0,Membrana
-4.185,-3.3954,0,Membrana
-4.105,-3.3954,0,Membrana
-4.025,-3.3954,0,Membrana
-3.945,-3.3954,0,Membrana
-3.865,-3.3954,0,Membrana
-3.785,-3.3954,0,Membrana
-3.705,-3.3954,0,Membrana
-3.625,-3.3954,0,Membrana
-3.545,-3.3954,0,Membrana
3.575,-3.3954,0,Membrana
3.655,-3.3954,0,Membrana
3.735,-3.3954,0,Membrana
3.815,-3.3954,0,Membrana
3.895,-3.3954,0,Membrana
3.975,-3.3954,0,Membrana
4.055,-3.3954,0,Membrana
4.135,-3.3954,0,Membrana
4.215,-3.3954,0,Membrana
4.295,-3.3954,0,Membrana
4.375,-3.3954,0,Membrana
4.455,-3.3954,0,Membrana
4.535,-3.3954,0,Membrana
4.615,-3.3954,0,Membrana
4.695,-3.3954,0,Membrana
-4.625,-3.3261,0,Membrana
-4.545,-3.3261,0,Membrana
-4.465,-3.3261,0,Membrana
-4.385,-3.3261,0,Membrana
-4.305,-3.3261,0,Membrana
-4.225,-3.3261,0,Membrana
-4.145,-3.3261,0,Membrana
-4.065,-3.3261,0,Membrana
-3.985,-3.3261,0,Membrana
-3.905,-3.3261,0,Membrana
-3.825,-3.3261,0,Membrana
-3.745,-3.3261,0,Membrana
-3.665,-3.3261,0,Membrana
-3.585,-3.3261,0,Membrana
-3.505,-3.3261,0,Membrana
3.535,-3.3261,0,Membrana
3.615,-3.3261,0,Membrana
3.695,-3.3261,0,Membrana
3.775,-3.3261,0,Membrana
3.855,-3.3261,0,Membrana
3.935,-3.3261,0,Membrana
4.015,-3.3261,0,Membrana
4.095,-3.3261,0,Membrana
4.175,-3.3261,0,Membrana
4.255,-3.3261,0,Membrana
4.335,-3.3261,0,Membrana
4.415,-3.3261,0,Membrana
4.495,-3.3261,0,Membrana
4.575,-3.3261,0,Membrana
4.655,-3.3261,0,Membrana
-4.585,-3.2568,0,Membrana
-4.505,-3.2568,0,Membrana
-4.425,-3.2568,0,Membrana
-4.345,-3.2568,0,Membrana
-4.265,-3.2568,0,Membrana
-4.185,-3.2568,0,Membrana
-4.105,-3.2568,0,Membrana
-4.025,-3.2568,0,Membrana
-3.945,-3.2568,0,Membrana
-3.865,-3.2568,0,Membrana
-3.785,-3.2568,0,Membrana
-3.705,-3.2568,0,Membrana
-3.625,-3.2568,0,Membrana
-3.545,-3.2568,0,Membrana
-3.465,-3.2568,0,Membrana
3.495,-3.2568,0,Membrana
3.575,-3.2568,0,Membrana
3.655,-3.2568,0,Membrana
3.735,-3.2568,0,Membrana
3.815,-3.2568,0,Membrana
3.895,-3.2568,0,Membrana
3.975,-3.2568,0,Membrana
4.055,-3.2568,0,Membrana
4.135,-3.2568,0,Membrana
4.215,-3.2568,0,Membrana
4.295,-3.2568,0,Membrana
4.375,-3.2568,0,Membrana
4.455,-3.2568,0,Membrana
4.535,-3.2568,0,Membrana
4.615,-3.2568,0,Membrana
-4.545,-3.1876,0,Membrana
-4.465,-3.1876,0,Membrana
-4.385,-3.1876,0,Membrana
-4.305,-3.1876,0,Membrana
-4.225,-3.1876,0,Membrana
-4.145,-3.1876,0,Membrana
-4.065,-3.1876,0,Membrana
-3.985,-3.1876,0,Membrana
-3.905,-3.1876,0,Membrana
-3.825,-3.1876,0,Membrana
-3.745,-3.1876,0,Membrana
-3.665,-3.1876,0,Membrana
-3.585,-3.1876,0,Membrana
-3.505,-3.1876,0,Membrana
-3.425,-3.1876,0,Membrana
3.455,-3.1876,0,Membrana
3.535,-3.1876,0,Membrana
3.615,-3.1876,0,Membrana
3.695,-3.1876,0,Membrana
3.775,-3.1876,0,Membrana
3.855,-3.1876,0,Membrana
3.935,-3.1876,0,Membrana
4.015,-3.1876,0,Membrana
4.095,-3.1876,0,Membrana
4.175,-3.1876,0,Membrana
4.255,-3.1876,0,Membrana
4.335,-3.1876,0,Membrana
4.415,-3.1876,0,Membrana
4.495,-3.1876,0,Membrana
4.575,-3.1876,0,Membrana
-4.505,-3.1183,0,Membrana
-4.425,-3.1183,0,Membrana
-4.345,-3.1183,0,Membrana
-4.265,-3.1183,0,Membrana
-4.185,-3.1183,0,Membrana
-4.105,-3.1183,0,Membrana
-4.025,-3.1183,0,Membrana
-3.945,-3.1183,0,Membrana
-3.865,-3.1183,0,Membrana
-3.785,-3.1183,0,Membrana
-3.705,-3.1183,0,Membrana
-3.625,-3.1183,0,Membrana
-3.545,-3.1183,0,Membrana
-3.465,-3.1183,0,Membrana
-3.385,-3.1183,0,Membrana
3.335,-3.1183,0,Membrana
3.415,-3.1183,0,Membrana
3.495,-3.1183,0,Membrana
3.575,-3.1183,0,Membrana
3.655,-3.1183,0,Membrana
3.735,-3.1183,0,Membrana
3.815,-3.1183,0,Membrana
3.895,-3.1183,0,Membrana
3.975,-3.1183,0,Membrana
4.055,-3.1183,0,Membrana
4.135,-3.1183,0,Membrana
4.215,-3.1183,0,Membrana
4.295,-3.1183,0,Membrana
4.375,-3.1183,0,Membrana
4.455,-3.1183,0,Membrana
4.535,-3.1183,0,Membrana
-4.465,-3.049,0,Membrana
-4.385,-3.049,0,Membrana
-4.305,-3.049,0,Membrana
-4.225,-3.049,0,Membrana
-4.145,-3.049,0,Membrana
-4.065,-3.049,0,Membrana
-3.985,-3.049,0,Membrana
-3.905,-3.049,0,Membrana
-3.825,-3.049,0,Membrana
-3.745,-3.049,0,Membrana
-3.665,-3.049,0,Membrana
-3.585,-3.049,0,Membrana
-3.505,-3.049,0,Membrana
-3.425,-3.049,0,Membrana
-3.345,-3.049,0,Membrana
3.295,-3.049,0,Membrana
3.375,-3.049,0,Membrana
3.455,-3.049,0,Membrana
3.535,-3.049,0,Membrana
3.615,-3.049,0,Membrana
3.695,-3.049,0,Membrana
3.775,-3.049,0,Membrana
3.855,-3.049,0,Membrana
3.935,-3.049,0,Membrana
4.015,-3.049,0,Membrana
4.095,-3.049,0,Membrana
4.175,-3.049,0,Membrana
4.255,-3.049,0,Membrana
4.335,-3.049,0,Membrana
4.415,-3.049,0,Membrana
4.495,-3.049,0,Membrana
-4.425,-2.9797,0,Membrana
-4.345,-2.9797,0,Membrana
-4.265,-2.9797,0,Membrana
-4.185,-2.9797,0,Membrana
-4.105,-2.9797,0,Membrana
-4.025,-2.9797,0,Membrana
-3.945,-2.9797,0,Membrana
-3.865,-2.9797,0,Membrana
-3.785,-2.9797,0,Membrana
-3.705,-2.9797,0,Membrana
-3.625,-2.9797,0,Membrana
-3.545,-2.9797,0,Membrana
-3.465,-2.9797,0,Membrana
-3.385,-2.9797,0,Membrana
-3.305,-2.9797,0,Membrana
-3.225,-2.9797,0,Membrana
3.255,-2.9797,0,Membrana
3.335,-2.9797,0,Membrana
3.415,-2.9797,0,Membrana
3.495,-2.9797,0,Membrana
3.575,-2.9797,0,Membrana
3.655,-2.9797,0,Membrana
3.735,-2.9797,0,Membrana
3.815,-2.9797,0,Membrana
3.895,-2.9797,0,Membrana
3.975,-2.9797,0,Membrana
4.055,-2.9797,0,Membrana
4.135,-2.9797,0,Membrana
4.215,-2.9797,0,Membrana
4.295,-2.9797,0,Membrana
4.375,-2.9797,0,Membrana
4.455,-2.9797,0,Membrana
-4.385,-2.9104,0,Membrana
-4.305,-2.9104,0,Membrana
-4.225,-2.9104,0,Membrana
-4.145,-2.9104,0,Membrana
-4.065,-2.9104,0,Membrana
-3.985,-2.9104,0,Membrana
-3.905,-2.9104,0,Membrana
-3.825,-2.9104,0,Membrana
-3.745,-2.9104,0,Membrana
-3.665,-2.9104,0,Membrana
-3.585,-2.9104,0,Membrana
-3.505,-2.9104,0,Membrana
-3.425,-2.9104,0,Membrana
-3.345,-2.9104,0,Membrana
-3.265,-2.9104,0,Membrana
-3.185,-2.9104,0,Membrana
3.215,-2.9104,0,Membrana
3.295,-2.9104,0,Membrana
3.375,-2.9104,0,Membrana
3.455,-2.9104,0,Membrana
3.535,-2.9104,0,Membrana
3.615,-2.9104,0,Membrana
3.695,-2.9104,0,Membrana
3.775,-2.9104,0,Membrana
3.855,-2.9104,0,Membrana
3.935,-2.9104,0,Membrana
4.015,-2.9104,0,Membrana
4.095,-2.9104,0,Membrana
4.175,-2.9104,0,Membrana
4.255,-2.9104,0,Membrana
4.335,-2.9104,0,Membrana
4.415,-2.9104,0,Membrana
-4.345,-2.8412,0,Membrana
-4.265,-2.8412,0,Membrana
-4.185,-2.8412,0,Membrana
-4.105,-2.8412,0,Membrana
-4.025,-2.8412,0,Membrana
-3.945,-2.8412,0,Membrana
-3.865,-2.8412,0,Membrana
-3.785,-2.8412,0,Membrana
-3.705,-2.8412,0,Membrana
-3.625,-2.8412,0,Membrana
-3.545,-2.8412,0,Membrana
-3.465,-2.8412,0,Membrana
-3.385,-2.8412,0,Membrana
-3.305,-2.8412,0,Membrana
-3.225,-2.8412,0,Membrana
-3.145,-2.8412,0,Membrana
3.095,-2.8412,0,Membrana
3.175,-2.8412,0,Membrana
3.255,-2.8412,0,Membrana
3.335,-2.8412,0,Membrana
3.415,-2.8412,0,Membrana
3.495,-2.8412,0,Membrana
3.575,-2.8412,0,Membrana
3.655,-2.8412,0,Membrana
3.735,-2.8412,0,Membrana
3.815,-2.8412,0,Membrana
3.895,-2.8412,0,Membrana
3.975,-2.8412,0,Membrana
4.055,-2.8412,0,Membrana
4.135,-2.8412,0,Membrana
4.215,-2.8412,0,Membrana
4.295,-2.8412,0,Membrana
-4.305,-2.7719,0,Membrana
-4.225,-2.7719,0,Membrana
-4.145,-2.7719,0,Membrana
-4.065,-2.7719,0,Membrana
-3.985,-2.7719,0,Membrana
-3.905,-2.7719,0,Membrana
-3.825,-2.7719,0,Membrana
-3.745,-2.7719,0,Membrana
-3.665,-2.7719,0,Membrana
-3.585,-2.7719,0,Membrana
-3.505,-2.7719,0,Membrana
-3.425,-2.7719,0,Membrana
-3.345,-2.7719,0,Membrana
-3.265,-2.7719,0,Membrana
-3.185,-2.7719,0,Membrana
-3.105,-2.7719,0,Membrana
-3.025,-2.7719,0,Membrana
3.055,-2.7719,0,Membrana
3.135,-2.7719,0,Membrana
3.215,-2.7719,0,Membrana
3.295,-2.7719,0,Membrana
3.375,-2.7719,0,Membrana
3.455,-2.7719,0,Membrana
3.535,-2.7719,0,Membrana
3.615,-2.7719,0,Membrana
3.695,-2.7719,0,Membrana
3.775,-2.7719,0,Membrana
3.855,-2.7719,0,Membrana
3.935,-2.7719,0,Membrana
4.015,-2.7719,0,Membrana
4.095,-2.7719,0,Membrana
4.175,-2.7719,0,Membrana
4.255,-2.7719,0,Membrana
-4.265,-2.7026,0,Membrana
-4.185,-2.7026,0,Membrana
-4.105,-2.7026,0,Membrana
-4.025,-2.7026,0,Membrana
-3.945,-2.7026,0,Membrana
-3.865,-2.7026,0,Membrana
-3.785,-2.7026,0,Membrana
-3.705,-2.7026,0,Membrana
-3.625,-2.7026,0,Membrana
-3.545,-2.7026,0,Membrana
-3.465,-2.7026,0,Membrana
-3.385,-2.7026,0,Membrana
-3.305,-2.7026,0,Membrana
-3.225,-2.7026,0,Membrana
-3.145,-2.7026,0,Membrana
-3.065,-2.7026,0,Membrana
-2.985,-2.7026,0,Membrana
3.015,-2.7026,0,Membrana
3.095,-2.7026,0,Membrana
3.175,-2.7026,0,Membrana
3.255,-2.7026,0,Membrana
3.335,-2.7026,0,Membrana
3.415,-2.7026,0,Membrana
3.495,-2.7026,0,Membrana
3.575,-2.7026,0,Membrana
3.655,-2.7026,0,Membrana
3.735,-2.7026,0,Membrana
3.815,-2.7026,0,Membrana
3.895,-2.7026,0,Membrana
3.975,-2.7026,0,Membrana
4.055,-2.7026,0,Membrana
4.135,-2.7026,0,Membrana
4.215,-2.7026,0,Membrana
-4.145,-2.6333,0,Membrana
-4.065,-2.6333,0,Membrana
-3.985,-2.6333,0,Membrana
-3.905,-2.6333,0,Membrana
-3.825,-2.6333,0,Membrana
-3.745,-2.6333,0,Membrana
-3.665,-2.6333,0,Membrana
-3.585,-2.6333,0,Membrana
-3.505,-2.6333,0,Membrana
-3.425,-2.6333,0,Membrana
-3.345,-2.6333,0,Membrana
-3.265,-2.6333,0,Membrana
-3.185,-2.6333,0,Membrana
-3.105,-2.6333,0,Membrana
-3.025,-2.6333,0,Membrana
-2.945,-2.6333,0,Membrana
-2.865,-2.6333,0,Membrana
2.895,-2.6333,0,Membrana
2.975,-2.6333,0,Membrana
3.055,-2.6333,0,Membrana
3.135,-2.6333,0,Membrana
3.215,-2.6333,0,Membrana
3.295,-2.6333,0,Membrana
3.375,-2.6333,0,Membrana
3.455,-2.6333,0,Membrana
3.535,-2.6333,0,Membrana
3.615,-2.6333,0,Membrana
3.695,-2.6333,0,Membrana
3.775,-2.6333,0,Membrana
3.855,-2.6333,0,Membrana
3.935,-2.6333,0,Membrana
4.015,-2.6333,0,Membrana
4.095,-2.6333,0,Membrana
4.175,-2.6333,0,Membrana
-4.105,-2.564,0,Membrana
-4.025,-2.564,0,Membrana
-3.945,-2.564,0,Membrana
-3.865,-2.564,0,Membrana
-3.785,-2.564,0,Membrana
-3.705,-2.564,0,Membrana
-3.625,-2.564,0,Membrana
-3.545,-2.564,0,Membrana
-3.465,-2.564,0,Membrana
-3.385,-2.564,0,Membrana
-3.305,-2.564,0,Membrana
-3.225,-2.564,0,Membrana
-3.145,-2.564,0,Membrana
-3.065,-2.564,0,Membrana
-2.985,-2.564,0,Membrana
-2.905,-2.564,0,Membrana
-2.825,-2.564,0,Membrana
2.855,-2.564,0,Membrana
2.935,-2.564,0,Membrana
3.015,-2.564,0,Membrana
3.095,-2.564,0,Membrana
3.175,-2.564,0,Membrana
3.255,-2.564,0,Membrana
3.335,-2.564,0,Membrana
3.415,-2.564,0,Membrana
3.495,-2.564,0,Membrana
3.575,-2.564,0,Membrana
3.655,-2.564,0,Membrana
3.735,-2.564,0,Membrana
3.815,-2.564,0,Membrana
3.895,-2.564,0,Membrana
3.975,-2.564,0,Membrana
4.055,-2.564,0,Membrana
4.135,-2.564,0,Membrana
-4.065,-2.4947,0,Membrana
-3.985,-2.4947,0,Membrana
-3.905,-2.4947,0,Membrana
-3.825,-2.4947,0,Membrana
-3.745,-2.4947,0,Membrana
-3.665,-2.4947,0,Membrana
-3.585,-2.4947,0,Membrana
-3.505,-2.4947,0,Membrana
-3.425,-2.4947,0,Membrana
-3.345,-2.4947,0,Membrana
-3.265,-2.4947,0,Membrana
-3.185,-2.4947,0,Membrana
-3.105,-2.4947,0,Membrana
-3.025,-2.4947,0,Membrana
-2.945,-2.4947,0,Membrana
-2.865,-2.4947,0,Membrana
-2.785,-2.4947,0,Membrana
-2.705,-2.4947,0,Membrana
2.735,-2.4947,0,Membrana
2.815,-2.4947,0,Membrana
2.895,-2.4947,0,Membrana
2.975,-2.4947,0,Membrana
3.055,-2.4947,0,Membrana
3.135,-2.4947,0,Membrana
3.215,-2.4947,0,Membrana
3.295,-2.4947,0,Membrana
3.375,-2.4947,0,Membrana
3.455,-2.4947,0,Membrana
3.535,-2.4947,0,Membrana
3.615,-2.4947,0,Membrana
3.695,-2.4947,0,Membrana
3.775,-2.4947,0,Membrana
3.855,-2.4947,0,Membrana
3.935,-2.4947,0,Membrana
4.015,-2.4947,0,Membrana
4.095,-2.4947,0,Membrana
-4.025,-2.4255,0,Membrana
-3.945,-2.4255,0,Membrana
-3.865,-2.4255,0,Membrana
-3.785,-2.4255,0,Membrana
-3.705,-2.4255,0,Membrana
-3.625,-2.4255,0,Membrana
-3.545,-2.4255,0,Membrana
-3.465,-2.4255,0,Membrana
-3.385,-2.4255,0,Membrana
-3.305,-2.4255,0,Membrana
-3.225,-2.4255,0,Membrana
-3.145,-2.4255,0,Membrana
-3.065,-2.4255,0,Membrana
-2.985,-2.4255,0,Membrana
-2.905,-2.4255,0,Membrana
-2.825,-2.4255,0,Membrana
-2.745,-2.4255,0,Membrana
-2.665,-2.4255,0,Membrana
2.615,-2.4255,0,Membrana
2.695,-2.4255,0,Membrana
2.775,-2.4255,0,Membrana
2.855,-2.4255,0,Membrana
2.935,-2.4255,0,Membrana
3.015,-2.4255,0,Membrana
3.095,-2.4255,0,Membrana
3.175,-2.4255,0,Membrana
3.255,-2.4255,0,Membrana
3.335,-2.4255,0,Membrana
3.415,-2.4255,0,Membrana
3.495,-2.4255,0,Membrana
3.575,-2.4255,0,Membrana
3.655,-2.4255,0,Membrana
3.735,-2.4255,0,Membrana
3.815,-2.4255,0,Membrana
3.895,-2.4255,0,Membrana
3.975,-2.4255,0,Membrana
-3.985,-2.3562,0,Membrana
-3.905,-2.3562,0,Membrana
-3.825,-2.3562,0,Membrana
-3.745,-2.3562,0,Membrana
-3.665,-2.3562,0,Membrana
-3.585,-2.3562,0,Membrana
-3.505,-2.3562,0,Membrana
-3.425,-2.3562,0,Membrana
-3.345,-2.3562,0,Membrana
-3.265,-2.3562,0,Membrana
-3.185,-2.3562,0,Membrana
-3.105,-2.3562,0,Membrana
-3.025,-2.3562,0,Membrana
-2.945,-2.3562,0,Membrana
-2.865,-2.3562,0,Membrana
-2.785,-2.3562,0,Membrana
-2.705,-2.3562,0,Membrana
-2.625,-2.3562,0,Membrana
-2.545,-2.3562,0,Membrana
2.575,-2.3562,0,Membrana
2.655,-2.3562,0,Membrana
2.735,-2.3562,0,Membrana
2.815,-2.3562,0,Membrana
2.895,-2.3562,0,Membrana
2.975,-2.3562,0,Membrana
3.055,-2.3562,0,Membrana
3.135,-2.3562,0,Membrana
3.215,-2.3562,0,Membrana
3.295,-2.3562,0,Membrana
3.375,-2.3562,0,Membrana
3.455,-2.3562,0,Membrana
3.535,-2.3562,0,Membrana
3.615,-2.3562,0,Membrana
3.695,-2.3562,0,Membrana
3.775,-2.3562,0,Membrana
3.855,-2.3562,0,Membrana
3.935,-2.3562,0,Membrana
-3.865,-2.2869,0,Membrana
-3.785,-2.2869,0,Membrana
-3.705,-2.2869,0,Membrana
-3.625,-2.2869,0,Membrana
-3.545,-2.2869,0,Membrana
-3.465,-2.2869,0,Membrana
-3.385,-2.2869,0,Membrana
-3.305,-2.2869,0,Membrana
-3.225,-2.2869,0,Membrana
-3.145,-2.2869,0,Membrana
-3.065,-2.2869,0,Membrana
-2.985,-2.2869,0,Membrana
-2.905,-2.2869,0,Membrana
-2.825,-2.2869,0,Membrana
-2.745,-2.2869,0,Membrana
-2.665,-2.2869,0,Membrana
-2.585,-2.2869,0,Membrana
-2.505,-2.2869,0,Membrana
-2.425,-2.2869,0,Membrana
2.455,-2.2869,0,Membrana
2.535,-2.2869,0,Membrana
2.615,-2.2869,0,Membrana
2.695,-2.2869,0,Membrana
2.775,-2.2869,0,Membrana
2.855,-2.2869,0,Membrana
2.935,-2.2869,0,Membrana
3.015,-2.2869,0,Membrana
3.095,-2.2869,0,Membrana
3.175,-2.2869,0,Membrana
3.255,-2.2869,0,Membrana
3.335,-2.2869,0,Membrana
3.415,-2.2869,0,Membrana
3.495,-2.2869,0,Membrana
3.575,-2.2869,0,Membrana
3.655,-2.2869,0,Membrana
3.735,-2.2869,0,Membrana
3.815,-2.2869,0,Membrana
3.895,-2.2869,0,Membrana
-3.825,-2.2176,0,Membrana
-3.745,-2.2176,0,Membrana
-3.665,-2.2176,0,Membrana
-3.585,-2.2176,0,Membrana
-3.505,-2.2176,0,Membrana
-3.425,-2.2176,0,Membrana
-3.345,-2.2176,0,Membrana
-3.265,-2.2176,0,Membrana
-3.185,-2.2176,0,Membrana
-3.105,-2.2176,0,Membrana
-3.025,-2.2176,0,Membrana
-2.945,-2.2176,0,Membrana
-2.865,-2.2176,0,Membrana
-2.785,-2.2176,0,Membrana
-2.705,-2.2176,0,Membrana
-2.625,-2.2176,0,Membrana
-2.545,-2.2176,0,Membrana
-2.465,-2.2176,0,Membrana
-2.385,-2.2176,0,Membrana
2.335,-2.2176,0,Membrana
2.415,-2.2176,0,Membrana
2.495,-2.2176,0,Membrana
2.575,-2.2176,0,Membrana
2.655,-2.2176,0,Membrana
2.735,-2.2176,0,Membrana
2.815,-2.2176,0,Membrana
2.895,-2.2176,0,Membrana
2.975,-2.2176,0,Membrana
3.055,-2.2176,0,Membrana
3.135,-2.2176,0,Membrana
3.215,-2.2176,0,Membrana
3.295,-2.2176,0,Membrana
3.375,-2.2176,0,Membrana
3.455,-2.2176,0,Membrana
3.535,-2.2176,0,Membrana
3.615,-2.2176,0,Membrana
3.695,-2.2176,0,Membrana
3.775,-2.2176,0,Membrana
3.855,-2.2176,0,Membrana
-3.785,-2.1483,0,Membrana
-3.705,-2.1483,0,Membrana
-3.625,-2.1483,0,Membrana
-3.545,-2.1483,0,Membrana
-3.465,-2.1483,0,Membrana
-3.385,-2.1483,0,Membrana
-3.305,-2.1483,0,Membrana
-3.225,-2.1483,0,Membrana
-3.145,-2.1483,0,Membrana
-3.065,-2.1483,0,Membrana
-2.985,-2.1483,0,Membrana
-2.905,-2.1483,0,Membrana
-2.825,-2.1483,0,Membrana
-2.745,-2.1483,0,Membrana
-2.665,-2.1483,0,Membrana
-2.585,-2.1483,0,Membrana
-2.505,-2.1483,0,Membrana
-2.425,-2.1483,0,Membrana
-2.345,-2.1483,0,Membrana
-2.265,-2.1483,0,Membrana
2.215,-2.1483,0,Membrana
2.295,-2.1483,0,Membrana
2.375,-2.1483,0,Membrana
2.455,-2.1483,0,Membrana
2.535,-2.1483,0,Membrana
2.615,-2.1483,0,Membrana
2.695,-2.1483,0,Membrana
2.775,-2.1483,0,Membrana
2.855,-2.1483,0,Membrana
2.935,-2.1483,0,Membrana
3.015,-2.1483,0,Membrana
3.095,-2.1483,0,Membrana
3.175,-2.1483,0,Membrana
3.255,-2.1483,0,Membrana
3.335,-2.1483,0,Membrana
3.415,-2.1483,0,Membrana
3.495,-2.1483,0,Membrana
3.575,-2.1483,0,Membrana
3.655,-2.1483,0,Membrana
3.735,-2.1483,0,Membrana
-3.665,-2.0791,0,Membrana
-3.585,-2.0791,0,Membrana
-3.505,-2.0791,0,Membrana
-3.425,-2.0791,0,Membrana
-3.345,-2.0791,0,Membrana
-3.265,-2.0791,0,Membrana
-3.185,-2.0791,0,Membrana
-3.105,-2.0791,0,Membrana
-3.025,-2.0791,0,Membrana
-2.945,-2.0791,0,Membrana
-2.865,-2.0791,0,Membrana
-2.785,-2.0791,0,Membrana
-2.705,-2.0791,0,Membrana
-2.625,-2.0791,0,Membrana
-2.545,-2.0791,0,Membrana
-2.465,-2.0791,0,Membrana
-2.385,-2.0791,0,Membrana
-2.305,-2.0791,0,Membrana
-2.225,-2.0791,0,Membrana
-2.145,-2.0791,0,Membrana
2.095,-2.0791,0,Membrana
2.175,-2.0791,0,Membrana
2.255,-2.0791,0,Membrana
2.335,-2.0791,0,Membrana
2.415,-2.0791,0,Membrana
2.495,-2.0791,0,Membrana
2.575,-2.0791,0,Membrana
2.655,-2.0791,0,Membrana
2.735,-2.0791,0,Membrana
2.815,-2.0791,0,Membrana
2.895,-2.0791,0,Membrana
2.975,-2.0791,0,Membrana
3.055,-2.0791,0,Membrana
3.135,-2.0791,0,Membrana
3.215,-2.0791,0,Membrana
3.295,-2.0791,0,Membrana
3.375,-2.0791,0,Membrana
3.455,-2.0791,0,Membrana
3.535,-2.0791,0,Membrana
3.615,-2.0791,0,Membrana
3.695,-2.0791,0,Membrana
-3.625,-2.0098,0,Membrana
-3.545,-2.0098,0,Membrana
-3.465,-2.0098,0,Membrana
-3.385,-2.0098,0,Membrana
-3.305,-2.0098,0,Membrana
-3.225,-2.0098,0,Membrana
-3.145,-2.0098,0,Membrana
-3.065,-2.0098,0,Membrana
-2.985,-2.0098,0,Membrana
-2.905,-2.0098,0,Membrana
-2.825,-2.0098,0,Membrana
-2.745,-2.0098,0,Membrana
-2.665,-2.0098,0,Membrana
-2.585,-2.0098,0,Membrana
-2.505,-2.0098,0,Membrana
-2.425,-2.0098,0,Membrana
-2.345,-2.0098,0,Membrana
-2.265,-2.0098,0,Membrana
-2.185,-2.0098,0,Membrana
-2.105,-2.0098,0,Membrana
-2.025,-2.0098,0,Membrana
1.975,-2.0098,0,Membrana
2.055,-2.0098,0,Membrana
2.135,-2.0098,0,Membrana
2.215,-2.0098,0,Membrana
2.295,-2.0098,0,Membrana
2.375,-2.0098,0,Membrana
2.455,-2.0098,0,Membrana
2.535,-2.0098,0,Membrana
2.615,-2.0098,0,Membrana
2.695,-2.0098,0,Membrana
2.775,-2.0098,0,Membrana
2.855,-2.0098,0,Membrana
2.935,-2.0098,0,Membrana
3.015,-2.0098,0,Membrana
3.095,-2.0098,0,Membrana
3.175,-2.0098,0,Membrana
3.255,-2.0098,0,Membrana
3.335,-2.0098,0,Membrana
3.415,-2.0098,0,Membrana
3.495,-2.0098,0,Membrana
3.575,-2.0098,0,Membrana
3.655,-2.0098,0,Membrana
-3.585,-1.9405,0,Membrana
-3.505,-1.9405,0,Membrana
-3.425,-1.9405,0,Membrana
-3.345,-1.9405,0,Membrana
-3.265,-1.9405,0,Membrana
-3.185,-1.9405,0,Membrana
-3.105,-1.9405,0,Membrana
-3.025,-1.9405,0,Membrana
-2.945,-1.9405,0,Membrana
-2.865,-1.9405,0,Membrana
-2.785,-1.9405,0,Membrana
-2.705,-1.9405,0,Membrana
-2.625,-1.9405,0,Membrana
-2.545,-1.9405,0,Membrana
-2.465,-1.9405,0,Membrana
-2.385,-1.9405,0,Membrana
-2.305,-1.9405,0,Membrana
-2.225,-1.9405,0,Membrana
-2.145,-1.9405,0,Membrana
-2.065,-1.9405,0,Membrana
-1.985,-1.9405,0,Membrana
-1.905,-1.9405,0,Membrana
-1.825,-1.9405,0,Membrana
1.855,-1.9405,0,Membrana
1.935,-1.9405,0,Membrana
2.015,-1.9405,0,Membrana
2.095,-1.9405,0,Membrana
2.175,-1.9405,0,Membrana
2.255,-1.9405,0,Membrana
2.335,-1.9405,0,Membrana
2.415,-1.9405,0,Membrana
2.495,-1.9405,0,Membrana
2.575,-1.9405,0,Membrana
2.655,-1.9405,0,Membrana
2.735,-1.9405,0,Membrana
2.815,-1.9405,0,Membrana
2.895,-1.9405,0,Membrana
2.975,-1.9405,0,Membrana
3.055,-1.9405,0,Membrana
3.135,-1.9405,0,Membrana
3.215,-1.9405,0,Membrana
3.295,-1.9405,0,Membrana
3.375,-1.9405,0,Membrana
3.455,-1.9405,0,Membrana
3.535,-1.9405,0,Membrana
-3.465,-1.8712,0,Membrana
-3.385,-1.8712,0,Membrana
-3.305,-1.8712,0,Membrana
-3.225,-1.8712,0,Membrana
-3.145,-1.8712,0,Membrana
-3.065,-1.8712,0,Membrana
-2.985,-1.8712,0,Membrana
-2.905,-1.8712,0,Membrana
-2.825,-1.8712,0,Membrana
-2.745,-1.8712,0,Membrana
-2.665,-1.8712,0,Membrana
-2.585,-1.8712,0,Membrana
-2.505,-1.8712,0,Membrana
-2.425,-1.8712,0,Membrana
-2.345,-1.8712,0,Membrana
-2.265,-1.8712,0,Membrana
-2.185,-1.8712,0,Membrana
-2.105,-1.8712,0,Membrana
-2.025,-1.8712,0,Membrana
-1.945,-1.8712,0,Membrana
-1.865,-1.8712,0,Membrana
-1.785,-1.8712,0,Membrana
-1.705,-1.8712,0,Membrana
1.655,-1.8712,0,Membrana
1.735,-1.8712,0,Membrana
1.815,-1.8712,0,Membrana
1.895,-1.8712,0,Membrana
1.975,-1.8712,0,Membrana
2.055,-1.8712,0,Membrana
2.135,-1.8712,0,Membrana
2.215,-1.8712,0,Membrana
2.295,-1.8712,0,Membrana
2.375,-1.8712,0,Membrana
2.455,-1.8712,0,Membrana
2.535,-1.8712,0,Membrana
2.615,-1.8712,0,Membrana
2.695,-1.8712,0,Membrana
2.775,-1.8712,0,Membrana
2.855,-1.8712,0,Membrana
2.935,-1.8712,0,Membrana
3.015,-1.8712,0,Membrana
3.095,-1.8712,0,Membrana
3.175,-1.8712,0,Membrana
3.255,-1.8712,0,Membrana
3.335,-1.8712,0,Membrana
3.415,-1.8712,0,Membrana
3.495,-1.8712,0,Membrana
-3.425,-1.8019,0,Membrana
-3.345,-1.8019,0,Membrana
-3.265,-1.8019,0,Membrana
-3.185,-1.8019,0,Membrana
-3.105,-1.8019,0,Membrana
-3.025,-1.8019,0,Membrana
-2.945,-1.8019,0,Membrana
-2.865,-1.8019,0,Membrana
-2.785,-1.8019,0,Membrana
-2.705,-1.8019,0,Membrana
-2.625,-1.8019,0,Membrana
-2.545,-1.8019,0,Membrana
-2.465,-1.8019,0,Membrana
-2.385,-1.8019,0,Membrana
-2.305,-1.8019,0,Membrana
-2.225,-1.8019,0,Membrana
-2.145,-1.8019,0,Membrana
-2.065,-1.8019,0,Membrana
-1.985,-1.8019,0,Membrana
-1.905,-1.8019,0,Membrana
-1.825,-1.8019,0,Membrana
-1.745,-1.8019,0,Membrana
-1.665,-1.8019,0,Membrana
-1.585,-1.8019,0,Membrana
-1.505,-1.8019,0,Membrana
1.535,-1.8019,0,Membrana
1.615,-1.8019,0,Membrana
1.695,-1.8019,0,Membrana
1.775,-1.8019,0,Membrana
1.855,-1.8019,0,Membrana
1.935,-1.8019,0,Membrana
2.015,-1.8019,0,Membrana
2.095,-1.8019,0,Membrana
2.175,-1.8019,0,Membrana
2.255,-1.8019,0,Membrana
2.335,-1.8019,0,Membrana
2.415,-1.8019,0,Membrana
2.495,-1.8019,0,Membrana
2.575,-1.8019,0,Membrana
2.655,-1.8019,0,Membrana
2.735,-1.8019,0,Membrana
2.815,-1.8019,0,Membrana
2.895,-1.8019,0,Membrana
2.975,-1.8019,0,Membrana
3.055,-1.8019,0,Membrana
3.135,-1.8019,0,Membrana
3.215,-1.8019,0,Membrana
3.295,-1.8019,0,Membrana
3.375,-1.8019,0,Membrana
-3.305,-1.7326,0,Membrana
-3.225,-1.7326,0,Membrana
-3.145,-1.7326,0,Membrana
-3.065,-1.7326,0,Membrana
-2.985,-1.7326,0,Membrana
-2.905,-1.7326,0,Membrana
-2.825,-1.7326,0,Membrana
-2.745,-1.7326,0,Membrana
-2.665,-1.7326,0,Membrana
-2.585,-1.7326,0,Membrana
-2.505,-1.7326,0,Membrana
-2.425,-1.7326,0,Membrana
-2.345,-1.7326,0,Membrana
-2.265,-1.7326,0,Membrana
-2.185,-1.7326,0,Membrana
-2.105,-1.7326,0,Membrana
-2.025,-1.7326,0,Membrana
-1.945,-1.7326,0,Membrana
-1.865,-1.7326,0,Membrana
-1.785,-1.7326,0,Membrana
-1.705,-1.7326,0,Membrana
-1.625,-1.7326,0,Membrana
-1.545,-1.7326,0,Membrana
-1.465,-1.7326,0,Membrana
-1.385,-1.7326,0,Membrana
-1.305,-1.7326,0,Membrana
1.335,-1.7326,0,Membrana
1.415,-1.7326,0,Membrana
1.495,-1.7326,0,Membrana
1.575,-1.7326,0,Membrana
1.655,-1.7326,0,Membrana
1.735,-1.7326,0,Membrana
1.815,-1.7326,0,Membrana
1.895,-1.7326,0,Membrana
1.975,-1.7326,0,Membrana
2.055,-1.7326,0,Membrana
2.135,-1.7326,0,Membrana
2.215,-1.7326,0,Membrana
2.295,-1.7326,0,Membrana
2.375,-1.7326,0,Membrana
2.455,-1.7326,0,Membrana
2.535,-1.7326,0,Membrana
2.615,-1.7326,0,Membrana
2.695,-1.7326,0,Membrana
2.775,-1.7326,0,Membrana
2.855,-1.7326,0,Membrana
2.935,-1.7326,0,Membrana
3.015,-1.7326,0,Membrana
3.095,-1.7326,0,Membrana
3.175,-1.7326,0,Membrana
3.255,-1.7326,0,Membrana
3.335,-1.7326,0,Membrana
-3.185,-1.6634,0,Membrana
-3.105,-1.6634,0,Membrana
-3.025,-1.6634,0,Membrana
-2.945,-1.6634,0,Membrana
-2.865,-1.6634,0,Membrana
-2.785,-1.6634,0,Membrana
-2.705,-1.6634,0,Membrana
-2.625,-1.6634,0,Membrana
-2.545,-1.6634,0,Membrana
-2.465,-1.6634,0,Membrana
-2.385,-1.6634,0,Membrana
-2.305,-1.6634,0,Membrana
-2.225,-1.6634,0,Membrana
-2.145,-1.6634,0,Membrana
-2.065,-1.6634,0,Membrana
-1.985,-1.6634,0,Membrana
-1.905,-1.6634,0,Membrana
-1.825,-1.6634,0,Membrana
-1.745,-1.6634,0,Membrana
-1.665,-1.6634,0,Membrana
-1.585,-1.6634,0,Membrana
-1.505,-1.6634,0,Membrana
-1.425,-1.6634,0,Membrana
-1.345,-1.6634,0,Membrana
-1.265,-1.6634,0,Membrana
-1.185,-1.6634,0,Membrana
-1.105,-1.6634,0,Membrana
-1.025,-1.6634,0,Membrana
1.055,-1.6634,0,Membrana
1.135,-1.6634,0,Membrana
1.215,-1.6634,0,Membrana
1.295,-1.6634,0,Membrana
1.375,-1.6634,0,Membrana
1.455,-1.6634,0,Membrana
1.535,-1.6634,0,Membrana
1.615,-1.6634,0,Membrana
1.695,-1.6634,0,Membrana
1.775,-1.6634,0,Membrana
1.855,-1.6634,0,Membrana
1.935,-1.6634,0,Membrana
2.015,-1.6634,0,Membrana
2.095,-1.6634,0,Membrana
2.175,-1.6634,0,Membrana
2.255,-1.6634,0,Membrana
2.335,-1.6634,0,Membrana
2.415,-1.6634,0,Membrana
2.495,-1.6634,0,Membrana
2.575,-1.6634,0,Membrana
2.655,-1.6634,0,Membrana
2.735,-1.6634,0,Membrana
2.815,-1.6634,0,Membrana
2.895,-1.6634,0,Membrana
2.975,-1.6634,0,Membrana
3.055,-1.6634,0,Membrana
3.135,-1.6634,0,Membrana
3.215,-1.6634,0,Membrana
-3.145,-1.5941,0,Membrana
-3.065,-1.5941,0,Membrana
-2.985,-1.5941,0,Membrana
-2.905,-1.5941,0,Membrana
-2.825,-1.5941,0,Membrana
-2.745,-1.5941,0,Membrana
-2.665,-1.5941,0,Membrana
-2.585,-1.5941,0,Membrana
-2.505,-1.5941,0,Membrana
-2.425,-1.5941,0,Membrana
-2.345,-1.5941,0,Membrana
-2.265,-1.5941,0,Membrana
-2.185,-1.5941,0,Membrana
-2.105,-1.5941,0,Membrana
-2.025,-1.5941,0,Membrana
-1.945,-1.5941,0,Membrana
-1.865,-1.5941,0,Membrana
-1.785,-1.5941,0,Membrana
-1.705,-1.5941,0,Membrana
-1.625,-1.5941,0,Membrana
-1.545,-1.5941,0,Membrana
-1.465,-1.5941,0,Membrana
-1.385,-1.5941,0,Membrana
-1.305,-1.5941,0,Membrana
-1.225,-1.5941,0,Membrana
-1.145,-1.5941,0,Membrana
-1.065,-1.5941,0,Membrana
-0.985,-1.5941,0,Membrana
-0.905,-1.5941,0,Membrana
-0.825,-1.5941,0,Membrana
-0.745,-1.5941,0,Membrana
-0.665,-1.5941,0,Membrana
0.695,-1.5941,0,Membrana
0.775,-1.5941,0,Membrana
0.855,-1.5941,0,Membrana
0.935,-1.5941,0,Membrana
1.015,-1.5941,0,Membrana
1.095,-1.5941,0,Membrana
1.175,-1.5941,0,Membrana
1.255,-1.5941,0,Membrana
1.335,-1.5941,0,Membrana
1.415,-1.5941,0,Membrana
1.495,-1.5941,0,Membrana
1.575,-1.5941,0,Membrana
1.655,-1.5941,0,Membrana
1.735,-1.5941,0,Membrana
1.815,-1.5941,0,Membrana
1.895,-1.5941,0,Membrana
1.975,-1.5941,0,Membrana
2.055,-1.5941,0,Membrana
2.135,-1.5941,0,Membrana
2.215,-1.5941,0,Membrana
2.295,-1.5941,0,Membrana
2.375,-1.5941,0,Membrana
2.455,-1.5941,0,Membrana
2.535,-1.5941,0,Membrana
2.615,-1.5941,0,Membrana
2.695,-1.5941,0,Membrana
2.775,-1.5941,0,Membrana
2.855,-1.5941,0,Membrana
2.935,-1.5941,0,Membrana
3.015,-1.5941,0,Membrana
3.095,-1.5941,0,Membrana
-3.025,-1.5248,0,Membrana
-2.945,-1.5248,0,Membrana
-2.865,-1.5248,0,Membrana
-2.785,-1.5248,0,Membrana
-2.705,-1.5248,0,Membrana
-2.625,-1.5248,0,Membrana
-2.545,-1.5248,0,Membrana
-2.465,-1.5248,0,Membrana
-2.385,-1.5248,0,Membrana
-2.305,-1.5248,0,Membrana
-2.225,-1.5248,0,Membrana
-2.145,-1.5248,0,Membrana
-2.065,-1.5248,0,Membrana
-1.985,-1.5248,0,Membrana
-1.905,-1.5248,0,Membrana
-1.825,-1.5248,0,Membrana
-1.745,-1.5248,0,Membrana
-1.665,-1.5248,0,Membrana
-1.585,-1.5248,0,Membrana
-1.505,-1.5248,0,Membrana
-1.425,-1.5248,0,Membrana
-1.345,-1.5248,0,Membrana
-1.265,-1.5248,0,Membrana
-1.185,-1.5248,0,Membrana
-1.105,-1.5248,0,Membrana
-1.025,-1.5248,0,Membrana
-0.945,-1.5248,0,Membrana
-0.865,-1.5248,0,Membrana
-0.785,-1.5248,0,Membrana
-0.705,-1.5248,0,Membrana
-0.625,-1.5248,0,Membrana
-0.545,-1.5248,0,Membrana
-0.465,-1.5248,0,Membrana
-0.385,-1.5248,0,Membrana
-0.305,-1.5248,0,Membrana
-0.225,-1.5248,0,Membrana
-0.145,-1.5248,0,Membrana
-0.065,-1.5248,0,Membrana
0.015,-1.5248,0,Membrana
0.095,-1.5248,0,Membrana
0.175,-1.5248,0,Membrana
0.255,-1.5248,0,Membrana
0.335,-1.5248,0,Membrana
0.415,-1.5248,0,Membrana
0.495,-1.5248,0,Membrana
0.575,-1.5248,0,Membrana
0.655,-1.5248,0,Membrana
0.735,-1.5248,0,Membrana
0.815,-1.5248,0,Membrana
0.895,-1.5248,0,Membrana
0.975,-1.5248,0,Membrana
1.055,-1.5248,0,Membrana
1.135,-1.5248,0,Membrana
1.215,-1.5248,0,Membrana
1.295,-1.5248,0,Membrana
1.375,-1.5248,0,Membrana
1.455,-1.5248,0,Membrana
1.535,-1.5248,0,Membrana
1.615,-1.5248,0,Membrana
1.695,-1.5248,0,Membrana
1.775,-1.5248,0,Membrana
1.855,-1.5248,0,Membrana
1.935,-1.5248,0,Membrana
2.015,-1.5248,0,Membrana
2.095,-1.5248,0,Membrana
2.175,-1.5248,0,Membrana
2.255,-1.5248,0,Membrana
2.335,-1.5248,0,Membrana
2.415,-1.5248,0,Membrana
2.495,-1.5248,0,Membrana
2.575,-1.5248,0,Membrana
2.655,-1.5248,0,Membrana
2.735,-1.5248,0,Membrana
2.815,-1.5248,0,Membrana
2.895,-1.5248,0,Membrana
2.975,-1.5248,0,Membrana
3.055,-1.5248,0,Membrana
-2.905,-1.4555,0,Membrana
-2.825,-1.4555,0,Membrana
-2.745,-1.4555,0,Membrana
-2.665,-1.4555,0,Membrana
-2.585,-1.4555,0,Membrana
-2.505,-1.4555,0,Membrana
-2.425,-1.4555,0,Membrana
-2.345,-1.4555,0,Membrana
-2.265,-1.4555,0,Membrana
-2.185,-1.4555,0,Membrana
-2.105,-1.4555,0,Membrana
-2.025,-1.4555,0,Membrana
-1.945,-1.4555,0,Membrana
-1.865,-1.4555,0,Membrana
-1.785,-1.4555,0,Membrana
-1.705,-1.4555,0,Membrana
-1.625,-1.4555,0,Membrana
-1.545,-1.4555,0,Membrana
-1.465,-1.4555,0,Membrana
-1.385,-1.4555,0,Membrana
-1.305,-1.4555,0,Membrana
-1.225,-1.4555,0,Membrana
-1.145,-1.4555,0,Membrana
-1.065,-1.4555,0,Membrana
-0.985,-1.4555,0,Membrana
-0.905,-1.4555,0,Membrana
-0.825,-1.4555,0,Membrana
-0.745,-1.4555,0,Membrana
-0.665,-1.4555,0,Membrana
-0.585,-1.4555,0,Membrana
-0.505,-1.4555,0,Membrana
-0.425,-1.4555,0,Membrana
-0.345,-1.4555,0,Membrana
-0.265,-1.4555,0,Membrana
-0.185,-1.4555,0,Membrana
-0.105,-1.4555,0,Membrana
-0.025,-1.4555,0,Membrana
0.055,-1.4555,0,Membrana
0.135,-1.4555,0,Membrana
0.215,-1.4555,0,Membrana
0.295,-1.4555,0,Membrana
0.375,-1.4555,0,Membrana
0.455,-1.4555,0,Membrana
0.535,-1.4555,0,Membrana
0.615,-1.4555,0,Membrana
0.695,-1.4555,0,Membrana
0.775,-1.4555,0,Membrana
0.855,-1.4555,0,Membrana
0.935,-1.4555,0,Membrana
1.015,-1.4555,0,Membrana
1.095,-1.4555,0,Membrana
1.175,-1.4555,0,Membrana
1.255,-1.4555,0,Membrana
1.335,-1.4555,0,Membrana
1.415,-1.4555,0,Membrana
1.495,-1.4555,0,Membrana
1.575,-1.4555,0,Membrana
1.655,-1.4555,0,Membrana
1.735,-1.4555,0,Membrana
1.815,-1.4555,0,Membrana
1.895,-1.4555,0,Membrana
1.975,-1.4555,0,Membrana
2.055,-1.4555,0,Membrana
2.135,-1.4555,0,Membrana
2.215,-1.4555,0,Membrana
2.295,-1.4555,0,Membrana
2.375,-1.4555,0,Membrana
2.455,-1.4555,0,Membrana
2.535,-1.4555,0,Membrana
2.615,-1.4555,0,Membrana
2.695,-1.4555,0,Membrana
2.775,-1.4555,0,Membrana
2.855,-1.4555,0,Membrana
2.935,-1.4555,0,Membrana
-2.865,-1.3862,0,Membrana
-2.785,-1.3862,0,Membrana
-2.705,-1.3862,0,Membrana
-2.625,-1.3862,0,Membrana
-2.545,-1.3862,0,Membrana
-2.465,-1.3862,0,Membrana
-2.385,-1.3862,0,Membrana
-2.305,-1.3862,0,Membrana
-2.225,-1.3862,0,Membrana
-2.145,-1.3862,0,Membrana
-2.065,-1.3862,0,Membrana
-1.985,-1.3862,0,Membrana
-1.905,-1.3862,0,Membrana
-1.825,-1.3862,0,Membrana
-1.745,-1.3862,0,Membrana
-1.665,-1.3862,0,Membrana
-1.585,-1.3862,0,Membrana
-1.505,-1.3862,0,Membrana
-1.425,-1.3862,0,Membrana
-1.345,-1.3862,0,Membrana
-1.265,-1.3862,0,Membrana
-1.185,-1.3862,0,Membrana
-1.105,-1.3862,0,Membrana
-1.025,-1.3862,0,Membrana
-0.945,-1.3862,0,Membrana
-0.865,-1.3862,0,Membrana
-0.785,-1.3862,0,Membrana
-0.705,-1.3862,0,Membrana
-0.625,-1.3862,0,Membrana
-0.545,-1.3862,0,Membrana
-0.465,-1.3862,0,Membrana
-0.385,-1.3862,0,Membrana
-0.305,-1.3862,0,Membrana
-0.225,-1.3862,0,Membrana
-0.145,-1.3862,0,Membrana
-0.065,-1.3862,0,Membrana
0.015,-1.3862,0,Membrana
0.095,-1.3862,0,Membrana
0.175,-1.3862,0,Membrana
0.255,-1.3862,0,Membrana
0.335,-1.3862,0,Membrana
0.415,-1.3862,0,Membrana
0.495,-1.3862,0,Membrana
0.575,-1.3862,0,Membrana
0.655,-1.3862,0,Membrana
0.735,-1.3862,0,Membrana
0.815,-1.3862,0,Membrana
0.895,-1.3862,0,Membrana
0.975,-1.3862,0,Membrana
1.055,-1.3862,0,Membrana
1.135,-1.3862,0,Membrana
1.215,-1.3862,0,Membrana
1.295,-1.3862,0,Membrana
1.375,-1.3862,0,Membrana
1.455,-1.3862,0,Membrana
1.535,-1.3862,0,Membrana
1.615,-1.3862,0,Membrana
1.695,-1.3862,0,Membrana
1.775,-1.3862,0,Membrana
1.855,-1.3862,0,Membrana
1.935,-1.3862,0,Membrana
2.015,-1.3862,0,Membrana
2.095,-1.3862,0,Membrana
2.175,-1.3862,0,Membrana
2.255,-1.3862,0,Membrana
2.335,-1.3862,0,Membrana
2.415,-1.3862,0,Membrana
2.495,-1.3862,0,Membrana
2.575,-1.3862,0,Membrana
2.655,-1.3862,0,Membrana
2.735,-1.3862,0,Membrana
2.815,-1.3862,0,Membrana
-2.745,-1.317,0,Membrana
-2.665,-1.317,0,Membrana
-2.585,-1.317,0,Membrana
-2.505,-1.317,0,Membrana
-2.425,-1.317,0,Membrana
-2.345,-1.317,0,Membrana
-2.265,-1.317,0,Membrana
-2.185,-1.317,0,Membrana
-2.105,-1.317,0,Membrana
-2.025,-1.317,0,Membrana
-1.945,-1.317,0,Membrana
-1.865,-1.317,0,Membrana
-1.785,-1.317,0,Membrana
-1.705,-1.317,0,Membrana
-1.625,-1.317,0,Membrana
-1.545,-1.317,0,Membrana
-1.465,-1.317,0,Membrana
-1.385,-1.317,0,Membrana
-1.305,-1.317,0,Membrana
-1.225,-1.317,0,Membrana
-1.145,-1.317,0,Membrana
-1.065,-1.317,0,Membrana
-0.985,-1.317,0,Membrana
-0.905,-1.317,0,Membrana
-0.825,-1.317,0,Membrana
-0.745,-1.317,0,Membrana
-0.665,-1.317,0,Membrana
-0.585,-1.317,0,Membrana
-0.505,-1.317,0,Membrana
-0.425,-1.317,0,Membrana
-0.345,-1.317,0,Membrana
-0.265,-1.317,0,Membrana
-0.185,-1.317,0,Membrana
-0.105,-1.317,0,Membrana
-0.025,-1.317,0,Membrana
0.055,-1.317,0,Membrana
0.135,-1.317,0,Membrana
0.215,-1.317,0,Membrana
0.295,-1.317,0,Membrana
0.375,-1.317,0,Membrana
0.455,-1.317,0,Membrana
0.535,-1.317,0,Membrana
0.615,-1.317,0,Membrana
0.695,-1.317,0,Membrana
0.775,-1.317,0,Membrana
0.855,-1.317,0,Membrana
0.935,-1.317,0,Membrana
1.015,-1.317,0,Membrana
1.095,-1.317,0,Membrana
1.175,-1.317,0,Membrana
1.255,-1.317,0,Membrana
1.335,-1.317,0,Membrana
1.415,-1.317,0,Membrana
1.495,-1.317,0,Membrana
1.575,-1.317,0,Membrana
1.655,-1.317,0,Membrana
1.735,-1.317,0,Membrana
1.815,-1.317,0,Membrana
1.895,-1.317,0,Membrana
1.975,-1.317,0,Membrana
2.055,-1.317,0,Membrana
2.135,-1.317,0,Membrana
2.215,-1.317,0,Membrana
2.295,-1.317,0,Membrana
2.375,-1.317,0,Membrana
2.455,-1.317,0,Membrana
2.535,-1.317,0,Membrana
2.615,-1.317,0,Membrana
2.695,-1.317,0,Membrana
-2.625,-1.2477,0,Membrana
-2.545,-1.2477,0,Membrana
-2.465,-1.2477,0,Membrana
-2.385,-1.2477,0,Membrana
-2.305,-1.2477,0,Membrana
-2.225,-1.2477,0,Membrana
-2.145,-1.2477,0,Membrana
-2.065,-1.2477,0,Membrana
-1.985,-1.2477,0,Membrana
-1.905,-1.2477,0,Membrana
-1.825,-1.2477,0,Membrana
-1.745,-1.2477,0,Membrana
-1.665,-1.2477,0,Membrana
-1.585,-1.2477,0,Membrana
-1.505,-1.2477,0,Membrana
-1.425,-1.2477,0,Membrana
-1.345,-1.2477,0,Membrana
-1.265,-1.2477,0,Membrana
-1.185,-1.2477,0,Membrana
-1.105,-1.2477,0,Membrana
-1.025,-1.2477,0,Membrana
-0.945,-1.2477,0,Membrana
-0.865,-1.2477,0,Membrana
-0.785,-1.2477,0,Membrana
-0.705,-1.2477,0,Membrana
-0.625,-1.2477,0,Membrana
-0.545,-1.2477,0,Membrana
-0.465,-1.2477,0,Membrana
-0.385,-1.2477,0,Membrana
-0.305,-1.2477,0,Membrana
-0.225,-1.2477,0,Membrana
-0.145,-1.2477,0,Membrana
-0.065,-1.2477,0,Membrana
0.015,-1.2477,0,Membrana
0.095,-1.2477,0,Membrana
0.175,-1.2477,0,Membrana
0.255,-1.2477,0,Membrana
0.335,-1.2477,0,Membrana
0.415,-1.2477,0,Membrana
0.495,-1.2477,0,Membrana
0.575,-1.2477,0,Membrana
0.655,-1.2477,0,Membrana
0.735,-1.2477,0,Membrana
0.815,-1.2477,0,Membrana
0.895,-1.2477,0,Membrana
0.975,-1.2477,0,Membrana
1.055,-1.2477,0,Membrana
1.135,-1.2477,0,Membrana
1.215,-1.2477,0,Membrana
1.295,-1.2477,0,Membrana
1.375,-1.2477,0,Membrana
1.455,-1.2477,0,Membrana
1.535,-1.2477,0,Membrana
1.615,-1.2477,0,Membrana
1.695,-1.2477,0,Membrana
1.775,-1.2477,0,Membrana
1.855,-1.2477,0,Membrana
1.935,-1.2477,0,Membrana
2.015,-1.2477,0,Membrana
2.095,-1.2477,0,Membrana
2.175,-1.2477,0,Membrana
2.255,-1.2477,0,Membrana
2.335,-1.2477,0,Membrana
2.415,-1.2477,0,Membrana
2.495,-1.2477,0,Membrana
2.575,-1.2477,0,Membrana
-2.505,-1.1784,0,Membrana
-2.425,-1.1784,0,Membrana
-2.345,-1.1784,0,Membrana
-2.265,-1.1784,0,Membrana
-2.185,-1.1784,0,Membrana
-2.105,-1.1784,0,Membrana
-2.025,-1.1784,0,Membrana
-1.945,-1.1784,0,Membrana
-1.865,-1.1784,0,Membrana
-1.785,-1.1784,0,Membrana
-1.705,-1.1784,0,Membrana
-1.625,-1.1784,0,Membrana
-1.545,-1.1784,0,Membrana
-1.465,-1.1784,0,Membrana
-1.385,-1.1784,0,Membrana
-1.305,-1.1784,0,Membrana
-1.225,-1.1784,0,Membrana
-1.145,-1.1784,0,Membrana
-1.065,-1.1784,0,Membrana
-0.985,-1.1784,0,Membrana
-0.905,-1.1784,0,Membrana
-0.825,-1.1784,0,Membrana
-0.745,-1.1784,0,Membrana
-0.665,-1.1784,0,Membrana
-0.585,-1.1784,0,Membrana
-0.505,-1.1784,0,Membrana
-0.425,-1.1784,0,Membrana
-0.345,-1.1784,0,Membrana
-0.265,-1.1784,0,Membrana
-0.185,-1.1784,0,Membrana
-0.105,-1.1784,0,Membrana
-0.025,-1.1784,0,Membrana
0.055,-1.1784,0,Membrana
0.135,-1.1784,0,Membrana
0.215,-1.1784,0,Membrana
0.295,-1.1784,0,Membrana
0.375,-1.1784,0,Membrana
0.455,-1.1784,0,Membrana
0.535,-1.1784,0,Membrana
0.615,-1.1784,0,Membrana
0.695,-1.1784,0,Membrana
0.775,-1.1784,0,Membrana
0.855,-1.1784,0,Membrana
0.935,-1.1784,0,Membrana
1.015,-1.1784,0,Membrana
1.095,-1.1784,0,Membrana
1.175,-1.1784,0,Membrana
1.255,-1.1784,0,Membrana
1.335,-1.1784,0,Membrana
1.415,-1.1784,0,Membrana
1.495,-1.1784,0,Membrana
1.575,-1.1784,0,Membrana
1.655,-1.1784,0,Membrana
1.735,-1.1784,0,Membrana
1.815,-1.1784,0,Membrana
1.895,-1.1784,0,Membrana
1.975,-1.1784,0,Membrana
2.055,-1.1784,0,Membrana
2.135,-1.1784,0,Membrana
2.215,-1.1784,0,Membrana
2.295,-1.1784,0,Membrana
2.375,-1.1784,0,Membrana
2.455,-1.1784,0,Membrana
-2.305,-1.1091,0,Membrana
-2.225,-1.1091,0,Membrana
-2.145,-1.1091,0,Membrana
-2.065,-1.1091,0,Membrana
-1.985,-1.1091,0,Membrana
-1.905,-1.1091,0,Membrana
-1.825,-1.1091,0,Membrana
-1.745,-1.1091,0,Membrana
-1.665,-1.1091,0,Membrana
-1.585,-1.1091,0,Membrana
-1.505,-1.1091,0,Membrana
-1.425,-1.1091,0,Membrana
-1.345,-1.1091,0,Membrana
-1.265,-1.1091,0,Membrana
-1.185,-1.1091,0,Membrana
-1.105,-1.1091,0,Membrana
-1.025,-1.1091,0,Membrana
-0.945,-1.1091,0,Membrana
-0.865,-1.1091,0,Membrana
-0.785,-1.1091,0,Membrana
-0.705,-1.1091,0,Membrana
-0.625,-1.1091,0,Membrana
-0.545,-1.1091,0,Membrana
-0.465,-1.1091,0,Membrana
-0.385,-1.1091,0,Membrana
-0.305,-1.1091,0,Membrana
-0.225,-1.1091,0,Membrana
-0.145,-1.1091,0,Membrana
-0.065,-1.1091,0,Membrana
0.015,-1.1091,0,Membrana
0.095,-1.1091,0,Membrana
0.175,-1.1091,0,Membrana
0.255,-1.1091,0,Membrana
0.335,-1.1091,0,Membrana
0.415,-1.1091,0,Membrana
0.495,-1.1091,0,Membrana
0.575,-1.1091,0,Membrana
0.655,-1.1091,0,Membrana
0.735,-1.1091,0,Membrana
0.815,-1.1091,0,Membrana
0.895,-1.1091,0,Membrana
0.975,-1.1091,0,Membrana
1.055,-1.1091,0,Membrana
1.135,-1.1091,0,Membrana
1.215,-1.1091,0,Membrana
1.295,-1.1091,0,Membrana
1.375,-1.1091,0,Membrana
1.455,-1.1091,0,Membrana
1.535,-1.1091,0,Membrana
1.615,-1.1091,0,Membrana
1.695,-1.1091,0,Membrana
1.775,-1.1091,0,Membrana
1.855,-1.1091,0,Membrana
1.935,-1.1091,0,Membrana
2.015,-1.1091,0,Membrana
2.095,-1.1091,0,Membrana
2.175,-1.1091,0,Membrana
2.255,-1.1091,0,Membrana
2.335,-1.1091,0,Membrana
-2.185,-1.0398,0,Membrana
-2.105,-1.0398,0,Membrana
-2.025,-1.0398,0,Membrana
-1.945,-1.0398,0,Membrana
-1.865,-1.0398,0,Membrana
-1.785,-1.0398,0,Membrana
-1.705,-1.0398,0,Membrana
-1.625,-1.0398,0,Membrana
-1.545,-1.0398,0,Membrana
-1.465,-1.0398,0,Membrana
-1.385,-1.0398,0,Membrana
-1.305,-1.0398,0,Membrana
-1.225,-1.0398,0,Membrana
-1.145,-1.0398,0,Membrana
-1.065,-1.0398,0,Membrana
-0.985,-1.0398,0,Membrana
-0.905,-1.0398,0,Membrana
-0.825,-1.0398,0,Membrana
-0.745,-1.0398,0,Membrana
-0.665,-1.0398,0,Membrana
-0.585,-1.0398,0,Membrana
-0.505,-1.0398,0,Membrana
-0.425,-1.0398,0,Membrana
-0.345,-1.0398,0,Membrana
-0.265,-1.0398,0,Membrana
-0.185,-1.0398,0,Membrana
-0.105,-1.0398,0,Membrana
-0.025,-1.0398,0,Membrana
0.055,-1.0398,0,Membrana
0.135,-1.0398,0,Membrana
0.215,-1.0398,0,Membrana
0.295,-1.0398,0,Membrana
0.375,-1.0398,0,Membrana
0.455,-1.0398,0,Membrana
0.535,-1.0398,0,Membrana
0.615,-1.0398,0,Membrana
0.695,-1.0398,0,Membrana
0.775,-1.0398,0,Membrana
0.855,-1.0398,0,Membrana
0.935,-1.0398,0,Membrana
1.015,-1.0398,0,Membrana
1.095,-1.0398,0,Membrana
1.175,-1.0398,0,Membrana
1.255,-1.0398,0,Membrana
1.335,-1.0398,0,Membrana
1.415,-1.0398,0,Membrana
1.495,-1.0398,0,Membrana
1.575,-1.0398,0,Membrana
1.655,-1.0398,0,Membrana
1.735,-1.0398,0,Membrana
1.815,-1.0398,0,Membrana
1.895,-1.0398,0,Membrana
1.975,-1.0398,0,Membrana
2.055,-1.0398,0,Membrana
2.135,-1.0398,0,Membrana
2.215,-1.0398,0,Membrana
-2.065,-0.97054,0,Membrana
-1.985,-0.97054,0,Membrana
-1.905,-0.97054,0,Membrana
-1.825,-0.97054,0,Membrana
-1.745,-0.97054,0,Membrana
-1.665,-0.97054,0,Membrana
-1.585,-0.97054,0,Membrana
-1.505,-0.97054,0,Membrana
-1.425,-0.97054,0,Membrana
-1.345,-0.97054,0,Membrana
-1.265,-0.97054,0,Membrana
-1.185,-0.97054,0,Membrana
-1.105,-0.97054,0,Membrana
-1.025,-0.97054,0,Membrana
-0.945,-0.97054,0,Membrana
-0.865,-0.97054,0,Membrana
-0.785,-0.97054,0,Membrana
-0.705,-0.97054,0,Membrana
-0.625,-0.97054,0,Membrana
-0.545,-0.97054,0,Membrana
-0.465,-0.97054,0,Membrana
-0.385,-0.97054,0,Membrana
-0.305,-0.97054,0,Membrana
-0.225,-0.97054,0,Membrana
-0.145,-0.97054,0,Membrana
-0.065,-0.97054,0,Membrana
0.015,-0.97054,0,Membrana
0.095,-0.97054,0,Membrana
0.175,-0.97054,0,Membrana
0.255,-0.97054,0,Membrana
0.335,-0.97054,0,Membrana
0.415,-0.97054,0,Membrana
0.495,-0.97054,0,Membrana
0.575,-0.97054,0,Membrana
0.655,-0.97054,0,Membrana
0.735,-0.97054,0,Membrana
0.815,-0.97054,0,Membrana
0.895,-0.97054,0,Membrana
0.975,-0.97054,0,Membrana
1.055,-0.97054,0,Membrana
1.135,-0.97054,0,Membrana
1.215,-0.97054,0,Membrana
1.295,-0.97054,0,Membrana
1.375,-0.97054,0,Membrana
1.455,-0.97054,0,Membrana
1.535,-0.97054,0,Membrana
1.615,-0.97054,0,Membrana
1.695,-0.97054,0,Membrana
1.775,-0.97054,0,Membrana
1.855,-0.97054,0,Membrana
1.935,-0.97054,0,Membrana
2.015,-0.97054,0,Membrana
-1.865,-0.90126,0,Membrana
-1.785,-0.90126,0,Membrana
-1.705,-0.90126,0,Membrana
-1.625,-0.90126,0,Membrana
-1.545,-0.90126,0,Membrana
-1.465,-0.90126,0,Membrana
-1.385,-0.90126,0,Membrana
-1.305,-0.90126,0,Membrana
-1.225,-0.90126,0,Membrana
-1.145,-0.90126,0,Membrana
-1.065,-0.90126,0,Membrana
-0.985,-0.90126,0,Membrana
-0.905,-0.90126,0,Membrana
-0.825,-0.90126,0,Membrana
-0.745,-0.90126,0,Membrana
-0.665,-0.90126,0,Membrana
-0.585,-0.90126,0,Membrana
-0.505,-0.90126,0,Membrana
-0.425,-0.90126,0,Membrana
-0.345,-0.90126,0,Membrana
-0.265,-0.90126,0,Membrana
-0.185,-0.90126,0,Membrana
-0.105,-0.90126,0,Membrana
-0.025,-0.90126,0,Membrana
0.055,-0.90126,0,Membrana
0.135,-0.90126,0,Membrana
0.215,-0.90126,0,Membrana
0.295,-0.90126,0,Membrana
0.375,-0.90126,0,Membrana
0.455,-0.90126,0,Membrana
0.535,-0.90126,0,Membrana
0.615,-0.90126,0,Membrana
0.695,-0.90126,0,Membrana
0.775,-0.90126,0,Membrana
0.855,-0.90126,0,Membrana
0.935,-0.90126,0,Membrana
1.015,-0.90126,0,Membrana
1.095,-0.90126,0,Membrana
1.175,-0.90126,0,Membrana
1.255,-0.90126,0,Membrana
1.335,-0.90126,0,Membrana
1.415,-0.90126,0,Membrana
1.495,-0.90126,0,Membrana
1.575,-0.90126,0,Membrana
1.655,-0.90126,0,Membrana
1.735,-0.90126,0,Membrana
1.815,-0.90126,0,Membrana
1.895,-0.90126,0,Membrana
-1.665,-0.83198,0,Membrana
-1.585,-0.83198,0,Membrana
-1.505,-0.83198,0,Membrana
-1.425,-0.83198,0,Membrana
-1.345,-0.83198,0,Membrana
-1.265,-0.83198,0,Membrana
-1.185,-0.83198,0,Membrana
-1.105,-0.83198,0,Membrana
-1.025,-0.83198,0,Membrana
-0.945,-0.83198,0,Membrana
-0.865,-0.83198,0,Membrana
-0.785,-0.83198,0,Membrana
-0.705,-0.83198,0,Membrana
-0.625,-0.83198,0,Membrana
-0.545,-0.83198,0,Membrana
-0.465,-0.83198,0,Membrana
-0.385,-0.83198,0,Membrana
-0.305,-0.83198,0,Membrana
-0.225,-0.83198,0,Membrana
-0.145,-0.83198,0,Membrana
-0.065,-0.83198,0,Membrana
0.015,-0.83198,0,Membrana
0.095,-0.83198,0,Membrana
0.175,-0.83198,0,Membrana
0.255,-0.83198,0,Membrana
0.335,-0.83198,0,Membrana
0.415,-0.83198,0,Membrana
0.495,-0.83198,0,Membrana
0.575,-0.83198,0,Membrana
0.655,-0.83198,0,Membrana
0.735,-0.83198,0,Membrana
0.815,-0.83198,0,Membrana
0.895,-0.83198,0,Membrana
0.975,-0.83198,0,Membrana
1.055,-0.83198,0,Membrana
1.135,-0.83198,0,Membrana
1.215,-0.83198,0,Membrana
1.295,-0.83198,0,Membrana
1.375,-0.83198,0,Membrana
1.455,-0.83198,0,Membrana
1.535,-0.83198,0,Membrana
1.615,-0.83198,0,Membrana
1.695,-0.83198,0,Membrana
-1.465,-0.7627,0,Membrana
-1.385,-0.7627,0,Membrana
-1.305,-0.7627,0,Membrana
-1.225,-0.7627,0,Membrana
-1.145,-0.7627,0,Membrana
-1.065,-0.7627,0,Membrana
-0.985,-0.7627,0,Membrana
-0.905,-0.7627,0,Membrana
-0.825,-0.7627,0,Membrana
-0.745,-0.7627,0,Membrana
-0.665,-0.7627,0,Membrana
-0.585,-0.7627,0,Membrana
-0.505,-0.7627,0,Membrana
-0.425,-0.7627,0,Membrana
-0.345,-0.7627,0,Membrana
-0.265,-0.7627,0,Membrana
-0.185,-0.7627,0,Membrana
-0.105,-0.7627,0,Membrana
-0.025,-0.7627,0,Membrana
0.055,-0.7627,0,Membrana
0.135,-0.7627,0,Membrana
0.215,-0.7627,0,Membrana
0.295,-0.7627,0,Membrana
0.375,-0.7627,0,Membrana
0.455,-0.7627,0,Membrana
0.535,-0.7627,0,Membrana
0.615,-0.7627,0,Membrana
0.695,-0.7627,0,Membrana
0.775,-0.7627,0,Membrana
0.855,-0.7627,0,Membrana
0.935,-0.7627,0,Membrana
1.015,-0.7627,0,Membrana
1.095,-0.7627,0,Membrana
1.175,-0.7627,0,Membrana
1.255,-0.7627,0,Membrana
1.335,-0.7627,0,Membrana
1.415,-0.7627,0,Membrana
1.495,-0.7627,0,Membrana
-1.185,-0.69341,0,Membrana
-1.105,-0.69341,0,Membrana
-1.025,-0.69341,0,Membrana
-0.945,-0.69341,0,Membrana
-0.865,-0.69341,0,Membrana
-0.785,-0.69341,0,Membrana
-0.705,-0.69341,0,Membrana
-0.625,-0.69341,0,Membrana
-0.545,-0.69341,0,Membrana
-0.465,-0.69341,0,Membrana
-0.385,-0.69341,0,Membrana
-0.305,-0.69341,0,Membrana
-0.225,-0.69341,0,Membrana
-0.145,-0.69341,0,Membrana
-0.065,-0.69341,0,Membrana
0.015,-0.69341,0,Membrana
0.095,-0.69341,0,Membrana
0.175,-0.69341,0,Membrana
0.255,-0.69341,0,Membrana
0.335,-0.69341,0,Membrana
0.415,-0.69341,0,Membrana
0.495,-0.69341,0,Membrana
0.575,-0.69341,0,Membrana
0.655,-0.69341,0,Membrana
0.735,-0.69341,0,Membrana
0.815,-0.69341,0,Membrana
0.895,-0.69341,0,Membrana
0.975,-0.69341,0,Membrana
1.055,-0.69341,0,Membrana
1.135,-0.69341,0,Membrana
1.215,-0.69341,0,Membrana
-0.905,-0.62413,0,Membrana
-0.825,-0.62413,0,Membrana
-0.745,-0.62413,0,Membrana
-0.665,-0.62413,0,Membrana
-0.585,-0.62413,0,Membrana
-0.505,-0.62413,0,Membrana
-0.425,-0.62413,0,Membrana
-0.345,-0.62413,0,Membrana
-0.265,-0.62413,0,Membrana
-0.185,-0.62413,0,Membrana
-0.105,-0.62413,0,Membrana
-0.025,-0.62413,0,Membrana
0.055,-0.62413,0,Membrana
0.135,-0.62413,0,Membrana
0.215,-0.62413,0,Membrana
0.295,-0.62413,0,Membrana
0.375,-0.62413,0,Membrana
0.455,-0.62413,0,Membrana
0.535,-0.62413,0,Membrana
0.615,-0.62413,0,Membrana
0.695,-0.62413,0,Membrana
0.775,-0.62413,0,Membrana
0.855,-0.62413,0,Membrana
-0.305,-0.55485,0,Membrana
-0.225,-0.55485,0,Membrana
-0.145,-0.55485,0,Membrana
-0.065,-0.55485,0,Membrana
0.015,-0.55485,0,Membrana
0.095,-0.55485,0,Membrana
0.175,-0.55485,0,Membrana
0.255,-0.55485,0,Membrana
-9.05,0,0,Superficie
-8.95,0.000625,0,Superficie
-8.85,0.0024999,0,Superficie
-8.7501,0.0056244,0,Superficie
-8.6502,0.009998,0,Superficie
-8.5503,0.01562,0,Superficie
-8.4506,0.02249,0,Superficie
-8.3509,0.030606,0,Superficie
-8.2513,0.039967,0,Superficie
-8.1519,0.050572,0,Superficie
-8.0526,0.062419,0,Superficie
-7.9535,0.075507,0,Superficie
-7.8545,0.089833,0,Superficie
-7.7557,0.10539,0,Superficie
-7.6571,0.12219,0,Superficie
-7.5588,0.14022,0,Superficie
-7.4606,0.15947,0,Superficie
-7.3628,0.17995,0,Superficie
-7.2651,0.20165,0,Superficie
-7.1678,0.22457,0,Superficie
-7.0708,0.2487,0,Superficie
-6.974,0.27405,0,Superficie
-6.8776,0.3006,0,Superficie
-6.7815,0.32836,0,Superficie
-6.6858,0.35731,0,Superficie
-6.5905,0.38746,0,Superficie
-6.4955,0.4188,0,Superficie
-6.401,0.45132,0,Superficie
-6.3068,0.48502,0,Superficie
-6.2131,0.5199,0,Superficie
-6.1198,0.55595,0,Superficie
-6.027,0.59315,0,Superficie
-5.9346,0.63152,0,Superficie
-5.8428,0.67104,0,Superficie
-5.7514,0.7117,0,Superficie
-5.6606,0.7535,0,Superficie
-5.5703,0.79643,0,Superficie
-5.4805,0.84049,0,Superficie
-5.3913,0.88567,0,Superficie
-5.3026,0.93196,0,Superficie
-5.2146,0.97935,0,Superficie
-5.1271,1.0278,0,Superficie
-5.0403,1.0774,0,Superficie
-4.9541,1.1281,0,Superficie
-4.8685,1.1798,0,Superficie
-4.7836,1.2326,0,Superficie
-4.6993,1.2865,0,Superficie
-4.6157,1.3414,0,Superficie
-4.5328,1.3973,0,Superficie
-4.4507,1.4543,0,Superficie
-4.3692,1.5123,0,Superficie
-4.2885,1.5713,0,Superficie
-4.2085,1.6314,0,Superficie
-4.1293,1.6924,0,Superficie
-4.0508,1.7544,0,Superficie
-3.9731,1.8173,0,Superficie
-3.8962,1.8813,0,Superficie
-3.8202,1.9462,0,Superficie
-3.7449,2.012,0,Superficie
-3.6705,2.0788,0,Superficie
-3.5969,2.1465,0,Superficie
-3.5241,2.2151,0,Superficie
-3.4522,2.2847,0,Superficie
-3.3812,2.3551,0,Superficie
-3.3111,2.4264,0,Superficie
-3.2419,2.4985,0,Superficie
-3.1736,2.5716,0,Superficie
-3.1062,2.6455,0,Superficie
-3.0397,2.7202,0,Superficie
-2.9742,2.7957,0,Superficie
-2.9096,2.8721,0,Superficie
-2.846,2.9492,0,Superficie
-2.7834,3.0272,0,Superficie
-2.7217,3.1059,0,Superficie
-2.661,3.1854,0,Superficie
-2.6013,3.2656,0,Superficie
-2.5426,3.3466,0,Superficie
-2.485,3.4283,0,Superficie
-2.4284,3.5107,0,Superficie
-2.3728,3.5938,0,Superficie
-2.3182,3.6776,0,Superficie
-2.2647,3.7621,0,Superficie
-2.2123,3.8473,0,Superficie
-2.1609,3.933,0,Superficie
-2.1106,4.0195,0,Superficie
-2.0614,4.1065,0,Superficie
-2.0133,4.1942,0,Superficie
-1.9662,4.2824,0,Superficie
-1.9203,4.3713,0,Superficie
-1.8755,4.4607,0,Superficie
-1.8318,4.5506,0,Superficie
-1.7893,4.6411,0,Superficie
-1.7479,4.7322,0,Superficie
-1.7076,4.8237,0,Superficie
-1.6685,4.9157,0,Superficie
-1.6305,5.0082,0,Superficie
-1.5937,5.1012,0,Superficie
-1.558,5.1946,0,Superficie
-1.5235,5.2885,0,Superficie
-1.4902,5.3828,0,Superficie
-1.4581,5.4775,0,Superficie
-1.4272,5.5726,0,Superficie
-1.3974,5.6681,0,Superficie
-1.3689,5.7639,0,Superficie
-1.3415,5.8601,0,Superficie
-1.3154,5.9566,0,Superficie
-1.2904,6.0534,0,Superficie
-1.2667,6.1506,0,Superficie
-1.2442,6.248,0,Superficie
-1.2229,6.3457,0,Superficie
-1.2028,6.4437,0,Superficie
-1.184,6.5419,0,Superficie
-1.1664,6.6403,0,Superficie
-1.15,6.739,0,Superficie
-1.1349,6.8378,0,Superficie
-1.121,6.9369,0,Superficie
-1.1083,7.0361,0,Superficie
-1.0969,7.1354,0,Superficie
-1.0867,7.2349,0,Superficie
-1.0777,7.3345,0,Superficie
-1.07,7.4342,0,Superficie
-1.0636,7.534,0,Superficie
-1.0584,7.6338,0,Superficie
-1.0544,7.7338,0,Superficie
-1.0517,7.8337,0,Superficie
-1.0503,7.9337,0,Superficie
-1.05,8,0,Superficie
-1.05,8.1,0,Superficie
-1.05,8.2,0,Superficie
-1.05,8.3,0,Superficie
-1.05,8.4,0,Superficie
-1.05,8.5,0,Superficie
-1.05,8.6,0,Superficie
-1.05,8.7,0,Superficie
-1.05,8.8,0,Superficie
-1.05,8.9,0,Superficie
-1.05,9,0,Superficie
-1.05,9.1,0,Superficie
-1.05,9.2,0,Superficie
-1.05,9.3,0,Superficie
-1.05,9.4,0,Superficie
-1.05,9.5,0,Superficie
-1.05,9.6,0,Superficie
-1.05,9.7,0,Superficie
-1.05,9.8,0,Superficie
-1.05,9.9,0,Superficie
-1.05,10,0,Superficie
-1.05,10.1,0,Superficie
-1.05,10.2,0,Superficie
-1.05,10.3,0,Superficie
-1.05,10.4,0,Superficie
-1.05,10.5,0,Superficie
-1.05,10.6,0,Superficie
-1.05,10.7,0,Superficie
-1.05,10.8,0,Superficie
-1.05,10.9,0,Superficie
-1.05,11,0,Superficie
-1.05,11.1,0,Superficie
-1.05,11.2,0,Superficie
-1.05,11.3,0,Superficie
-1.05,11.4,0,Superficie
-1.05,11.5,0,Superficie
-1.05,11.6,0,Superficie
-1.05,11.7,0,Superficie
-1.05,11.8,0,Superficie
-1.05,11.9,0,Superficie
-1.05,12,0,Superficie
-1.05,12.1,0,Superficie
-1.05,12.2,0,Superficie
-1.05,12.3,0,Superficie
-1.05,12.4,0,Superficie
-1.05,12.5,0,Superficie
-1.05,12.6,0,Superficie
-1.05,12.7,0,Superficie
-1.05,12.8,0,Superficie
-1.05,12.9,0,Superficie
-1.05,13,0,Superficie
-1.05,13.1,0,Superficie
-1.05,13.2,0,Superficie
-1.05,13.3,0,Superficie
-1.05,13.4,0,Superficie
-1.05,13.5,0,Superficie
-1.05,13.6,0,Superficie
-1.05,13.7,0,Superficie
-1.05,13.8,0,Superficie
-1.05,13.9,0,Superficie
-1.05,14,0,Superficie
-1.05,14.1,0,Superficie
-1.05,14.2,0,Superficie
-1.05,14.3,0,Superficie
-1.05,14.4,0,Superficie
-1.05,14.5,0,Superficie
-1.05,14.6,0,Superficie
-1.05,14.7,0,Superficie
-1.05,14.8,0,Superficie
-1.05,14.9,0,Superficie
-1.05,15,0,Superficie
-1.05,15.1,0,Superficie
-1.05,15.2,0,Superficie
-1.05,15.3,0,Superficie
-1.05,15.4,0,Superficie
-1.05,15.5,0,Superficie
-1.05,15.6,0,Superficie
-1.05,15.7,0,Superficie
-1.05,15.8,0,Superficie
-1.05,15.9,0,Superficie
-1.05,16,0,Superficie
-1.05,16.1,0,Superficie
-1.05,16.2,0,Superficie
-1.05,16.3,0,Superficie
-1.05,16.4,0,Superficie
-1.05,16.5,0,Superficie
-1.05,16.6,0,Superficie
-1.05,16.7,0,Superficie
-1.05,16.8,0,Superficie
-1.05,16.9,0,Superficie
-1.05,17,0,Superficie
-1.05,17.1,0,Superficie
-1.05,17.2,0,Superficie
-1.05,17.3,0,Superficie
-1.05,17.4,0,Superficie
-1.05,17.5,0,Superficie
-1.05,17.6,0,Superficie
-1.05,17.7,0,Superficie
-1.05,17.8,0,Superficie
-1.05,17.9,0,Superficie
-1.05,18,0,Superficie
-1.05,18.1,0,Superficie
-1.05,18.2,0,Superficie
-1.05,18.3,0,Superficie
-1.05,18.4,0,Superficie
-1.05,18.5,0,Superficie
-1.05,18.6,0,Superficie
-1.05,18.7,0,Superficie
-1.05,18.8,0,Superficie
-1.05,18.9,0,Superficie
-1.05,19,0,Superficie
-1.05,19.1,0,Superficie
-1.05,19.2,0,Superficie
-1.05,19.3,0,Superficie
-1.05,19.4,0,Superficie
-1.05,19.5,0,Superficie
-1.05,19.6,0,Superficie
-1.05,19.7,0,Superficie
-1.05,19.8,0,Superficie
-1.05,19.9,0,Superficie
-1.05,20,0,Superficie
-1.05,20.1,0,Superficie
-1.05,20.2,0,Superficie
-1.05,20.3,0,Superficie
-1.05,20.4,0,Superficie
-1.05,20.5,0,Superficie
-1.05,20.6,0,Superficie
-1.05,20.7,0,Superficie
-1.05,20.8,0,Superficie
-1.05,20.9,0,Superficie
-1.05,21,0,Superficie
-1.05,21.1,0,Superficie
-1.05,21.2,0,Superficie
-1.05,21.3,0,Superficie
-1.05,21.4,0,Superficie
-1.05,21.5,0,Superficie
-1.05,21.6,0,Superficie
-1.05,21.7,0,Superficie
-1.05,21.8,0,Superficie
-1.05,21.9,0,Superficie
-1.05,22,0,Superficie
-1.05,22.1,0,Superficie
-1.05,22.2,0,Superficie
-1.05,22.3,0,Superficie
-1.05,22.4,0,Superficie
-1.05,22.5,0,Superficie
-1.05,22.6,0,Superficie
-1.05,22.7,0,Superficie
-1.05,22.8,0,Superficie
-1.05,22.9,0,Superficie
-1.05,23,0,Superficie
-1.05,23.1,0,Superficie
-1.05,23.2,0,Superficie
-1.05,23.3,0,Superficie
-1.05,23.4,0,Superficie
-1.05,23.5,0,Superficie
-1.05,23.6,0,Superficie
-1.05,23.7,0,Superficie
-1.05,23.8,0,Superficie
-1.05,23.9,0,Superficie
-1.05,24,0,Superficie
-1.05,24.1,0,Superficie
-1.05,24.2,0,Superficie
-1.05,24.3,0,Superficie
-1.05,24.4,0,Superficie
-1.05,24.5,0,Superficie
-1.05,24.6,0,Superficie
-1.05,24.7,0,Superficie
-1.05,24.8,0,Superficie
-1.05,24.9,0,Superficie
-1.05,25,0,Superficie
-1.05,25.1,0,Superficie
-1.05,25.2,0,Superficie
-1.05,25.3,0,Superficie
-1.05,25.4,0,Superficie
-1.05,25.5,0,Superficie
-1.05,25.6,0,Superficie
-1.05,25.7,0,Superficie
-1.05,25.8,0,Superficie
-1.05,25.9,0,Superficie
-1.05,26,0,Superficie
-1.05,26.1,0,Superficie
-1.05,26.2,0,Superficie
-1.05,26.3,0,Superficie
-1.05,26.4,0,Superficie
-1.05,26.5,0,Superficie
-1.05,26.6,0,Superficie
-1.05,26.7,0,Superficie
-1.05,26.8,0,Superficie
-1.05,26.9,0,Superficie
-1.05,27,0,Superficie
-1.05,27.1,0,Superficie
-1.05,27.2,0,Superficie
-1.05,27.3,0,Superficie
-1.05,27.4,0,Superficie
-1.05,27.5,0,Superficie
-1.05,27.6,0,Superficie
-1.05,27.7,0,Superficie
-1.05,27.8,0,Superficie
-1.05,27.9,0,Superficie
-1.05,28,0,Superficie
-1.05,28.1,0,Superficie
-1.05,28.2,0,Superficie
-1.05,28.3,0,Superficie
-1.05,28.4,0,Superficie
-1.05,28.5,0,Superficie
-1.05,28.6,0,Superficie
-1.05,28.7,0,Superficie
-1.05,28.8,0,Superficie
-1.05,28.9,0,Superficie
-1.05,29,0,Superficie
-1.05,29.1,0,Superficie
-1.05,29.2,0,Superficie
-1.05,29.3,0,Superficie
-1.05,29.4,0,Superficie
-1.05,29.5,0,Superficie
-1.05,29.6,0,Superficie
-1.05,29.7,0,Superficie
-1.05,29.8,0,Superficie
-1.05,29.9,0,Superficie
-1.05,30,0,Superficie
-1.05,30.1,0,Superficie
-1.05,30.2,0,Superficie
-1.05,30.3,0,Superficie
-1.05,30.4,0,Superficie
-1.05,30.5,0,Superficie
-1.05,30.6,0,Superficie
-1.05,30.7,0,Superficie
-1.05,30.8,0,Superficie
-1.05,30.9,0,Superficie
-1.05,31,0,Superficie
-1.05,31.1,0,Superficie
-1.05,31.2,0,Superficie
-1.05,31.3,0,Superficie
-1.05,31.4,0,Superficie
-1.05,31.5,0,Superficie
-1.05,31.6,0,Superficie
-1.05,31.7,0,Superficie
-1.05,31.8,0,Superficie
-1.05,31.9,0,Superficie
-1.05,32,0,Superficie
-1.05,32.1,0,Superficie
-1.05,32.2,0,Superficie
-1.05,32.3,0,Superficie
-1.05,32.4,0,Superficie
-1.05,32.5,0,Superficie
-1.05,32.6,0,Superficie
-1.05,32.7,0,Superficie
-1.05,32.8,0,Superficie
-1.05,32.9,0,Superficie
-1.05,33,0,Superficie
-1.05,33.1,0,Superficie
-1.05,33.2,0,Superficie
-1.05,33.3,0,Superficie
-1.05,33.4,0,Superficie
-1.05,33.5,0,Superficie
-1.05,33.6,0,Superficie
-1.05,33.7,0,Superficie
-1.05,33.8,0,Superficie
-1.05,33.9,0,Superficie
-1.05,34,0,Superficie
-1.05,34.1,0,Superficie
-1.05,34.2,0,Superficie
-1.05,34.3,0,Superficie
-1.05,34.4,0,Superficie
-1.05,34.5,0,Superficie
-1.05,34.6,0,Superficie
-1.05,34.7,0,Superficie
-1.05,34.8,0,Superficie
-1.05,34.9,0,Superficie
-1.05,35,0,Superficie
-1.05,35.1,0,Superficie
-1.05,35.2,0,Superficie
-1.05,35.3,0,Superficie
-1.05,35.4,0,Superficie
-1.05,35.5,0,Superficie
-1.05,35.6,0,Superficie
-1.05,35.7,0,Superficie
-1.05,35.8,0,Superficie
-1.05,35.9,0,Superficie
-1.05,36,0,Superficie
-1.05,36.1,0,Superficie
-1.05,36.2,0,Superficie
-1.05,36.3,0,Superficie
-1.05,36.4,0,Superficie
-1.05,36.5,0,Superficie
-1.05,36.6,0,Superficie
-1.05,36.7,0,Superficie
-1.05,36.8,0,Superficie
-1.05,36.9,0,Superficie
-1.05,37,0,Superficie
-1.05,37.1,0,Superficie
-1.05,37.2,0,Superficie
-1.05,37.3,0,Superficie
-1.05,37.4,0,Superficie
-1.05,37.5,0,Superficie
-1.05,37.6,0,Superficie
-1.05,37.7,0,Superficie
-1.05,37.8,0,Superficie
-1.05,37.9,0,Superficie
-1.05,38,0,Superficie
-1.05,38.1,0,Superficie
-1.05,38.2,0,Superficie
-1.05,38.3,0,Superficie
-1.05,38.4,0,Superficie
-1.05,38.5,0,Superficie
-1.05,38.6,0,Superficie
-1.05,38.7,0,Superficie
-1.05,38.8,0,Superficie
-1.05,38.9,0,Superficie
-1.05,39,0,Superficie
-1.05,39.1,0,Superficie
-1.05,39.2,0,Superficie
-1.05,39.3,0,Superficie
-1.05,39.4,0,Superficie
-1.05,39.5,0,Superficie
-1.05,39.6,0,Superficie
-1.05,39.7,0,Superficie
-1.05,39.8,0,Superficie
-1.05,39.9,0,Superficie
-1.05,40,0,Superficie
-1.05,40.1,0,Superficie
-1.05,40.2,0,Superficie
-1.05,40.3,0,Superficie
-1.05,40.4,0,Superficie
-1.05,40.5,0,Superficie
-1.05,40.6,0,Superficie
-1.05,40.7,0,Superficie
-1.05,40.8,0,Superficie
-1.05,40.9,0,Superficie
-1.05,41,0,Superficie
-1.05,41.1,0,Superficie
-1.05,41.2,0,Superficie
-1.05,41.3,0,Superficie
-1.05,41.4,0,Superficie
-1.05,41.5,0,Superficie
-1.05,41.6,0,Superficie
-1.05,41.7,0,Superficie
-1.05,41.8,0,Superficie
-1.05,41.9,0,Superficie
-1.05,42,0,Superficie
-1.05,42.1,0,Superficie
-1.05,42.2,0,Superficie
-1.05,42.3,0,Superficie
-1.05,42.4,0,Superficie
-1.05,42.5,0,Superficie
-1.05,42.6,0,Superficie
-1.05,42.7,0,Superficie
-1.05,42.8,0,Superficie
-1.05,42.9,0,Superficie
-1.05,43,0,Superficie
-1.05,43.1,0,Superficie
-1.05,43.2,0,Superficie
-1.05,43.3,0,Superficie
-1.05,43.4,0,Superficie
-1.05,43.5,0,Superficie
-1.05,43.6,0,Superficie
-1.05,43.7,0,Superficie
-1.05,43.8,0,Superficie
-1.05,43.9,0,Superficie
-1.05,44,0,Superficie
-1.05,44.1,0,Superficie
-1.05,44.2,0,Superficie
-1.05,44.3,0,Superficie
-1.05,44.4,0,Superficie
-1.05,44.5,0,Superficie
-1.05,44.6,0,Superficie
-1.05,44.7,0,Superficie
-1.05,44.8,0,Superficie
-1.05,44.9,0,Superficie
-1.05,45,0,Superficie
-1.05,45.1,0,Superficie
-1.05,45.2,0,Superficie
-1.05,45.3,0,Superficie
-1.05,45.4,0,Superficie
-1.05,45.5,0,Superficie
-1.05,45.6,0,Superficie
-1.05,45.7,0,Superficie
-1.05,45.8,0,Superficie
-1.05,45.9,0,Superficie
-1.05,46,0,Superficie
-1.05,46.1,0,Superficie
-1.05,46.2,0,Superficie
-1.05,46.3,0,Superficie
-1.05,46.4,0,Superficie
-1.05,46.5,0,Superficie
-1.05,46.6,0,Superficie
-1.05,46.7,0,Superficie
-1.05,46.8,0,Superficie
-1.05,46.9,0,Superficie
-1.05,47,0,Superficie
-1.05,47.1,0,Superficie
-1.05,47.2,0,Superficie
-1.05,47.3,0,Superficie
-1.05,47.4,0,Superficie
-1.05,47.5,0,Superficie
-1.05,47.6,0,Superficie
-1.05,47.7,0,Superficie
-1.05,47.8,0,Superficie
-1.05,47.9,0,Superficie
-1.05,48,0,Superficie
-1.05,48.1,0,Superficie
-1.05,48.2,0,Superficie
-1.05,48.3,0,Superficie
-1.05,48.4,0,Superficie
-1.05,48.5,0,Superficie
-1.05,48.6,0,Superficie
-1.05,48.7,0,Superficie
-1.05,48.8,0,Superficie
-1.05,48.9,0,Superficie
-1.05,49,0,Superficie
-1.05,49.1,0,Superficie
-1.05,49.2,0,Superficie
-1.05,49.3,0,Superficie
-1.05,49.4,0,Superficie
-1.05,49.5,0,Superficie
-1.05,49.6,0,Superficie
-1.05,49.7,0,Superficie
-1.05,49.8,0,Superficie
-1.05,49.9,0,Superficie
-1.05,50,0,Superficie
-1.05,50.1,0,Superficie
-1.05,50.2,0,Superficie
-1.05,50.3,0,Superficie
-1.05,50.4,0,Superficie
-1.05,50.5,0,Superficie
-1.05,50.6,0,Superficie
-1.05,50.7,0,Superficie
-1.05,50.8,0,Superficie
-1.05,50.9,0,Superficie
-1.05,51,0,Superficie
-1.05,51.1,0,Superficie
-1.05,51.2,0,Superficie
-1.05,51.3,0,Superficie
-1.05,51.4,0,Superficie
-1.05,51.5,0,Superficie
-1.05,51.6,0,Superficie
-1.05,51.7,0,Superficie
-1.05,51.8,0,Superficie
-1.05,51.9,0,Superficie
-1.05,52,0,Superficie
-1.05,52.1,0,Superficie
-1.05,52.2,0,Superficie
-1.05,52.3,0,Superficie
-1.05,52.4,0,Superficie
-1.05,52.5,0,Superficie
-1.05,52.6,0,Superficie
-1.05,52.7,0,Superficie
-1.05,52.8,0,Superficie
-1.05,52.9,0,Superficie
-1.05,53,0,Superficie
-1.05,53.1,0,Superficie
-1.05,53.2,0,Superficie
-1.05,53.3,0,Superficie
-1.05,53.4,0,Superficie
-1.05,53.5,0,Superficie
-1.05,53.6,0,Superficie
-1.05,53.7,0,Superficie
-1.05,53.8,0,Superficie
-1.05,53.9,0,Superficie
-1.05,54,0,Superficie
-1.05,54.1,0,Superficie
-1.05,54.2,0,Superficie
-1.05,54.3,0,Superficie
-1.05,54.4,0,Superficie
-1.05,54.5,0,Superficie
-1.05,54.6,0,Superficie
-1.05,54.7,0,Superficie
-1.05,54.8,0,Superficie
-1.05,54.9,0,Superficie
-1.05,55,0,Superficie
-1.05,55.1,0,Superficie
-1.05,55.2,0,Superficie
-1.05,55.3,0,Superficie
-1.05,55.4,0,Superficie
-1.05,55.5,0,Superficie
-1.05,55.6,0,Superficie
-1.05,55.7,0,Superficie
-1.05,55.8,0,Superficie
-1.05,55.9,0,Superficie
-1.05,56,0,Superficie
-1.05,56.1,0,Superficie
-1.05,56.2,0,Superficie
-1.05,56.3,0,Superficie
-1.05,56.4,0,Superficie
-1.05,56.5,0,Superficie
-1.05,56.6,0,Superficie
-1.05,56.7,0,Superficie
-1.05,56.8,0,Superficie
-1.05,56.9,0,Superficie
-1.05,57,0,Superficie
-1.05,57.1,0,Superficie
-1.05,57.2,0,Superficie
-1.05,57.3,0,Superficie
-1.05,57.4,0,Superficie
-1.05,57.5,0,Superficie
-1.05,57.6,0,Superficie
-1.05,57.7,0,Superficie
-1.05,57.8,0,Superficie
-1.05,57.9,0,Superficie
-1.05,58,0,Superficie
-1.05,58.1,0,Superficie
-1.05,58.2,0,Superficie
-1.05,58.3,0,Superficie
-1.05,58.4,0,Superficie
-1.05,58.5,0,Superficie
-1.05,58.6,0,Superficie
-1.05,58.7,0,Superficie
-1.05,58.8,0,Superficie
-1.05,58.9,0,Superficie
-1.05,59,0,Superficie
-1.05,59.1,0,Superficie
-1.05,59.2,0,Superficie
-1.05,59.3,0,Superficie
-1.05,59.4,0,Superficie
-1.05,59.5,0,Superficie
-1.05,59.6,0,Superficie
-1.05,59.7,0,Superficie
-1.05,59.8,0,Superficie
-1.05,59.9,0,Superficie
-1.05,60,0,Superficie
-1.05,60.1,0,Superficie
-1.05,60.2,0,Superficie
-1.05,60.3,0,Superficie
-1.05,60.4,0,Superficie
-1.05,60.5,0,Superficie
-1.05,60.6,0,Superficie
-1.05,60.7,0,Superficie
-1.05,60.8,0,Superficie
-1.05,60.9,0,Superficie
-1.05,61,0,Superficie
-1.05,61.1,0,Superficie
-1.05,61.2,0,Superficie
-1.05,61.3,0,Superficie
-1.05,61.4,0,Superficie
-1.05,61.5,0,Superficie
-1.05,61.6,0,Superficie
-1.05,61.7,0,Superficie
-1.05,61.8,0,Superficie
-1.05,61.9,0,Superficie
-1.05,62,0,Superficie
-1.05,62.1,0,Superficie
-1.05,62.2,0,Superficie
-1.05,62.3,0,Superficie
-1.05,62.4,0,Superficie
-1.05,62.5,0,Superficie
-1.05,62.6,0,Superficie
-1.05,62.7,0,Superficie
-1.05,62.8,0,Superficie
-1.05,62.9,0,Superficie
-1.05,63,0,Superficie
-1.05,63.1,0,Superficie
-1.05,63.2,0,Superficie
-1.05,63.3,0,Superficie
-1.05,63.4,0,Superficie
-1.05,63.5,0,Superficie
-1.05,63.6,0,Superficie
-1.05,63.7,0,Superficie
-1.05,63.8,0,Superficie
-1.05,63.9,0,Superficie
-1.05,64,0,Superficie
-1.05,64.1,0,Superficie
-1.05,64.2,0,Superficie
-1.05,64.3,0,Superficie
-1.05,64.4,0,Superficie
-1.05,64.5,0,Superficie
-1.05,64.6,0,Superficie
-1.05,64.7,0,Superficie
-1.05,64.8,0,Superficie
-1.05,64.9,0,Superficie
-1.05,65,0,Superficie
-1.05,65.1,0,Superficie
-1.05,65.2,0,Superficie
-1.05,65.3,0,Superficie
-1.05,65.4,0,Superficie
-1.05,65.5,0,Superficie
-1.05,65.6,0,Superficie
-1.05,65.7,0,Superficie
-1.05,65.8,0,Superficie
-1.05,65.9,0,Superficie
-1.05,66,0,Superficie
-1.05,66.1,0,Superficie
-1.05,66.2,0,Superficie
-1.05,66.3,0,Superficie
-1.05,66.4,0,Superficie
-1.05,66.5,0,Superficie
-1.05,66.6,0,Superficie
-1.05,66.7,0,Superficie
-1.05,66.8,0,Superficie
-1.05,66.9,0,Superficie
-1.05,67,0,Superficie
-1.05,67.1,0,Superficie
-1.05,67.2,0,Superficie
-1.05,67.3,0,Superficie
-1.05,67.4,0,Superficie
-1.05,67.5,0,Superficie
-1.05,67.6,0,Superficie
-1.05,67.7,0,Superficie
-1.05,67.8,0,Superficie
-1.05,67.9,0,Superficie
-1.05,68,0,Superficie
-1.0506,68.1,0,Superficie
-1.0525,68.2,0,Superficie
-1.0556,68.2999,0,Superficie
-1.06,68.3998,0,Superficie
-1.0656,68.4997,0,Superficie
-1.0725,68.5994,0,Superficie
-1.0806,68.6991,0,Superficie
-1.09,68.7987,0,Superficie
-1.1006,68.8981,0,Superficie
-1.1124,68.9974,0,Superficie
-1.1255,69.0965,0,Superficie
-1.1398,69.1955,0,Superficie
-1.1554,69.2943,0,Superficie
-1.1722,69.3929,0,Superficie
-1.1902,69.4912,0,Superficie
-1.2095,69.5894,0,Superficie
-1.2299,69.6872,0,Superficie
-1.2516,69.7849,0,Superficie
-1.2746,69.8822,0,Superficie
-1.2987,69.9792,0,Superficie
-1.324,70.076,0,Superficie
-1.3506,70.1724,0,Superficie
-1.3784,70.2685,0,Superficie
-1.4073,70.3642,0,Superficie
-1.4375,70.4595,0,Superficie
-1.4688,70.5545,0,Superficie
-1.5013,70.649,0,Superficie
-1.535,70.7432,0,Superficie
-1.5699,70.8369,0,Superficie
-1.6059,70.9302,0,Superficie
-1.6432,71.023,0,Superficie
-1.6815,71.1154,0,Superficie
-1.721,71.2072,0,Superficie
-1.7617,71.2986,0,Superficie
-1.8035,71.3894,0,Superficie
-1.8464,71.4797,0,Superficie
-1.8905,71.5695,0,Superficie
-1.9357,71.6587,0,Superficie
-1.982,71.7474,0,Superficie
-2.0294,71.8354,0,Superficie
-2.0778,71.9229,0,Superficie
-2.1274,72.0097,0,Superficie
-2.1781,72.0959,0,Superficie
-2.2298,72.1815,0,Superficie
-2.2826,72.2664,0,Superficie
-2.3365,72.3507,0,Superficie
-2.3914,72.4343,0,Superficie
-2.4473,72.5172,0,Superficie
-2.5043,72.5993,0,Superficie
-2.5623,72.6808,0,Superficie
-2.6213,72.7615,0,Superficie
-2.6814,72.8415,0,Superficie
-2.7424,72.9207,0,Superficie
-2.8044,72.9992,0,Superficie
-2.8673,73.0769,0,Superficie
-2.9313,73.1538,0,Superficie
-2.9962,73.2298,0,Superficie
-3.062,73.3051,0,Superficie
-3.1288,73.3795,0,Superficie
-3.1965,73.4531,0,Superficie
-3.2651,73.5259,0,Superficie
-3.3347,73.5978,0,Superficie
-3.4051,73.6688,0,Superficie
-3.4764,73.7389,0,Superficie
-3.5485,73.8081,0,Superficie
-3.6216,73.8764,0,Superficie
-3.6955,73.9438,0,Superficie
-3.7702,74.0103,0,Superficie
-3.8457,74.0758,0,Superficie
-3.9221,74.1404,0,Superficie
-3.9992,74.204,0,Superficie
-4.0772,74.2666,0,Superficie
-4.1559,74.3283,0,Superficie
-4.2354,74.389,0,Superficie
-4.3156,74.4487,0,Superficie
-4.3966,74.5074,0,Superficie
-4.4783,74.565,0,Superficie
-4.5607,74.6216,0,Superficie
-4.6438,74.6772,0,Superficie
-4.7276,74.7318,0,Superficie
-4.8121,74.7853,0,Superficie
-4.8973,74.8377,0,Superficie
-4.983,74.8891,0,Superficie
-5.0695,74.9394,0,Superficie
-5.1565,74.9886,0,Superficie
-5.2442,75.0367,0,Superficie
-5.3324,75.0838,0,Superficie
-5.4213,75.1297,0,Superficie
-5.5107,75.1745,0,Superficie
-5.6006,75.2182,0,Superficie
-5.6911,75.2607,0,Superficie
-5.7822,75.3021,0,Superficie
-5.8737,75.3424,0,Superficie
-5.9657,75.3815,0,Superficie
-6.0582,75.4195,0,Superficie
-6.1512,75.4563,0,Superficie
-6.2446,75.492,0,Superficie
-6.3385,75.5265,0,Superficie
-6.4328,75.5598,0,Superficie
-6.5275,75.5919,0,Superficie
-6.6226,75.6228,0,Superficie
-6.7181,75.6526,0,Superficie
-6.8139,75.6811,0,Superficie
-6.9101,75.7085,0,Superficie
-7.0066,75.7346,0,Superficie
-7.1034,75.7596,0,Superficie
-7.2006,75.7833,0,Superficie
-7.298,75.8058,0,Superficie
-7.3957,75.8271,0,Superficie
-7.4937,75.8472,0,Superficie
-7.5919,75.866,0,Superficie
-7.6903,75.8836,0,Superficie
-7.789,75.9,0,Superficie
-7.8878,75.9151,0,Superficie
-7.9869,75.929,0,Superficie
-8.0861,75.9417,0,Superficie
-8.1854,75.9531,0,Superficie
-8.2849,75.9633,0,Superficie
-8.3845,75.9723,0,Superficie
-8.4842,75.98,0,Superficie
-8.584,75.9864,0,Superficie
-8.6838,75.9916,0,Superficie
-8.7838,75.9956,0,Superficie
-8.8837,75.9983,0,Superficie
-8.9837,75.9997,0,Superficie
1.05,8,0,Superficie
1.0506,7.9,0,Superficie
1.0525,7.8,0,Superficie
1.0556,7.7001,0,Superficie
1.06,7.6002,0,Superficie
1.0656,7.5003,0,Superficie
1.0725,7.4006,0,Superficie
1.0806,7.3009,0,Superficie
1.09,7.2013,0,Superficie
1.1006,7.1019,0,Superficie
1.1124,7.0026,0,Superficie
1.1255,6.9035,0,Superficie
1.1398,6.8045,0,Superficie
1.1554,6.7057,0,Superficie
1.1722,6.6071,0,Superficie
1.1902,6.5088,0,Superficie
1.2095,6.4106,0,Superficie
1.2299,6.3128,0,Superficie
1.2516,6.2151,0,Superficie
1.2746,6.1178,0,Superficie
1.2987,6.0208,0,Superficie
1.324,5.924,0,Superficie
1.3506,5.8276,0,Superficie
1.3784,5.7315,0,Superficie
1.4073,5.6358,0,Superficie
1.4375,5.5405,0,Superficie
1.4688,5.4455,0,Superficie
1.5013,5.351,0,Superficie
1.535,5.2568,0,Superficie
1.5699,5.1631,0,Superficie
1.6059,5.0698,0,Superficie
1.6432,4.977,0,Superficie
1.6815,4.8846,0,Superficie
1.721,4.7928,0,Superficie
1.7617,4.7014,0,Superficie
1.8035,4.6106,0,Superficie
1.8464,4.5203,0,Superficie
1.8905,4.4305,0,Superficie
1.9357,4.3413,0,Superficie
1.982,4.2526,0,Superficie
2.0294,4.1646,0,Superficie
2.0778,4.0771,0,Superficie
2.1274,3.9903,0,Superficie
2.1781,3.9041,0,Superficie
2.2298,3.8185,0,Superficie
2.2826,3.7336,0,Superficie
2.3365,3.6493,0,Superficie
2.3914,3.5657,0,Superficie
2.4473,3.4828,0,Superficie
2.5043,3.4007,0,Superficie
2.5623,3.3192,0,Superficie
2.6213,3.2385,0,Superficie
2.6814,3.1585,0,Superficie
2.7424,3.0793,0,Superficie
2.8044,3.0008,0,Superficie
2.8673,2.9231,0,Superficie
2.9313,2.8462,0,Superficie
2.9962,2.7702,0,Superficie
3.062,2.6949,0,Superficie
3.1288,2.6205,0,Superficie
3.1965,2.5469,0,Superficie
3.2651,2.4741,0,Superficie
3.3347,2.4022,0,Superficie
3.4051,2.3312,0,Superficie
3.4764,2.2611,0,Superficie
3.5485,2.1919,0,Superficie
3.6216,2.1236,0,Superficie
3.6955,2.0562,0,Superficie
3.7702,1.9897,0,Superficie
3.8457,1.9242,0,Superficie
3.9221,1.8596,0,Superficie
3.9992,1.796,0,Superficie
4.0772,1.7334,0,Superficie
4.1559,1.6717,0,Superficie
4.2354,1.611,0,Superficie
4.3156,1.5513,0,Superficie
4.3966,1.4926,0,Superficie
4.4783,1.435,0,Superficie
4.5607,1.3784,0,Superficie
4.6438,1.3228,0,Superficie
4.7276,1.2682,0,Superficie
4.8121,1.2147,0,Superficie
4.8973,1.1623,0,Superficie
4.983,1.1109,0,Superficie
5.0695,1.0606,0,Superficie
5.1565,1.0114,0,Superficie
5.2442,0.96325,0,Superficie
5.3324,0.91623,0,Superficie
5.4213,0.87032,0,Superficie
5.5107,0.82551,0,Superficie
5.6006,0.78183,0,Superficie
5.6911,0.73928,0,Superficie
5.7822,0.69786,0,Superficie
5.8737,0.65759,0,Superficie
5.9657,0.61846,0,Superficie
6.0582,0.58048,0,Superficie
6.1512,0.54366,0,Superficie
6.2446,0.50801,0,Superficie
6.3385,0.47353,0,Superficie
6.4328,0.44023,0,Superficie
6.5275,0.4081,0,Superficie
6.6226,0.37716,0,Superficie
6.7181,0.34742,0,Superficie
6.8139,0.31887,0,Superficie
6.9101,0.29152,0,Superficie
7.0066,0.26537,0,Superficie
7.1034,0.24043,0,Superficie
7.2006,0.21671,0,Superficie
7.298,0.1942,0,Superficie
7.3957,0.17291,0,Superficie
7.4937,0.15284,0,Superficie
7.5919,0.134,0,Superficie
7.6903,0.11639,0,Superficie
7.789,0.10001,0,Superficie
7.8878,0.084865,0,Superficie
7.9869,0.070957,0,Superficie
8.0861,0.058287,0,Superficie
8.1854,0.046858,0,Superficie
8.2849,0.036672,0,Superficie
8.3845,0.027731,0,Superficie
8.4842,0.020035,0,Superficie
8.584,0.013585,0,Superficie
8.6838,0.0083841,0,Superficie
8.7838,0.0044315,0,Superficie
8.8837,0.0017282,0,Superficie
8.9837,0.00027464,0,Superficie
1.05,8,0,Indentador
1.05,8.1,0,Indentador
1.05,8.2,0,Indentador
1.05,8.3,0,Indentador
1.05,8.4,0,Indentador
1.05,8.5,0,Indentador
1.05,8.6,0,Indentador
1.05,8.7,0,Indentador
1.05,8.8,0,Indentador
1.05,8.9,0,Indentador
1.05,9,0,Indentador
1.05,9.1,0,Indentador
1.05,9.2,0,Indentador
1.05,9.3,0,Indentador
1.05,9.4,0,Indentador
1.05,9.5,0,Indentador
1.05,9.6,0,Indentador
1.05,9.7,0,Indentador
1.05,9.8,0,Indentador
1.05,9.9,0,Indentador
1.05,10,0,Indentador
1.05,10.1,0,Indentador
1.05,10.2,0,Indentador
1.05,10.3,0,Indentador
1.05,10.4,0,Indentador
1.05,10.5,0,Indentador
1.05,10.6,0,Indentador
1.05,10.7,0,Indentador
1.05,10.8,0,Indentador
1.05,10.9,0,Indentador
1.05,11,0,Indentador
1.05,11.1,0,Indentador
1.05,11.2,0,Indentador
1.05,11.3,0,Indentador
1.05,11.4,0,Indentador
1.05,11.5,0,Indentador
1.05,11.6,0,Indentador
1.05,11.7,0,Indentador
1.05,11.8,0,Indentador
1.05,11.9,0,Indentador
1.05,12,0,Indentador
1.05,12.1,0,Indentador
1.05,12.2,0,Indentador
1.05,12.3,0,Indentador
1.05,12.4,0,Indentador
1.05,12.5,0,Indentador
1.05,12.6,0,Indentador
1.05,12.7,0,Indentador
1.05,12.8,0,Indentador
1.05,12.9,0,Indentador
1.05,13,0,Indentador
1.05,13.1,0,Indentador
1.05,13.2,0,Indentador
1.05,13.3,0,Indentador
1.05,13.4,0,Indentador
1.05,13.5,0,Indentador
1.05,13.6,0,Indentador
1.05,13.7,0,Indentador
1.05,13.8,0,Indentador
1.05,13.9,0,Indentador
1.05,14,0,Indentador
1.05,14.1,0,Indentador
1.05,14.2,0,Indentador
1.05,14.3,0,Indentador
1.05,14.4,0,Indentador
1.05,14.5,0,Indentador
1.05,14.6,0,Indentador
1.05,14.7,0,Indentador
1.05,14.8,0,Indentador
1.05,14.9,0,Indentador
1.05,15,0,Indentador
1.05,15.1,0,Indentador
1.05,15.2,0,Indentador
1.05,15.3,0,Indentador
1.05,15.4,0,Indentador
1.05,15.5,0,Indentador
1.05,15.6,0,Indentador
1.05,15.7,0,Indentador
1.05,15.8,0,Indentador
1.05,15.9,0,Indentador
1.05,16,0,Indentador
1.05,16.1,0,Indentador
1.05,16.2,0,Indentador
1.05,16.3,0,Indentador
1.05,16.4,0,Indentador
1.05,16.5,0,Indentador
1.05,16.6,0,Indentador
1.05,16.7,0,Indentador
1.05,16.8,0,Indentador
1.05,16.9,0,Indentador
1.05,17,0,Indentador
1.05,17.1,0,Indentador
1.05,17.2,0,Indentador
1.05,17.3,0,Indentador
1.05,17.4,0,Indentador
1.05,17.5,0,Indentador
1.05,17.6,0,Indentador
1.05,17.7,0,Indentador
1.05,17.8,0,Indentador
1.05,17.9,0,Indentador
1.05,18,0,Indentador
1.05,18.1,0,Indentador
1.05,18.2,0,Indentador
1.05,18.3,0,Indentador
1.05,18.4,0,Indentador
1.05,18.5,0,Indentador
1.05,18.6,0,Indentador
1.05,18.7,0,Indentador
1.05,18.8,0,Indentador
1.05,18.9,0,Indentador
1.05,19,0,Indentador
1.05,19.1,0,Indentador
1.05,19.2,0,Indentador
1.05,19.3,0,Indentador
1.05,19.4,0,Indentador
1.05,19.5,0,Indentador
1.05,19.6,0,Indentador
1.05,19.7,0,Indentador
1.05,19.8,0,Indentador
1.05,19.9,0,Indentador
1.05,20,0,Indentador
1.05,20.1,0,Indentador
1.05,20.2,0,Indentador
1.05,20.3,0,Indentador
1.05,20.4,0,Indentador
1.05,20.5,0,Indentador
1.05,20.6,0,Indentador
1.05,20.7,0,Indentador
1.05,20.8,0,Indentador
1.05,20.9,0,Indentador
1.05,21,0,Indentador
1.05,21.1,0,Indentador
1.05,21.2,0,Indentador
1.05,21.3,0,Indentador
1.05,21.4,0,Indentador
1.05,21.5,0,Indentador
1.05,21.6,0,Indentador
1.05,21.7,0,Indentador
1.05,21.8,0,Indentador
1.05,21.9,0,Indentador
1.05,22,0,Indentador
1.05,22.1,0,Indentador
1.05,22.2,0,Indentador
1.05,22.3,0,Indentador
1.05,22.4,0,Indentador
1.05,22.5,0,Indentador
1.05,22.6,0,Indentador
1.05,22.7,0,Indentador
1.05,22.8,0,Indentador
1.05,22.9,0,Indentador
1.05,23,0,Indentador
1.05,23.1,0,Indentador
1.05,23.2,0,Indentador
1.05,23.3,0,Indentador
1.05,23.4,0,Indentador
1.05,23.5,0,Indentador
1.05,23.6,0,Indentador
1.05,23.7,0,Indentador
1.05,23.8,0,Indentador
1.05,23.9,0,Indentador
1.05,24,0,Indentador
1.05,24.1,0,Indentador
1.05,24.2,0,Indentador
1.05,24.3,0,Indentador
1.05,24.4,0,Indentador
1.05,24.5,0,Indentador
1.05,24.6,0,Indentador
1.05,24.7,0,Indentador
1.05,24.8,0,Indentador
1.05,24.9,0,Indentador
1.05,25,0,Indentador
1.05,25.1,0,Indentador
1.05,25.2,0,Indentador
1.05,25.3,0,Indentador
1.05,25.4,0,Indentador
1.05,25.5,0,Indentador
1.05,25.6,0,Indentador
1.05,25.7,0,Indentador
1.05,25.8,0,Indentador
1.05,25.9,0,Indentador
1.05,26,0,Indentador
1.05,26.1,0,Indentador
1.05,26.2,0,Indentador
1.05,26.3,0,Indentador
1.05,26.4,0,Indentador
1.05,26.5,0,Indentador
1.05,26.6,0,Indentador
1.05,26.7,0,Indentador
1.05,26.8,0,Indentador
1.05,26.9,0,Indentador
1.05,27,0,Indentador
1.05,27.1,0,Indentador
1.05,27.2,0,Indentador
1.05,27.3,0,Indentador
1.05,27.4,0,Indentador
1.05,27.5,0,Indentador
1.05,27.6,0,Indentador
1.05,27.7,0,Indentador
1.05,27.8,0,Indentador
1.05,27.9,0,Indentador
1.05,28,0,Indentador
1.05,28.1,0,Indentador
1.05,28.2,0,Indentador
1.05,28.3,0,Indentador
1.05,28.4,0,Indentador
1.05,28.5,0,Indentador
1.05,28.6,0,Indentador
1.05,28.7,0,Indentador
1.05,28.8,0,Indentador
1.05,28.9,0,Indentador
1.05,29,0,Indentador
1.05,29.1,0,Indentador
1.05,29.2,0,Indentador
1.05,29.3,0,Indentador
1.05,29.4,0,Indentador
1.05,29.5,0,Indentador
1.05,29.6,0,Indentador
1.05,29.7,0,Indentador
1.05,29.8,0,Indentador
1.05,29.9,0,Indentador
1.05,30,0,Indentador
1.05,30.1,0,Indentador
1.05,30.2,0,Indentador
1.05,30.3,0,Indentador
1.05,30.4,0,Indentador
1.05,30.5,0,Indentador
1.05,30.6,0,Indentador
1.05,30.7,0,Indentador
1.05,30.8,0,Indentador
1.05,30.9,0,Indentador
1.05,31,0,Indentador
1.05,31.1,0,Indentador
1.05,31.2,0,Indentador
1.05,31.3,0,Indentador
1.05,31.4,0,Indentador
1.05,31.5,0,Indentador
1.05,31.6,0,Indentador
1.05,31.7,0,Indentador
1.05,31.8,0,Indentador
1.05,31.9,0,Indentador
1.05,32,0,Indentador
1.05,32.1,0,Indentador
1.05,32.2,0,Indentador
1.05,32.3,0,Indentador
1.05,32.4,0,Indentador
1.05,32.5,0,Indentador
1.05,32.6,0,Indentador
1.05,32.7,0,Indentador
1.05,32.8,0,Indentador
1.05,32.9,0,Indentador
1.05,33,0,Indentador
1.05,33.1,0,Indentador
1.05,33.2,0,Indentador
1.05,33.3,0,Indentador
1.05,33.4,0,Indentador
1.05,33.5,0,Indentador
1.05,33.6,0,Indentador
1.05,33.7,0,Indentador
1.05,33.8,0,Indentador
1.05,33.9,0,Indentador
1.05,34,0,Indentador
1.05,34.1,0,Indentador
1.05,34.2,0,Indentador
1.05,34.3,0,Indentador
1.05,34.4,0,Indentador
1.05,34.5,0,Indentador
1.05,34.6,0,Indentador
1.05,34.7,0,Indentador
1.05,34.8,0,Indentador
1.05,34.9,0,Indentador
1.05,35,0,Indentador
1.05,35.1,0,Indentador
1.05,35.2,0,Indentador
1.05,35.3,0,Indentador
1.05,35.4,0,Indentador
1.05,35.5,0,Indentador
1.05,35.6,0,Indentador
1.05,35.7,0,Indentador
1.05,35.8,0,Indentador
1.05,35.9,0,Indentador
1.05,36,0,Indentador
1.05,36.1,0,Indentador
1.05,36.2,0,Indentador
1.05,36.3,0,Indentador
1.05,36.4,0,Indentador
1.05,36.5,0,Indentador
1.05,36.6,0,Indentador
1.05,36.7,0,Indentador
1.05,36.8,0,Indentador
1.05,36.9,0,Indentador
1.05,37,0,Indentador
1.05,37.1,0,Indentador
1.05,37.2,0,Indentador
1.05,37.3,0,Indentador
1.05,37.4,0,Indentador
1.05,37.5,0,Indentador
1.05,37.6,0,Indentador
1.05,37.7,0,Indentador
1.05,37.8,0,Indentador
1.05,37.9,0,Indentador
1.05,38,0,Indentador
1.05,38.1,0,Indentador
1.05,38.2,0,Indentador
1.05,38.3,0,Indentador
1.05,38.4,0,Indentador
1.05,38.5,0,Indentador
1.05,38.6,0,Indentador
1.05,38.7,0,Indentador
1.05,38.8,0,Indentador
1.05,38.9,0,Indentador
1.05,39,0,Indentador
1.05,39.1,0,Indentador
1.05,39.2,0,Indentador
1.05,39.3,0,Indentador
1.05,39.4,0,Indentador
1.05,39.5,0,Indentador
1.05,39.6,0,Indentador
1.05,39.7,0,Indentador
1.05,39.8,0,Indentador
1.05,39.9,0,Indentador
1.05,40,0,Indentador
1.05,40.1,0,Indentador
1.05,40.2,0,Indentador
1.05,40.3,0,Indentador
1.05,40.4,0,Indentador
1.05,40.5,0,Indentador
1.05,40.6,0,Indentador
1.05,40.7,0,Indentador
1.05,40.8,0,Indentador
1.05,40.9,0,Indentador
1.05,41,0,Indentador
1.05,41.1,0,Indentador
1.05,41.2,0,Indentador
1.05,41.3,0,Indentador
1.05,41.4,0,Indentador
1.05,41.5,0,Indentador
1.05,41.6,0,Indentador
1.05,41.7,0,Indentador
1.05,41.8,0,Indentador
1.05,41.9,0,Indentador
1.05,42,0,Indentador
1.05,42.1,0,Indentador
1.05,42.2,0,Indentador
1.05,42.3,0,Indentador
1.05,42.4,0,Indentador
1.05,42.5,0,Indentador
1.05,42.6,0,Indentador
1.05,42.7,0,Indentador
1.05,42.8,0,Indentador
1.05,42.9,0,Indentador
1.05,43,0,Indentador
1.05,43.1,0,Indentador
1.05,43.2,0,Indentador
1.05,43.3,0,Indentador
1.05,43.4,0,Indentador
1.05,43.5,0,Indentador
1.05,43.6,0,Indentador
1.05,43.7,0,Indentador
1.05,43.8,0,Indentador
1.05,43.9,0,Indentador
1.05,44,0,Indentador
1.05,44.1,0,Indentador
1.05,44.2,0,Indentador
1.05,44.3,0,Indentador
1.05,44.4,0,Indentador
1.05,44.5,0,Indentador
1.05,44.6,0,Indentador
1.05,44.7,0,Indentador
1.05,44.8,0,Indentador
1.05,44.9,0,Indentador
1.05,45,0,Indentador
1.05,45.1,0,Indentador
1.05,45.2,0,Indentador
1.05,45.3,0,Indentador
1.05,45.4,0,Indentador
1.05,45.5,0,Indentador
1.05,45.6,0,Indentador
1.05,45.7,0,Indentador
1.05,45.8,0,Indentador
1.05,45.9,0,Indentador
1.05,46,0,Indentador
1.05,46.1,0,Indentador
1.05,46.2,0,Indentador
1.05,46.3,0,Indentador
1.05,46.4,0,Indentador
1.05,46.5,0,Indentador
1.05,46.6,0,Indentador
1.05,46.7,0,Indentador
1.05,46.8,0,Indentador
1.05,46.9,0,Indentador
1.05,47,0,Indentador
1.05,47.1,0,Indentador
1.05,47.2,0,Indentador
1.05,47.3,0,Indentador
1.05,47.4,0,Indentador
1.05,47.5,0,Indentador
1.05,47.6,0,Indentador
1.05,47.7,0,Indentador
1.05,47.8,0,Indentador
1.05,47.9,0,Indentador
1.05,48,0,Indentador
1.05,48.1,0,Indentador
1.05,48.2,0,Indentador
1.05,48.3,0,Indentador
1.05,48.4,0,Indentador
1.05,48.5,0,Indentador
1.05,48.6,0,Indentador
1.05,48.7,0,Indentador
1.05,48.8,0,Indentador
1.05,48.9,0,Indentador
1.05,49,0,Indentador
1.05,49.1,0,Indentador
1.05,49.2,0,Indentador
1.05,49.3,0,Indentador
1.05,49.4,0,Indentador
1.05,49.5,0,Indentador
1.05,49.6,0,Indentador
1.05,49.7,0,Indentador
1.05,49.8,0,Indentador
1.05,49.9,0,Indentador
1.05,50,0,Indentador
1.05,50.1,0,Indentador
1.05,50.2,0,Indentador
1.05,50.3,0,Indentador
1.05,50.4,0,Indentador
1.05,50.5,0,Indentador
1.05,50.6,0,Indentador
1.05,50.7,0,Indentador
1.05,50.8,0,Indentador
1.05,50.9,0,Indentador
1.05,51,0,Indentador
1.05,51.1,0,Indentador
1.05,51.2,0,Indentador
1.05,51.3,0,Indentador
1.05,51.4,0,Indentador
1.05,51.5,0,Indentador
1.05,51.6,0,Indentador
1.05,51.7,0,Indentador
1.05,51.8,0,Indentador
1.05,51.9,0,Indentador
1.05,52,0,Indentador
1.05,52.1,0,Indentador
1.05,52.2,0,Indentador
1.05,52.3,0,Indentador
1.05,52.4,0,Indentador
1.05,52.5,0,Indentador
1.05,52.6,0,Indentador
1.05,52.7,0,Indentador
1.05,52.8,0,Indentador
1.05,52.9,0,Indentador
1.05,53,0,Indentador
1.05,53.1,0,Indentador
1.05,53.2,0,Indentador
1.05,53.3,0,Indentador
1.05,53.4,0,Indentador
1.05,53.5,0,Indentador
1.05,53.6,0,Indentador
1.05,53.7,0,Indentador
1.05,53.8,0,Indentador
1.05,53.9,0,Indentador
1.05,54,0,Indentador
1.05,54.1,0,Indentador
1.05,54.2,0,Indentador
1.05,54.3,0,Indentador
1.05,54.4,0,Indentador
1.05,54.5,0,Indentador
1.05,54.6,0,Indentador
1.05,54.7,0,Indentador
1.05,54.8,0,Indentador
1.05,54.9,0,Indentador
1.05,55,0,Indentador
1.05,55.1,0,Indentador
1.05,55.2,0,Indentador
1.05,55.3,0,Indentador
1.05,55.4,0,Indentador
1.05,55.5,0,Indentador
1.05,55.6,0,Indentador
1.05,55.7,0,Indentador
1.05,55.8,0,Indentador
1.05,55.9,0,Indentador
1.05,56,0,Indentador
1.05,56.1,0,Indentador
1.05,56.2,0,Indentador
1.05,56.3,0,Indentador
1.05,56.4,0,Indentador
1.05,56.5,0,Indentador
1.05,56.6,0,Indentador
1.05,56.7,0,Indentador
1.05,56.8,0,Indentador
1.05,56.9,0,Indentador
1.05,57,0,Indentador
1.05,57.1,0,Indentador
1.05,57.2,0,Indentador
1.05,57.3,0,Indentador
1.05,57.4,0,Indentador
1.05,57.5,0,Indentador
1.05,57.6,0,Indentador
1.05,57.7,0,Indentador
1.05,57.8,0,Indentador
1.05,57.9,0,Indentador
1.05,58,0,Indentador
1.05,58.1,0,Indentador
1.05,58.2,0,Indentador
1.05,58.3,0,Indentador
1.05,58.4,0,Indentador
1.05,58.5,0,Indentador
1.05,58.6,0,Indentador
1.05,58.7,0,Indentador
1.05,58.8,0,Indentador
1.05,58.9,0,Indentador
1.05,59,0,Indentador
1.05,59.1,0,Indentador
1.05,59.2,0,Indentador
1.05,59.3,0,Indentador
1.05,59.4,0,Indentador
1.05,59.5,0,Indentador
1.05,59.6,0,Indentador
1.05,59.7,0,Indentador
1.05,59.8,0,Indentador
1.05,59.9,0,Indentador
1.05,60,0,Indentador
1.05,60.1,0,Indentador
1.05,60.2,0,Indentador
1.05,60.3,0,Indentador
1.05,60.4,0,Indentador
1.05,60.5,0,Indentador
1.05,60.6,0,Indentador
1.05,60.7,0,Indentador
1.05,60.8,0,Indentador
1.05,60.9,0,Indentador
1.05,61,0,Indentador
1.05,61.1,0,Indentador
1.05,61.2,0,Indentador
1.05,61.3,0,Indentador
1.05,61.4,0,Indentador
1.05,61.5,0,Indentador
1.05,61.6,0,Indentador
1.05,61.7,0,Indentador
1.05,61.8,0,Indentador
1.05,61.9,0,Indentador
1.05,62,0,Indentador
1.05,62.1,0,Indentador
1.05,62.2,0,Indentador
1.05,62.3,0,Indentador
1.05,62.4,0,Indentador
1.05,62.5,0,Indentador
1.05,62.6,0,Indentador
1.05,62.7,0,Indentador
1.05,62.8,0,Indentador
1.05,62.9,0,Indentador
1.05,63,0,Indentador
1.05,63.1,0,Indentador
1.05,63.2,0,Indentador
1.05,63.3,0,Indentador
1.05,63.4,0,Indentador
1.05,63.5,0,Indentador
1.05,63.6,0,Indentador
1.05,63.7,0,Indentador
1.05,63.8,0,Indentador
1.05,63.9,0,Indentador
1.05,64,0,Indentador
1.05,64.1,0,Indentador
1.05,64.2,0,Indentador
1.05,64.3,0,Indentador
1.05,64.4,0,Indentador
1.05,64.5,0,Indentador
1.05,64.6,0,Indentador
1.05,64.7,0,Indentador
1.05,64.8,0,Indentador
1.05,64.9,0,Indentador
1.05,65,0,Indentador
1.05,65.1,0,Indentador
1.05,65.2,0,Indentador
1.05,65.3,0,Indentador
1.05,65.4,0,Indentador
1.05,65.5,0,Indentador
1.05,65.6,0,Indentador
1.05,65.7,0,Indentador
1.05,65.8,0,Indentador
1.05,65.9,0,Indentador
1.05,66,0,Indentador
1.05,66.1,0,Indentador
1.05,66.2,0,Indentador
1.05,66.3,0,Indentador
1.05,66.4,0,Indentador
1.05,66.5,0,Indentador
1.05,66.6,0,Indentador
1.05,66.7,0,Indentador
1.05,66.8,0,Indentador
1.05,66.9,0,Indentador
1.05,67,0,Indentador
1.05,67.1,0,Indentador
1.05,67.2,0,Indentador
1.05,67.3,0,Indentador
1.05,67.4,0,Indentador
1.05,67.5,0,Indentador
1.05,67.6,0,Indentador
1.05,67.7,0,Indentador
1.05,67.8,0,Indentador
1.05,67.9,0,Indentador
1.05,68,0,Superficie
1.0506,68.1,0,Superficie
1.0525,68.2,0,Superficie
1.0556,68.2999,0,Superficie
1.06,68.3998,0,Superficie
1.0656,68.4997,0,Superficie
1.0725,68.5994,0,Superficie
1.0806,68.6991,0,Superficie
1.09,68.7987,0,Superficie
1.1006,68.8981,0,Superficie
1.1124,68.9974,0,Superficie
1.1255,69.0965,0,Superficie
1.1398,69.1955,0,Superficie
1.1554,69.2943,0,Superficie
1.1722,69.3929,0,Superficie
1.1902,69.4912,0,Superficie
1.2095,69.5894,0,Superficie
1.2299,69.6872,0,Superficie
1.2516,69.7849,0,Superficie
1.2746,69.8822,0,Superficie
1.2987,69.9792,0,Superficie
1.324,70.076,0,Superficie
1.3506,70.1724,0,Superficie
1.3784,70.2685,0,Superficie
1.4073,70.3642,0,Superficie
1.4375,70.4595,0,Superficie
1.4688,70.5545,0,Superficie
1.5013,70.649,0,Superficie
1.535,70.7432,0,Superficie
1.5699,70.8369,0,Superficie
1.6059,70.9302,0,Superficie
1.6432,71.023,0,Superficie
1.6815,71.1154,0,Superficie
1.721,71.2072,0,Superficie
1.7617,71.2986,0,Superficie
1.8035,71.3894,0,Superficie
1.8464,71.4797,0,Superficie
1.8905,71.5695,0,Superficie
1.9357,71.6587,0,Superficie
1.982,71.7474,0,Superficie
2.0294,71.8354,0,Superficie
2.0778,71.9229,0,Superficie
2.1274,72.0097,0,Superficie
2.1781,72.0959,0,Superficie
2.2298,72.1815,0,Superficie
2.2826,72.2664,0,Superficie
2.3365,72.3507,0,Superficie
2.3914,72.4343,0,Superficie
2.4473,72.5172,0,Superficie
2.5043,72.5993,0,Superficie
2.5623,72.6808,0,Superficie
2.6213,72.7615,0,Superficie
2.6814,72.8415,0,Superficie
2.7424,72.9207,0,Superficie
2.8044,72.9992,0,Superficie
2.8673,73.0769,0,Superficie
2.9313,73.1538,0,Superficie
2.9962,73.2298,0,Superficie
3.062,73.3051,0,Superficie
3.1288,73.3795,0,Superficie
3.1965,73.4531,0,Superficie
3.2651,73.5259,0,Superficie
3.3347,73.5978,0,Superficie
3.4051,73.6688,0,Superficie
3.4764,73.7389,0,Superficie
3.5485,73.8081,0,Superficie
3.6216,73.8764,0,Superficie
3.6955,73.9438,0,Superficie
3.7702,74.0103,0,Superficie
3.8457,74.0758,0,Superficie
3.9221,74.1404,0,Superficie
3.9992,74.204,0,Superficie
4.0772,74.2666,0,Superficie
4.1559,74.3283,0,Superficie
4.2354,74.389,0,Superficie
4.3156,74.4487,0,Superficie
4.3966,74.5074,0,Superficie
4.4783,74.565,0,Superficie
4.5607,74.6216,0,Superficie
4.6438,74.6772,0,Superficie
4.7276,74.7318,0,Superficie
4.8121,74.7853,0,Superficie
4.8973,74.8377,0,Superficie
4.983,74.8891,0,Superficie
5.0695,74.9394,0,Superficie
5.1565,74.9886,0,Superficie
5.2442,75.0367,0,Superficie
5.3324,75.0838,0,Superficie
5.4213,75.1297,0,Superficie
5.5107,75.1745,0,Superficie
5.6006,75.2182,0,Superficie
5.6911,75.2607,0,Superficie
5.7822,75.3021,0,Superficie
5.8737,75.3424,0,Superficie
5.9657,75.3815,0,Superficie
6.0582,75.4195,0,Superficie
6.1512,75.4563,0,Superficie
6.2446,75.492,0,Superficie
6.3385,75.5265,0,Superficie
6.4328,75.5598,0,Superficie
6.5275,75.5919,0,Superficie
6.6226,75.6228,0,Superficie
6.7181,75.6526,0,Superficie
6.8139,75.6811,0,Superficie
6.9101,75.7085,0,Superficie
7.0066,75.7346,0,Superficie
7.1034,75.7596,0,Superficie
7.2006,75.7833,0,Superficie
7.298,75.8058,0,Superficie
7.3957,75.8271,0,Superficie
7.4937,75.8472,0,Superficie
7.5919,75.866,0,Superficie
7.6903,75.8836,0,Superficie
7.789,75.9,0,Superficie
7.8878,75.9151,0,Superficie
7.9869,75.929,0,Superficie
8.0861,75.9417,0,Superficie
8.1854,75.9531,0,Superficie
8.2849,75.9633,0,Superficie
8.3845,75.9723,0,Superficie
8.4842,75.98,0,Superficie
8.584,75.9864,0,Superficie
8.6838,75.9916,0,Superficie
8.7838,75.9956,0,Superficie
8.8837,75.9983,0,Superficie
8.9837,75.9997,0,Superficie
